close,symbol,date
625.257080078125,HDFCBANK.NS,2022-05-20
617.2340698242188,HDFCBANK.NS,2022-05-23
624.3104858398438,HDFCBANK.NS,2022-05-24
628.9728393554688,HDFCBANK.NS,2022-05-25
646.912353515625,HDFCBANK.NS,2022-05-26
658.9115600585938,HDFCBANK.NS,2022-05-27
663.4082641601562,HDFCBANK.NS,2022-05-30
657.4441528320312,HDFCBANK.NS,2022-05-31
660.2368774414062,HDFCBANK.NS,2022-06-01
655.621826171875,HDFCBANK.NS,2022-06-02
653.349853515625,HDFCBANK.NS,2022-06-03
652.47412109375,HDFCBANK.NS,2022-06-06
644.9716796875,HDFCBANK.NS,2022-06-07
647.2437133789062,HDFCBANK.NS,2022-06-08
652.1190795898438,HDFCBANK.NS,2022-06-09
639.5283203125,HDFCBANK.NS,2022-06-10
627.9315185546875,HDFCBANK.NS,2022-06-13
621.020751953125,HDFCBANK.NS,2022-06-14
618.8670043945312,HDFCBANK.NS,2022-06-15
606.4893188476562,HDFCBANK.NS,2022-06-16
610.4889526367188,HDFCBANK.NS,2022-06-17
625.8251953125,HDFCBANK.NS,2022-06-20
632.6412963867188,HDFCBANK.NS,2022-06-21
629.6592407226562,HDFCBANK.NS,2022-06-22
631.9785766601562,HDFCBANK.NS,2022-06-23
640.8063354492188,HDFCBANK.NS,2022-06-24
641.9660034179688,HDFCBANK.NS,2022-06-27
637.0669555664062,HDFCBANK.NS,2022-06-28
636.1439208984375,HDFCBANK.NS,2022-06-29
638.06103515625,HDFCBANK.NS,2022-06-30
640.7826538085938,HDFCBANK.NS,2022-07-01
641.6820068359375,HDFCBANK.NS,2022-07-04
640.23828125,HDFCBANK.NS,2022-07-05
649.0661010742188,HDFCBANK.NS,2022-07-06
660.6865844726562,HDFCBANK.NS,2022-07-07
661.3018798828125,HDFCBANK.NS,2022-07-08
665.5855712890625,HDFCBANK.NS,2022-07-11
658.7931518554688,HDFCBANK.NS,2022-07-12
642.723388671875,HDFCBANK.NS,2022-07-13
639.504638671875,HDFCBANK.NS,2022-07-14
644.71142578125,HDFCBANK.NS,2022-07-15
637.8479614257812,HDFCBANK.NS,2022-07-18
638.0846557617188,HDFCBANK.NS,2022-07-19
646.1314086914062,HDFCBANK.NS,2022-07-20
644.0960693359375,HDFCBANK.NS,2022-07-21
659.1245727539062,HDFCBANK.NS,2022-07-22
661.0652465820312,HDFCBANK.NS,2022-07-25
659.7161865234375,HDFCBANK.NS,2022-07-26
664.75732421875,HDFCBANK.NS,2022-07-27
670.650390625,HDFCBANK.NS,2022-07-28
678.86279296875,HDFCBANK.NS,2022-07-29
684.5192260742188,HDFCBANK.NS,2022-08-01
676.9930419921875,HDFCBANK.NS,2022-08-02
678.5787963867188,HDFCBANK.NS,2022-08-03
677.774169921875,HDFCBANK.NS,2022-08-04
675.4783935546875,HDFCBANK.NS,2022-08-05
692.0453491210938,HDFCBANK.NS,2022-08-08
694.0569458007812,HDFCBANK.NS,2022-08-10
703.23974609375,HDFCBANK.NS,2022-08-11
702.9794311523438,HDFCBANK.NS,2022-08-12
711.0261840820312,HDFCBANK.NS,2022-08-16
714.694580078125,HDFCBANK.NS,2022-08-17
715.5465698242188,HDFCBANK.NS,2022-08-18
706.7188110351562,HDFCBANK.NS,2022-08-19
695.9739990234375,HDFCBANK.NS,2022-08-22
693.8203125,HDFCBANK.NS,2022-08-23
697.1572875976562,HDFCBANK.NS,2022-08-24
693.3706665039062,HDFCBANK.NS,2022-08-25
693.4889526367188,HDFCBANK.NS,2022-08-26
681.3241577148438,HDFCBANK.NS,2022-08-29
703.4290161132812,HDFCBANK.NS,2022-08-30
696.8259887695312,HDFCBANK.NS,2022-09-01
703.1450805664062,HDFCBANK.NS,2022-09-02
707.6654663085938,HDFCBANK.NS,2022-09-05
704.9673461914062,HDFCBANK.NS,2022-09-06
701.6304931640625,HDFCBANK.NS,2022-09-07
708.8724365234375,HDFCBANK.NS,2022-09-08
709.3458251953125,HDFCBANK.NS,2022-09-09
706.9554443359375,HDFCBANK.NS,2022-09-12
716.2091674804688,HDFCBANK.NS,2022-09-13
723.569580078125,HDFCBANK.NS,2022-09-14
719.8065795898438,HDFCBANK.NS,2022-09-15
706.5767211914062,HDFCBANK.NS,2022-09-16
711.2391357421875,HDFCBANK.NS,2022-09-19
719.8065795898438,HDFCBANK.NS,2022-09-20
718.6942749023438,HDFCBANK.NS,2022-09-21
703.3817749023438,HDFCBANK.NS,2022-09-22
684.5192260742188,HDFCBANK.NS,2022-09-23
675.2890625,HDFCBANK.NS,2022-09-26
669.2303466796875,HDFCBANK.NS,2022-09-27
657.7282104492188,HDFCBANK.NS,2022-09-28
654.3201904296875,HDFCBANK.NS,2022-09-29
672.7802734375,HDFCBANK.NS,2022-09-30
668.9226684570312,HDFCBANK.NS,2022-10-03
687.7615356445312,HDFCBANK.NS,2022-10-04
680.1881103515625,HDFCBANK.NS,2022-10-06
677.2534790039062,HDFCBANK.NS,2022-10-07
669.774658203125,HDFCBANK.NS,2022-10-10
662.9822998046875,HDFCBANK.NS,2022-10-11
667.3132934570312,HDFCBANK.NS,2022-10-12
659.6452026367188,HDFCBANK.NS,2022-10-13
681.1348266601562,HDFCBANK.NS,2022-10-14
684.7085571289062,HDFCBANK.NS,2022-10-17
683.4305419921875,HDFCBANK.NS,2022-10-18
690.4359741210938,HDFCBANK.NS,2022-10-19
685.7736206054688,HDFCBANK.NS,2022-10-20
680.9454345703125,HDFCBANK.NS,2022-10-21
691.572021484375,HDFCBANK.NS,2022-10-24
686.7674560546875,HDFCBANK.NS,2022-10-25
688.4241943359375,HDFCBANK.NS,2022-10-27
690.4595947265625,HDFCBANK.NS,2022-10-28
708.4464111328125,HDFCBANK.NS,2022-10-31
716.2802124023438,HDFCBANK.NS,2022-11-01
716.7298583984375,HDFCBANK.NS,2022-11-02
713.5822143554688,HDFCBANK.NS,2022-11-03
708.6594848632812,HDFCBANK.NS,2022-11-04
714.1738891601562,HDFCBANK.NS,2022-11-07
713.9608764648438,HDFCBANK.NS,2022-11-09
721.7236938476562,HDFCBANK.NS,2022-11-10
762.6201171875,HDFCBANK.NS,2022-11-11
764.4661254882812,HDFCBANK.NS,2022-11-14
766.3358154296875,HDFCBANK.NS,2022-11-15
772.915283203125,HDFCBANK.NS,2022-11-16
765.9335327148438,HDFCBANK.NS,2022-11-17
763.921875,HDFCBANK.NS,2022-11-18
756.0880737304688,HDFCBANK.NS,2022-11-21
754.9757080078125,HDFCBANK.NS,2022-11-22
756.9400634765625,HDFCBANK.NS,2022-11-23
769.2468872070312,HDFCBANK.NS,2022-11-24
765.69677734375,HDFCBANK.NS,2022-11-25
757.4607543945312,HDFCBANK.NS,2022-11-28
756.32470703125,HDFCBANK.NS,2022-11-29
761.342041015625,HDFCBANK.NS,2022-11-30
766.572509765625,HDFCBANK.NS,2022-12-01
760.7030639648438,HDFCBANK.NS,2022-12-02
763.4721069335938,HDFCBANK.NS,2022-12-05
762.6201171875,HDFCBANK.NS,2022-12-06
762.2887573242188,HDFCBANK.NS,2022-12-07
766.572509765625,HDFCBANK.NS,2022-12-08
772.0396118164062,HDFCBANK.NS,2022-12-09
778.051025390625,HDFCBANK.NS,2022-12-12
780.2046508789062,HDFCBANK.NS,2022-12-13
786.8076782226562,HDFCBANK.NS,2022-12-14
772.3946533203125,HDFCBANK.NS,2022-12-15
776.1102905273438,HDFCBANK.NS,2022-12-16
778.5242919921875,HDFCBANK.NS,2022-12-19
773.1519165039062,HDFCBANK.NS,2022-12-20
765.6731567382812,HDFCBANK.NS,2022-12-21
763.046142578125,HDFCBANK.NS,2022-12-22
756.2300415039062,HDFCBANK.NS,2022-12-23
771.2821655273438,HDFCBANK.NS,2022-12-26
772.063232421875,HDFCBANK.NS,2022-12-27
771.4479370117188,HDFCBANK.NS,2022-12-28
776.8912963867188,HDFCBANK.NS,2022-12-29
770.6668701171875,HDFCBANK.NS,2022-12-30
770.9271850585938,HDFCBANK.NS,2023-01-02
775.9682006835938,HDFCBANK.NS,2023-01-03
762.0994873046875,HDFCBANK.NS,2023-01-04
757.2003784179688,HDFCBANK.NS,2023-01-05
754.691650390625,HDFCBANK.NS,2023-01-06
756.1589965820312,HDFCBANK.NS,2023-01-09
742.3375854492188,HDFCBANK.NS,2023-01-10
753.0349731445312,HDFCBANK.NS,2023-01-11
757.0584106445312,HDFCBANK.NS,2023-01-12
757.6500244140625,HDFCBANK.NS,2023-01-13
750.3843383789062,HDFCBANK.NS,2023-01-16
761.5550537109375,HDFCBANK.NS,2023-01-17
774.9979858398438,HDFCBANK.NS,2023-01-18
778.216552734375,HDFCBANK.NS,2023-01-19
786.1923217773438,HDFCBANK.NS,2023-01-20
791.9434814453125,HDFCBANK.NS,2023-01-23
802.5463256835938,HDFCBANK.NS,2023-01-24
780.3703002929688,HDFCBANK.NS,2023-01-25
764.8212280273438,HDFCBANK.NS,2023-01-27
764.0401000976562,HDFCBANK.NS,2023-01-30
758.9990844726562,HDFCBANK.NS,2023-01-31
770.3829345703125,HDFCBANK.NS,2023-02-01
758.9280395507812,HDFCBANK.NS,2023-02-02
785.1747436523438,HDFCBANK.NS,2023-02-03
781.8375854492188,HDFCBANK.NS,2023-02-06
782.9973754882812,HDFCBANK.NS,2023-02-07
782.9026489257812,HDFCBANK.NS,2023-02-08
781.2696533203125,HDFCBANK.NS,2023-02-09
784.3700561523438,HDFCBANK.NS,2023-02-10
784.9617919921875,HDFCBANK.NS,2023-02-13
792.2274169921875,HDFCBANK.NS,2023-02-14
790.6182250976562,HDFCBANK.NS,2023-02-15
787.7544555664062,HDFCBANK.NS,2023-02-16
783.8020629882812,HDFCBANK.NS,2023-02-17
776.4415893554688,HDFCBANK.NS,2023-02-20
779.3526000976562,HDFCBANK.NS,2023-02-21
764.0638427734375,HDFCBANK.NS,2023-02-22
758.8807983398438,HDFCBANK.NS,2023-02-23
752.1119995117188,HDFCBANK.NS,2023-02-24
753.9817504882812,HDFCBANK.NS,2023-02-27
757.1530151367188,HDFCBANK.NS,2023-02-28
756.4193725585938,HDFCBANK.NS,2023-03-01
749.98193359375,HDFCBANK.NS,2023-03-02
764.8685302734375,HDFCBANK.NS,2023-03-03
770.2645263671875,HDFCBANK.NS,2023-03-06
771.8029174804688,HDFCBANK.NS,2023-03-08
771.8739013671875,HDFCBANK.NS,2023-03-09
751.969970703125,HDFCBANK.NS,2023-03-10
742.4558715820312,HDFCBANK.NS,2023-03-13
740.4677734375,HDFCBANK.NS,2023-03-14
729.8414306640625,HDFCBANK.NS,2023-03-15
734.5748291015625,HDFCBANK.NS,2023-03-16
744.396484375,HDFCBANK.NS,2023-03-17
739.2371826171875,HDFCBANK.NS,2023-03-20
747.615234375,HDFCBANK.NS,2023-03-21
745.8875122070312,HDFCBANK.NS,2023-03-22
739.8998413085938,HDFCBANK.NS,2023-03-23
738.716552734375,HDFCBANK.NS,2023-03-24
741.9352416992188,HDFCBANK.NS,2023-03-27
747.9702758789062,HDFCBANK.NS,2023-03-28
751.5676879882812,HDFCBANK.NS,2023-03-29
761.86279296875,HDFCBANK.NS,2023-03-31
762.336181640625,HDFCBANK.NS,2023-04-03
782.7843627929688,HDFCBANK.NS,2023-04-05
788.7483520507812,HDFCBANK.NS,2023-04-06
785.0090942382812,HDFCBANK.NS,2023-04-10
787.3048095703125,HDFCBANK.NS,2023-04-11
797.5289306640625,HDFCBANK.NS,2023-04-12
801.1025390625,HDFCBANK.NS,2023-04-13
788.8904418945312,HDFCBANK.NS,2023-04-17
785.5533447265625,HDFCBANK.NS,2023-04-18
788.4407958984375,HDFCBANK.NS,2023-04-19
791.3754272460938,HDFCBANK.NS,2023-04-20
792.6534423828125,HDFCBANK.NS,2023-04-21
799.0672607421875,HDFCBANK.NS,2023-04-24
787.7071533203125,HDFCBANK.NS,2023-04-25
791.328125,HDFCBANK.NS,2023-04-26
795.6828002929688,HDFCBANK.NS,2023-04-27
798.806884765625,HDFCBANK.NS,2023-04-28
798.6411743164062,HDFCBANK.NS,2023-05-02
801.4339599609375,HDFCBANK.NS,2023-05-03
817.8351440429688,HDFCBANK.NS,2023-05-04
769.4835815429688,HDFCBANK.NS,2023-05-05
778.3822631835938,HDFCBANK.NS,2023-05-08
778.4059448242188,HDFCBANK.NS,2023-05-09
782.0033569335938,HDFCBANK.NS,2023-05-10
782.5239868164062,HDFCBANK.NS,2023-05-11
789.4347534179688,HDFCBANK.NS,2023-05-12
793.2215576171875,HDFCBANK.NS,2023-05-15
788.6731567382812,HDFCBANK.NS,2023-05-16
784.4360961914062,HDFCBANK.NS,2023-05-17
787.572021484375,HDFCBANK.NS,2023-05-18
788.4817504882812,HDFCBANK.NS,2023-05-19
785.6809692382812,HDFCBANK.NS,2023-05-22
783.837646484375,HDFCBANK.NS,2023-05-23
773.5921020507812,HDFCBANK.NS,2023-05-24
770.6236572265625,HDFCBANK.NS,2023-05-25
773.5921020507812,HDFCBANK.NS,2023-05-26
783.0237426757812,HDFCBANK.NS,2023-05-29
783.6222534179688,HDFCBANK.NS,2023-05-30
771.22216796875,HDFCBANK.NS,2023-05-31
767.9425659179688,HDFCBANK.NS,2023-06-01
769.1395263671875,HDFCBANK.NS,2023-06-02
768.1340942382812,HDFCBANK.NS,2023-06-05
765.7402954101562,HDFCBANK.NS,2023-06-06
769.7140502929688,HDFCBANK.NS,2023-06-07
770.1927490234375,HDFCBANK.NS,2023-06-08
771.1024169921875,HDFCBANK.NS,2023-06-09
766.4105224609375,HDFCBANK.NS,2023-06-12
767.7031860351562,HDFCBANK.NS,2023-06-13
766.8653564453125,HDFCBANK.NS,2023-06-14
757.4336547851562,HDFCBANK.NS,2023-06-15
767.3441162109375,HDFCBANK.NS,2023-06-16
768.014404296875,HDFCBANK.NS,2023-06-19
769.6182861328125,HDFCBANK.NS,2023-06-20
783.0715942382812,HDFCBANK.NS,2023-06-21
786.9017944335938,HDFCBANK.NS,2023-06-22
786.8538818359375,HDFCBANK.NS,2023-06-23
783.0476684570312,HDFCBANK.NS,2023-06-26
794.0833129882812,HDFCBANK.NS,2023-06-27
802.4856567382812,HDFCBANK.NS,2023-06-28
814.5745239257812,HDFCBANK.NS,2023-06-30
823.3838500976562,HDFCBANK.NS,2023-07-03
827.4053955078125,HDFCBANK.NS,2023-07-04
801.1212158203125,HDFCBANK.NS,2023-07-05
801.93505859375,HDFCBANK.NS,2023-07-06
794.945068359375,HDFCBANK.NS,2023-07-07
793.0538940429688,HDFCBANK.NS,2023-07-10
789.1998291015625,HDFCBANK.NS,2023-07-11
781.8028564453125,HDFCBANK.NS,2023-07-12
785.7047729492188,HDFCBANK.NS,2023-07-13
787.3326416015625,HDFCBANK.NS,2023-07-14
803.80224609375,HDFCBANK.NS,2023-07-17
803.1319580078125,HDFCBANK.NS,2023-07-18
806.7705688476562,HDFCBANK.NS,2023-07-19
808.5181274414062,HDFCBANK.NS,2023-07-20
802.2940673828125,HDFCBANK.NS,2023-07-21
803.5628662109375,HDFCBANK.NS,2023-07-24
812.2764282226562,HDFCBANK.NS,2023-07-25
809.45166015625,HDFCBANK.NS,2023-07-26
801.0493774414062,HDFCBANK.NS,2023-07-27
786.8538818359375,HDFCBANK.NS,2023-07-28
790.5403442382812,HDFCBANK.NS,2023-07-31
795.8306884765625,HDFCBANK.NS,2023-08-01
785.4176025390625,HDFCBANK.NS,2023-08-02
779.7442626953125,HDFCBANK.NS,2023-08-03
791.0191650390625,HDFCBANK.NS,2023-08-04
790.5643310546875,HDFCBANK.NS,2023-08-07
789.9180297851562,HDFCBANK.NS,2023-08-08
790.2052612304688,HDFCBANK.NS,2023-08-09
783.1912231445312,HDFCBANK.NS,2023-08-10
775.0283813476562,HDFCBANK.NS,2023-08-11
771.24609375,HDFCBANK.NS,2023-08-14
768.9957885742188,HDFCBANK.NS,2023-08-16
764.73486328125,HDFCBANK.NS,2023-08-17
761.598876953125,HDFCBANK.NS,2023-08-18
761.00048828125,HDFCBANK.NS,2023-08-21
757.7448120117188,HDFCBANK.NS,2023-08-22
759.6119995117188,HDFCBANK.NS,2023-08-23
756.1170043945312,HDFCBANK.NS,2023-08-24
747.594970703125,HDFCBANK.NS,2023-08-25
755.3749389648438,HDFCBANK.NS,2023-08-28
761.3834838867188,HDFCBANK.NS,2023-08-29
755.8297119140625,HDFCBANK.NS,2023-08-30
752.3587036132812,HDFCBANK.NS,2023-08-31
753.9146728515625,HDFCBANK.NS,2023-09-01
758.6305541992188,HDFCBANK.NS,2023-09-04
754.010498046875,HDFCBANK.NS,2023-09-05
763.873046875,HDFCBANK.NS,2023-09-06
771.22216796875,HDFCBANK.NS,2023-09-07
777.230712890625,HDFCBANK.NS,2023-09-08
781.2523803710938,HDFCBANK.NS,2023-09-11
783.694091796875,HDFCBANK.NS,2023-09-12
787.0454711914062,HDFCBANK.NS,2023-09-13
786.566650390625,HDFCBANK.NS,2023-09-14
795.5914306640625,HDFCBANK.NS,2023-09-15
779.9357299804688,HDFCBANK.NS,2023-09-18
748.648193359375,HDFCBANK.NS,2023-09-20
743.6930541992188,HDFCBANK.NS,2023-09-21
732.3462524414062,HDFCBANK.NS,2023-09-22
732.9925537109375,HDFCBANK.NS,2023-09-25
736.1763916015625,HDFCBANK.NS,2023-09-26
731.0056762695312,HDFCBANK.NS,2023-09-27
729.4974975585938,HDFCBANK.NS,2023-09-28
730.742431640625,HDFCBANK.NS,2023-09-29
722.0048828125,HDFCBANK.NS,2023-10-03
732.2984008789062,HDFCBANK.NS,2023-10-04
735.2667236328125,HDFCBANK.NS,2023-10-05
734.4528198242188,HDFCBANK.NS,2023-10-06
725.9307250976562,HDFCBANK.NS,2023-10-09
730.048095703125,HDFCBANK.NS,2023-10-10
737.1099853515625,HDFCBANK.NS,2023-10-11
742.0173950195312,HDFCBANK.NS,2023-10-12
735.2667236328125,HDFCBANK.NS,2023-10-13
732.3223266601562,HDFCBANK.NS,2023-10-16
737.8759765625,HDFCBANK.NS,2023-10-17
727.6063842773438,HDFCBANK.NS,2023-10-18
725.308349609375,HDFCBANK.NS,2023-10-19
729.0667114257812,HDFCBANK.NS,2023-10-20
721.04736328125,HDFCBANK.NS,2023-10-23
716.47509765625,HDFCBANK.NS,2023-10-25
700.6279907226562,HDFCBANK.NS,2023-10-26
703.380859375,HDFCBANK.NS,2023-10-27
711.0171508789062,HDFCBANK.NS,2023-10-30
706.8997802734375,HDFCBANK.NS,2023-10-31
705.9421997070312,HDFCBANK.NS,2023-11-01
707.01953125,HDFCBANK.NS,2023-11-02
710.370849609375,HDFCBANK.NS,2023-11-03
715.5176391601562,HDFCBANK.NS,2023-11-06
712.0465698242188,HDFCBANK.NS,2023-11-07
714.1052856445312,HDFCBANK.NS,2023-11-08
711.280517578125,HDFCBANK.NS,2023-11-09
714.0812377929688,HDFCBANK.NS,2023-11-10
712.7886352539062,HDFCBANK.NS,2023-11-13
720.2573852539062,HDFCBANK.NS,2023-11-15
722.1484985351562,HDFCBANK.NS,2023-11-16
720.5924682617188,HDFCBANK.NS,2023-11-17
720.640380859375,HDFCBANK.NS,2023-11-20
726.74462890625,HDFCBANK.NS,2023-11-21
724.1593627929688,HDFCBANK.NS,2023-11-22
728.3485107421875,HDFCBANK.NS,2023-11-23
733.5191650390625,HDFCBANK.NS,2023-11-24
731.867431640625,HDFCBANK.NS,2023-11-28
746.4698486328125,HDFCBANK.NS,2023-11-29
746.3023071289062,HDFCBANK.NS,2023-11-30
744.674560546875,HDFCBANK.NS,2023-12-01
770.5279541015625,HDFCBANK.NS,2023-12-04
777.374267578125,HDFCBANK.NS,2023-12-05
779.3372802734375,HDFCBANK.NS,2023-12-06
780.6058959960938,HDFCBANK.NS,2023-12-07
791.4978637695312,HDFCBANK.NS,2023-12-08
790.4446411132812,HDFCBANK.NS,2023-12-11
782.5928955078125,HDFCBANK.NS,2023-12-12
780.8214111328125,HDFCBANK.NS,2023-12-13
790.0376586914062,HDFCBANK.NS,2023-12-14
793.101806640625,HDFCBANK.NS,2023-12-15
792.69482421875,HDFCBANK.NS,2023-12-18
791.3543090820312,HDFCBANK.NS,2023-12-19
793.3171997070312,HDFCBANK.NS,2023-12-20
807.53662109375,HDFCBANK.NS,2023-12-21
799.9481811523438,HDFCBANK.NS,2023-12-22
805.5018920898438,HDFCBANK.NS,2023-12-26
815.4841918945312,HDFCBANK.NS,2023-12-27
816.4177856445312,HDFCBANK.NS,2023-12-28
818.3328247070312,HDFCBANK.NS,2023-12-29
812.9945678710938,HDFCBANK.NS,2024-01-01
813.4733276367188,HDFCBANK.NS,2024-01-02
800.9296264648438,HDFCBANK.NS,2024-01-03
809.5234985351562,HDFCBANK.NS,2024-01-04
805.3822021484375,HDFCBANK.NS,2024-01-05
796.4052734375,HDFCBANK.NS,2024-01-08
790.2052612304688,HDFCBANK.NS,2024-01-09
792.8145751953125,HDFCBANK.NS,2024-01-10
789.4871215820312,HDFCBANK.NS,2024-01-11
785.752685546875,HDFCBANK.NS,2024-01-12
800.8818359375,HDFCBANK.NS,2024-01-15
803.9219360351562,HDFCBANK.NS,2024-01-16
736.1045532226562,HDFCBANK.NS,2024-01-17
711.5198974609375,HDFCBANK.NS,2024-01-18
704.0989990234375,HDFCBANK.NS,2024-01-19
683.368408203125,HDFCBANK.NS,2024-01-23
697.0372314453125,HDFCBANK.NS,2024-01-24
686.9830932617188,HDFCBANK.NS,2024-01-25
696.438720703125,HDFCBANK.NS,2024-01-29
691.4835205078125,HDFCBANK.NS,2024-01-30
700.2210083007812,HDFCBANK.NS,2024-01-31
702.0402221679688,HDFCBANK.NS,2024-02-01
692.3692016601562,HDFCBANK.NS,2024-02-02
691.7467041015625,HDFCBANK.NS,2024-02-05
691.3877563476562,HDFCBANK.NS,2024-02-06
684.6130981445312,HDFCBANK.NS,2024-02-07
671.7343139648438,HDFCBANK.NS,2024-02-08
671.99755859375,HDFCBANK.NS,2024-02-09
665.4863891601562,HDFCBANK.NS,2024-02-12
667.6168823242188,HDFCBANK.NS,2024-02-13
662.6378173828125,HDFCBANK.NS,2024-02-14
677.0007934570312,HDFCBANK.NS,2024-02-15
679.8015747070312,HDFCBANK.NS,2024-02-16
678.4609985351562,HDFCBANK.NS,2024-02-19
696.2711181640625,HDFCBANK.NS,2024-02-20
689.017822265625,HDFCBANK.NS,2024-02-21
679.634033203125,HDFCBANK.NS,2024-02-22
680.1365966796875,HDFCBANK.NS,2024-02-23
680.9505615234375,HDFCBANK.NS,2024-02-26
679.9212646484375,HDFCBANK.NS,2024-02-27
674.7744750976562,HDFCBANK.NS,2024-02-28
671.90185546875,HDFCBANK.NS,2024-02-29
684.9961547851562,HDFCBANK.NS,2024-03-01
685.9296875,HDFCBANK.NS,2024-03-04
689.831787109375,HDFCBANK.NS,2024-03-05
690.6695556640625,HDFCBANK.NS,2024-03-06
692.3452758789062,HDFCBANK.NS,2024-03-07
683.5838623046875,HDFCBANK.NS,2024-03-11
698.7846069335938,HDFCBANK.NS,2024-03-12
699.1915893554688,HDFCBANK.NS,2024-03-13
696.8217163085938,HDFCBANK.NS,2024-03-14
695.481201171875,HDFCBANK.NS,2024-03-15
692.3212890625,HDFCBANK.NS,2024-03-18
693.9012451171875,HDFCBANK.NS,2024-03-19
685.1398315429688,HDFCBANK.NS,2024-03-20
692.1776733398438,HDFCBANK.NS,2024-03-21
690.7892456054688,HDFCBANK.NS,2024-03-22
682.434814453125,HDFCBANK.NS,2024-03-26
689.7599487304688,HDFCBANK.NS,2024-03-27
693.2069702148438,HDFCBANK.NS,2024-03-28
704.0272216796875,HDFCBANK.NS,2024-04-01
708.6472778320312,HDFCBANK.NS,2024-04-02
709.6766967773438,HDFCBANK.NS,2024-04-03
731.3648071289062,HDFCBANK.NS,2024-04-04
741.8737182617188,HDFCBANK.NS,2024-04-05
740.4613647460938,HDFCBANK.NS,2024-04-08
741.3949584960938,HDFCBANK.NS,2024-04-09
735.5540161132812,HDFCBANK.NS,2024-04-10
727.223388671875,HDFCBANK.NS,2024-04-12
715.6133422851562,HDFCBANK.NS,2024-04-15
722.5794067382812,HDFCBANK.NS,2024-04-16
715.6133422851562,HDFCBANK.NS,2024-04-18
733.1361694335938,HDFCBANK.NS,2024-04-19
723.9917602539062,HDFCBANK.NS,2024-04-22
721.7894287109375,HDFCBANK.NS,2024-04-23
723.7523803710938,HDFCBANK.NS,2024-04-24
723.2975463867188,HDFCBANK.NS,2024-04-25
722.8427734375,HDFCBANK.NS,2024-04-26
732.2744140625,HDFCBANK.NS,2024-04-29
727.7739868164062,HDFCBANK.NS,2024-04-30
733.591064453125,HDFCBANK.NS,2024-05-02
727.5345458984375,HDFCBANK.NS,2024-05-03
728.994873046875,HDFCBANK.NS,2024-05-06
721.0952758789062,HDFCBANK.NS,2024-05-07
709.84423828125,HDFCBANK.NS,2024-05-08
693.0155029296875,HDFCBANK.NS,2024-05-09
697.820068359375,HDFCBANK.NS,2024-05-10
706.2400512695312,HDFCBANK.NS,2024-05-13
709.0062866210938,HDFCBANK.NS,2024-05-14
698.1111450195312,HDFCBANK.NS,2024-05-15
708.6665649414062,HDFCBANK.NS,2024-05-16
710.5349731445312,HDFCBANK.NS,2024-05-17
707.9629516601562,HDFCBANK.NS,2024-05-21
708.1570434570312,HDFCBANK.NS,2024-05-22
724.3661499023438,HDFCBANK.NS,2024-05-23
736.3046875,HDFCBANK.NS,2024-05-24
741.400390625,HDFCBANK.NS,2024-05-27
742.75927734375,HDFCBANK.NS,2024-05-28
731.9855346679688,HDFCBANK.NS,2024-05-29
735.1642456054688,HDFCBANK.NS,2024-05-30
743.2688598632812,HDFCBANK.NS,2024-05-31
762.9964599609375,HDFCBANK.NS,2024-06-03
719.7800903320312,HDFCBANK.NS,2024-06-04
753.0962524414062,HDFCBANK.NS,2024-06-05
756.93017578125,HDFCBANK.NS,2024-06-06
763.5545654296875,HDFCBANK.NS,2024-06-07
757.7066650390625,HDFCBANK.NS,2024-06-10
759.4052734375,HDFCBANK.NS,2024-06-11
763.94287109375,HDFCBANK.NS,2024-06-12
767.1458129882812,HDFCBANK.NS,2024-06-13
774.9835205078125,HDFCBANK.NS,2024-06-14
780.2733764648438,HDFCBANK.NS,2024-06-18
804.5628051757812,HDFCBANK.NS,2024-06-19
810.143798828125,HDFCBANK.NS,2024-06-20
808.396728515625,HDFCBANK.NS,2024-06-21
811.6240844726562,HDFCBANK.NS,2024-06-24
830.5266723632812,HDFCBANK.NS,2024-06-25
825.7463989257812,HDFCBANK.NS,2024-06-26
823.1500244140625,HDFCBANK.NS,2024-06-27
817.156494140625,HDFCBANK.NS,2024-06-28
827.5420532226562,HDFCBANK.NS,2024-07-01
839.8687744140625,HDFCBANK.NS,2024-07-02
858.3346557617188,HDFCBANK.NS,2024-07-03
838.1945190429688,HDFCBANK.NS,2024-07-04
799.8311157226562,HDFCBANK.NS,2024-07-05
793.6434326171875,HDFCBANK.NS,2024-07-08
794.2015991210938,HDFCBANK.NS,2024-07-09
789.1544799804688,HDFCBANK.NS,2024-07-10
787.1161499023438,HDFCBANK.NS,2024-07-11
787.50439453125,HDFCBANK.NS,2024-07-12
787.213134765625,HDFCBANK.NS,2024-07-15
786.07275390625,HDFCBANK.NS,2024-07-16
783.6704711914062,HDFCBANK.NS,2024-07-18
780.0307006835938,HDFCBANK.NS,2024-07-19
797.1377563476562,HDFCBANK.NS,2024-07-22
785.4175415039062,HDFCBANK.NS,2024-07-23
778.4534301757812,HDFCBANK.NS,2024-07-24
784.5440673828125,HDFCBANK.NS,2024-07-25
785.2962646484375,HDFCBANK.NS,2024-07-26
778.9387817382812,HDFCBANK.NS,2024-07-29
784.034423828125,HDFCBANK.NS,2024-07-30
784.1315307617188,HDFCBANK.NS,2024-07-31
795.3178100585938,HDFCBANK.NS,2024-08-01
805.1937255859375,HDFCBANK.NS,2024-08-02
784.1315307617188,HDFCBANK.NS,2024-08-05
777.0703125,HDFCBANK.NS,2024-08-06
787.892578125,HDFCBANK.NS,2024-08-07
797.2105102539062,HDFCBANK.NS,2024-08-08
800.8502197265625,HDFCBANK.NS,2024-08-09
805.65478515625,HDFCBANK.NS,2024-08-12
778.0408935546875,HDFCBANK.NS,2024-08-13
780.2733764648438,HDFCBANK.NS,2024-08-14
792.0662841796875,HDFCBANK.NS,2024-08-16
791.7993774414062,HDFCBANK.NS,2024-08-19
794.783935546875,HDFCBANK.NS,2024-08-20
789.0089111328125,HDFCBANK.NS,2024-08-21
791.6780395507812,HDFCBANK.NS,2024-08-22
788.6448364257812,HDFCBANK.NS,2024-08-23
795.8758544921875,HDFCBANK.NS,2024-08-26
794.8082885742188,HDFCBANK.NS,2024-08-27
794.4927368164062,HDFCBANK.NS,2024-08-28
795.1964721679688,HDFCBANK.NS,2024-08-29
794.395751953125,HDFCBANK.NS,2024-08-30
789.56689453125,HDFCBANK.NS,2024-09-02
794.6141357421875,HDFCBANK.NS,2024-09-03
796.773681640625,HDFCBANK.NS,2024-09-04
798.5450439453125,HDFCBANK.NS,2024-09-05
794.4199829101562,HDFCBANK.NS,2024-09-06
799.0546264648438,HDFCBANK.NS,2024-09-09
800.9229736328125,HDFCBANK.NS,2024-09-10
797.7929077148438,HDFCBANK.NS,2024-09-11
808.8092651367188,HDFCBANK.NS,2024-09-12
808.4937744140625,HDFCBANK.NS,2024-09-13
810.9202880859375,HDFCBANK.NS,2024-09-16
809.876953125,HDFCBANK.NS,2024-09-17
822.494873046875,HDFCBANK.NS,2024-09-18
829.1435546875,HDFCBANK.NS,2024-09-19
845.0130004882812,HDFCBANK.NS,2024-09-20
854.0397338867188,HDFCBANK.NS,2024-09-23
858.0435180664062,HDFCBANK.NS,2024-09-24
863.406005859375,HDFCBANK.NS,2024-09-25
865.5171508789062,HDFCBANK.NS,2024-09-26
850.5697631835938,HDFCBANK.NS,2024-09-27
840.572509765625,HDFCBANK.NS,2024-09-30
837.7334594726562,HDFCBANK.NS,2024-10-01
816.282958984375,HDFCBANK.NS,2024-10-03
804.4658203125,HDFCBANK.NS,2024-10-04
785.1264038085938,HDFCBANK.NS,2024-10-07
801.2627563476562,HDFCBANK.NS,2024-10-08
792.5758056640625,HDFCBANK.NS,2024-10-09
806.7709350585938,HDFCBANK.NS,2024-10-10
801.238525390625,HDFCBANK.NS,2024-10-11
819.2432861328125,HDFCBANK.NS,2024-10-14
817.3020629882812,HDFCBANK.NS,2024-10-15
824.9214477539062,HDFCBANK.NS,2024-10-16
811.988037109375,HDFCBANK.NS,2024-10-17
816.2101440429688,HDFCBANK.NS,2024-10-18
838.9466552734375,HDFCBANK.NS,2024-10-21
832.0797119140625,HDFCBANK.NS,2024-10-22
842.3923950195312,HDFCBANK.NS,2024-10-23
849.1138305664062,HDFCBANK.NS,2024-10-24
846.0806884765625,HDFCBANK.NS,2024-10-25
841.6158447265625,HDFCBANK.NS,2024-10-28
850.1814575195312,HDFCBANK.NS,2024-10-29
841.8099975585938,HDFCBANK.NS,2024-10-30
842.3438720703125,HDFCBANK.NS,2024-10-31
843.120361328125,HDFCBANK.NS,2024-11-01
831.8612670898438,HDFCBANK.NS,2024-11-04
853.0933227539062,HDFCBANK.NS,2024-11-05
851.83154296875,HDFCBANK.NS,2024-11-06
847.6094360351562,HDFCBANK.NS,2024-11-07
851.4432983398438,HDFCBANK.NS,2024-11-08
857.1941528320312,HDFCBANK.NS,2024-11-11
833.8509521484375,HDFCBANK.NS,2024-11-12
815.967529296875,HDFCBANK.NS,2024-11-13
821.5,HDFCBANK.NS,2024-11-14
827.4934692382812,HDFCBANK.NS,2024-11-18
845.5226440429688,HDFCBANK.NS,2024-11-19
845.0130004882812,HDFCBANK.NS,2024-11-21
847.1483154296875,HDFCBANK.NS,2024-11-22
866.560546875,HDFCBANK.NS,2024-11-25
866.5363159179688,HDFCBANK.NS,2024-11-26
879.5181884765625,HDFCBANK.NS,2024-11-27
870.2245483398438,HDFCBANK.NS,2024-11-28
871.632080078125,HDFCBANK.NS,2024-11-29
875.8298950195312,HDFCBANK.NS,2024-12-02
886.3125,HDFCBANK.NS,2024-12-03
902.7157592773438,HDFCBANK.NS,2024-12-04
905.457763671875,HDFCBANK.NS,2024-12-05
900.6531982421875,HDFCBANK.NS,2024-12-06
907.5203247070312,HDFCBANK.NS,2024-12-09
906.59814453125,HDFCBANK.NS,2024-12-10
904.1716918945312,HDFCBANK.NS,2024-12-11
902.30322265625,HDFCBANK.NS,2024-12-12
908.3695678710938,HDFCBANK.NS,2024-12-13
905.1907958984375,HDFCBANK.NS,2024-12-16
889.6853637695312,HDFCBANK.NS,2024-12-17
878.74169921875,HDFCBANK.NS,2024-12-18
870.3944702148438,HDFCBANK.NS,2024-12-19
859.7177734375,HDFCBANK.NS,2024-12-20
874.0343017578125,HDFCBANK.NS,2024-12-23
872.6268310546875,HDFCBANK.NS,2024-12-24
869.059814453125,HDFCBANK.NS,2024-12-26
872.6996459960938,HDFCBANK.NS,2024-12-27
862.82373046875,HDFCBANK.NS,2024-12-30
860.3728637695312,HDFCBANK.NS,2024-12-31
865.1774291992188,HDFCBANK.NS,2025-01-01
870.5158081054688,HDFCBANK.NS,2025-01-02
848.8954467773438,HDFCBANK.NS,2025-01-03
830.1141357421875,HDFCBANK.NS,2025-01-06
831.5215454101562,HDFCBANK.NS,2025-01-07
822.2522583007812,HDFCBANK.NS,2025-01-08
809.3916625976562,HDFCBANK.NS,2025-01-09
804.029052734375,HDFCBANK.NS,2025-01-10
791.4595947265625,HDFCBANK.NS,2025-01-13
799.1031494140625,HDFCBANK.NS,2025-01-14
797.38037109375,HDFCBANK.NS,2025-01-15
801.7481079101562,HDFCBANK.NS,2025-01-16
794.3229370117188,HDFCBANK.NS,2025-01-17
801.35986328125,HDFCBANK.NS,2025-01-20
797.0648803710938,HDFCBANK.NS,2025-01-21
808.5423583984375,HDFCBANK.NS,2025-01-22
807.9843139648438,HDFCBANK.NS,2025-01-23
800.6561889648438,HDFCBANK.NS,2025-01-24
790.9500732421875,HDFCBANK.NS,2025-01-27
810.6535034179688,HDFCBANK.NS,2025-01-28
814.0020141601562,HDFCBANK.NS,2025-01-29
820.8933715820312,HDFCBANK.NS,2025-01-30
824.4118041992188,HDFCBANK.NS,2025-01-31
820.6264038085938,HDFCBANK.NS,2025-02-01
814.3417358398438,HDFCBANK.NS,2025-02-03
835.1613159179688,HDFCBANK.NS,2025-02-04
843.3629760742188,HDFCBANK.NS,2025-02-05
846.299072265625,HDFCBANK.NS,2025-02-06
840.9122314453125,HDFCBANK.NS,2025-02-07
832.6619873046875,HDFCBANK.NS,2025-02-10
825.6978759765625,HDFCBANK.NS,2025-02-11
828.3185424804688,HDFCBANK.NS,2025-02-12
823.9022827148438,HDFCBANK.NS,2025-02-13
822.5191040039062,HDFCBANK.NS,2025-02-14
833.4384765625,HDFCBANK.NS,2025-02-17
836.2047729492188,HDFCBANK.NS,2025-02-18
838.21875,HDFCBANK.NS,2025-02-19
818.7579956054688,HDFCBANK.NS,2025-02-20
821.3786010742188,HDFCBANK.NS,2025-02-21
813.9049682617188,HDFCBANK.NS,2025-02-24
816.4528198242188,HDFCBANK.NS,2025-02-25
825.358154296875,HDFCBANK.NS,2025-02-27
840.7423095703125,HDFCBANK.NS,2025-02-28
825.7706909179688,HDFCBANK.NS,2025-03-03
829.8715209960938,HDFCBANK.NS,2025-03-04
820.1654052734375,HDFCBANK.NS,2025-03-05
820.7477416992188,HDFCBANK.NS,2025-03-06
819.8013916015625,HDFCBANK.NS,2025-03-07
818.9521484375,HDFCBANK.NS,2025-03-10
817.9815673828125,HDFCBANK.NS,2025-03-11
830.4296264648438,HDFCBANK.NS,2025-03-12
828.2214965820312,HDFCBANK.NS,2025-03-13
830.0656127929688,HDFCBANK.NS,2025-03-17
830.0656127929688,HDFCBANK.NS,2025-03-18
846.42041015625,HDFCBANK.NS,2025-03-19
858.3832397460938,HDFCBANK.NS,2025-03-20
859.15966796875,HDFCBANK.NS,2025-03-21
873.5489501953125,HDFCBANK.NS,2025-03-24
883.958740234375,HDFCBANK.NS,2025-03-25
876.7277221679688,HDFCBANK.NS,2025-03-26
885.8514404296875,HDFCBANK.NS,2025-03-27
887.2344970703125,HDFCBANK.NS,2025-03-28
857.9463500976562,HDFCBANK.NS,2025-04-01
872.0444946289062,HDFCBANK.NS,2025-04-02
871.0496215820312,HDFCBANK.NS,2025-04-03
881.9447631835938,HDFCBANK.NS,2025-04-04
853.0205078125,HDFCBANK.NS,2025-04-07
858.5773315429688,HDFCBANK.NS,2025-04-08
856.5632934570312,HDFCBANK.NS,2025-04-09
876.8247680664062,HDFCBANK.NS,2025-04-11
905.0452270507812,HDFCBANK.NS,2025-04-15
911.4027099609375,HDFCBANK.NS,2025-04-16
925.3309326171875,HDFCBANK.NS,2025-04-17
935.231201171875,HDFCBANK.NS,2025-04-21
952.0227661132812,HDFCBANK.NS,2025-04-22
933.67822265625,HDFCBANK.NS,2025-04-23
930.2325439453125,HDFCBANK.NS,2025-04-24
927.5148315429688,HDFCBANK.NS,2025-04-25
931.882568359375,HDFCBANK.NS,2025-04-28
926.3501586914062,HDFCBANK.NS,2025-04-29
934.2120361328125,HDFCBANK.NS,2025-04-30
932.7075805664062,HDFCBANK.NS,2025-05-02
939.9386596679688,HDFCBANK.NS,2025-05-05
937.4635620117188,HDFCBANK.NS,2025-05-06
944.2092895507812,HDFCBANK.NS,2025-05-07
935.91064453125,HDFCBANK.NS,2025-05-08
917.080810546875,HDFCBANK.NS,2025-05-09
949.8388671875,HDFCBANK.NS,2025-05-12
933.0473022460938,HDFCBANK.NS,2025-05-13
927.2236938476562,HDFCBANK.NS,2025-05-14
938.4827270507812,HDFCBANK.NS,2025-05-15
938.9195556640625,HDFCBANK.NS,2025-05-16
940.8607788085938,HDFCBANK.NS,2025-05-19
929.310546875,HDFCBANK.NS,2025-05-20
935.085693359375,HDFCBANK.NS,2025-05-21
931.7369995117188,HDFCBANK.NS,2025-05-22
938.3856811523438,HDFCBANK.NS,2025-05-23
941.5886840820312,HDFCBANK.NS,2025-05-26
934.8429565429688,HDFCBANK.NS,2025-05-27
933.484130859375,HDFCBANK.NS,2025-05-28
935.42529296875,HDFCBANK.NS,2025-05-29
943.86962890625,HDFCBANK.NS,2025-05-30
937.65771484375,HDFCBANK.NS,2025-06-02
934.0178833007812,HDFCBANK.NS,2025-06-03
942.073974609375,HDFCBANK.NS,2025-06-04
946.1505126953125,HDFCBANK.NS,2025-06-05
960.2728881835938,HDFCBANK.NS,2025-06-06
960.3699951171875,HDFCBANK.NS,2025-06-09
953.7698974609375,HDFCBANK.NS,2025-06-10
946.538818359375,HDFCBANK.NS,2025-06-11
943.1417236328125,HDFCBANK.NS,2025-06-12
930.6207885742188,HDFCBANK.NS,2025-06-13
939.2592163085938,HDFCBANK.NS,2025-06-16
936.4445190429688,HDFCBANK.NS,2025-06-17
938.5313110351562,HDFCBANK.NS,2025-06-18
939.2107543945312,HDFCBANK.NS,2025-06-19
953.4786987304688,HDFCBANK.NS,2025-06-20
945.5681762695312,HDFCBANK.NS,2025-06-23
951.634521484375,HDFCBANK.NS,2025-06-24
961.0009155273438,HDFCBANK.NS,2025-06-25
981.1896362304688,HDFCBANK.NS,2025-06-26
988.5982666015625,HDFCBANK.NS,2025-06-27
982.023681640625,HDFCBANK.NS,2025-06-30
987.2244873046875,HDFCBANK.NS,2025-07-01
974.418701171875,HDFCBANK.NS,2025-07-02
974.9583740234375,HDFCBANK.NS,2025-07-03
976.037841796875,HDFCBANK.NS,2025-07-04
975.1055908203125,HDFCBANK.NS,2025-07-07
981.974609375,HDFCBANK.NS,2025-07-08
986.7828369140625,HDFCBANK.NS,2025-07-09
984.3296508789062,HDFCBANK.NS,2025-07-10
973.2902221679688,HDFCBANK.NS,2025-07-11
972.94677734375,HDFCBANK.NS,2025-07-14
979.079833984375,HDFCBANK.NS,2025-07-15
979.4722900390625,HDFCBANK.NS,2025-07-16
974.8602294921875,HDFCBANK.NS,2025-07-17
960.38623046875,HDFCBANK.NS,2025-07-18
981.5330200195312,HDFCBANK.NS,2025-07-21
984.771240234375,HDFCBANK.NS,2025-07-22
993.2103881835938,HDFCBANK.NS,2025-07-23
988.2548217773438,HDFCBANK.NS,2025-07-24
985.9922485351562,HDFCBANK.NS,2025-07-25
987.9105224609375,HDFCBANK.NS,2025-07-28
994.3539428710938,HDFCBANK.NS,2025-07-29
996.4197998046875,HDFCBANK.NS,2025-07-30
992.6815795898438,HDFCBANK.NS,2025-07-31
989.7304077148438,HDFCBANK.NS,2025-08-01
979.7947387695312,HDFCBANK.NS,2025-08-04
972.7118530273438,HDFCBANK.NS,2025-08-05
976.499267578125,HDFCBANK.NS,2025-08-06
981.4671020507812,HDFCBANK.NS,2025-08-07
970.8920288085938,HDFCBANK.NS,2025-08-08
981.5654296875,HDFCBANK.NS,2025-08-11
968.924560546875,HDFCBANK.NS,2025-08-12
974.0399169921875,HDFCBANK.NS,2025-08-13
979.35205078125,HDFCBANK.NS,2025-08-14
985.5003662109375,HDFCBANK.NS,2025-08-18
979.35205078125,HDFCBANK.NS,2025-08-19
977.9256591796875,HDFCBANK.NS,2025-08-20
979.4012451171875,HDFCBANK.NS,2025-08-21
966.317626953125,HDFCBANK.NS,2025-08-22
966.0717163085938,HDFCBANK.NS,2025-08-25
957.5625,HDFCBANK.NS,2025-08-26
942.2162475585938,HDFCBANK.NS,2025-08-28
936.1171264648438,HDFCBANK.NS,2025-08-29
935.1333618164062,HDFCBANK.NS,2025-09-01
929.1326904296875,HDFCBANK.NS,2025-09-02
938.9207763671875,HDFCBANK.NS,2025-09-03
945.610107421875,HDFCBANK.NS,2025-09-04
947.7251586914062,HDFCBANK.NS,2025-09-05
950.2828369140625,HDFCBANK.NS,2025-09-08
949.4467163085938,HDFCBANK.NS,2025-09-09
950.1845092773438,HDFCBANK.NS,2025-09-10
952.0535278320312,HDFCBANK.NS,2025-09-11
951.5617065429688,HDFCBANK.NS,2025-09-12
951.3157348632812,HDFCBANK.NS,2025-09-15
951.1190185546875,HDFCBANK.NS,2025-09-16
950.7747192382812,HDFCBANK.NS,2025-09-17
961.0055541992188,HDFCBANK.NS,2025-09-18
951.168212890625,HDFCBANK.NS,2025-09-19
948.5121459960938,HDFCBANK.NS,2025-09-22
941.6260375976562,HDFCBANK.NS,2025-09-23
935.5761108398438,HDFCBANK.NS,2025-09-24
934.3955688476562,HDFCBANK.NS,2025-09-25
929.6737060546875,HDFCBANK.NS,2025-09-26
934.8382568359375,HDFCBANK.NS,2025-09-29
935.5269165039062,HDFCBANK.NS,2025-09-30
949.5450439453125,HDFCBANK.NS,2025-10-01
949.4467163085938,HDFCBANK.NS,2025-10-03
957.6116333007812,HDFCBANK.NS,2025-10-06
966.514404296875,HDFCBANK.NS,2025-10-07
962.7762451171875,HDFCBANK.NS,2025-10-08
961.2022094726562,HDFCBANK.NS,2025-10-09
964.9404296875,HDFCBANK.NS,2025-10-10
961.1038818359375,HDFCBANK.NS,2025-10-13
961.25146484375,HDFCBANK.NS,2025-10-14
962.3335571289062,HDFCBANK.NS,2025-10-15
978.1715698242188,HDFCBANK.NS,2025-10-16
986.2381591796875,HDFCBANK.NS,2025-10-17
986.6316528320312,HDFCBANK.NS,2025-10-20
991.3043823242188,HDFCBANK.NS,2025-10-21
992.386474609375,HDFCBANK.NS,2025-10-23
978.5650634765625,HDFCBANK.NS,2025-10-24
986.6316528320312,HDFCBANK.NS,2025-10-27
987.2218627929688,HDFCBANK.NS,2025-10-28
991.451904296875,HDFCBANK.NS,2025-10-29
981.9097900390625,HDFCBANK.NS,2025-10-30
971.2362670898438,HDFCBANK.NS,2025-10-31
976.499267578125,HDFCBANK.NS,2025-11-03
969.2196655273438,HDFCBANK.NS,2025-11-04
968.6294555664062,HDFCBANK.NS,2025-11-06
966.317626953125,HDFCBANK.NS,2025-11-07
968.4818725585938,HDFCBANK.NS,2025-11-10
975.564697265625,HDFCBANK.NS,2025-11-11
973.4005126953125,HDFCBANK.NS,2025-11-12
970.596923828125,HDFCBANK.NS,2025-11-13
973.4988403320312,HDFCBANK.NS,2025-11-14
980.3357543945312,HDFCBANK.NS,2025-11-17
976.302490234375,HDFCBANK.NS,2025-11-18
978.41748046875,HDFCBANK.NS,2025-11-19
992.4356689453125,HDFCBANK.NS,2025-11-20
981.8114013671875,HDFCBANK.NS,2025-11-21
982.8934936523438,HDFCBANK.NS,2025-11-24
973.6956176757812,HDFCBANK.NS,2025-11-25
987.5662231445312,HDFCBANK.NS,2025-11-26
993.0750732421875,HDFCBANK.NS,2025-11-27
991.2059936523438,HDFCBANK.NS,2025-11-28
985.7954711914062,HDFCBANK.NS,2025-12-01
973.6956176757812,HDFCBANK.NS,2025-12-02
984.2214965820312,HDFCBANK.NS,2025-12-03
980.9752197265625,HDFCBANK.NS,2025-12-04
986.9759521484375,HDFCBANK.NS,2025-12-05
986.7791748046875,HDFCBANK.NS,2025-12-08
980.8768310546875,HDFCBANK.NS,2025-12-09
973.6956176757812,HDFCBANK.NS,2025-12-10
984.0247802734375,HDFCBANK.NS,2025-12-11
985.2052612304688,HDFCBANK.NS,2025-12-12
979.89306640625,HDFCBANK.NS,2025-12-15
978.1223754882812,HDFCBANK.NS,2025-12-16
967.989990234375,HDFCBANK.NS,2025-12-17
963.7599487304688,HDFCBANK.NS,2025-12-18
969.465576171875,HDFCBANK.NS,2025-12-19
971.6298217773438,HDFCBANK.NS,2025-12-22
980.3849487304688,HDFCBANK.NS,2025-12-23
980.9752197265625,HDFCBANK.NS,2025-12-24
975.9581909179688,HDFCBANK.NS,2025-12-26
975.564697265625,HDFCBANK.NS,2025-12-29
974.7777709960938,HDFCBANK.NS,2025-12-30
975.0728759765625,HDFCBANK.NS,2025-12-31
975.023681640625,HDFCBANK.NS,2026-01-01
985.3035888671875,HDFCBANK.NS,2026-01-02
961.5957641601562,HDFCBANK.NS,2026-01-05
946.544677734375,HDFCBANK.NS,2026-01-06
933.608642578125,HDFCBANK.NS,2026-01-07
931.296875,HDFCBANK.NS,2026-01-08
923.72216796875,HDFCBANK.NS,2026-01-09
921.7055053710938,HDFCBANK.NS,2026-01-12
922.0989990234375,HDFCBANK.NS,2026-01-13
910.3926391601562,HDFCBANK.NS,2026-01-14
910.3926391601562,HDFCBANK.NS,2026-01-15
915.95068359375,HDFCBANK.NS,2026-01-16
912.8027954101562,HDFCBANK.NS,2026-01-19
916.049072265625,HDFCBANK.NS,2026-01-20
905.3755493164062,HDFCBANK.NS,2026-01-21
903.75244140625,HDFCBANK.NS,2026-01-22
901.1947021484375,HDFCBANK.NS,2026-01-23
911.3272094726562,HDFCBANK.NS,2026-01-27
917.524658203125,HDFCBANK.NS,2026-01-28
920.2791137695312,HDFCBANK.NS,2026-01-29
914.1307983398438,HDFCBANK.NS,2026-01-30
912.9994506835938,HDFCBANK.NS,2026-02-02
933.2643432617188,HDFCBANK.NS,2026-02-03
937.5927124023438,HDFCBANK.NS,2026-02-04
934.248046875,HDFCBANK.NS,2026-02-05
925.7879638671875,HDFCBANK.NS,2026-02-06
922.0006103515625,HDFCBANK.NS,2026-02-09
917.2295532226562,HDFCBANK.NS,2026-02-10
912.0157470703125,HDFCBANK.NS,2026-02-11
905.6215209960938,HDFCBANK.NS,2026-02-12
889.1932373046875,HDFCBANK.NS,2026-02-13
910.7368774414062,HDFCBANK.NS,2026-02-16
910.6385498046875,HDFCBANK.NS,2026-02-17
909.6548461914062,HDFCBANK.NS,2026-02-18
900.702880859375,HDFCBANK.NS,2026-02-19
897.0138549804688,HDFCBANK.NS,2026-02-20
908.5726928710938,HDFCBANK.NS,2026-02-23
895.6858520507812,HDFCBANK.NS,2026-02-24
892.8330078125,HDFCBANK.NS,2026-02-25
883.9794311523438,HDFCBANK.NS,2026-02-26
873.3060302734375,HDFCBANK.NS,2026-02-27
865.0918579101562,HDFCBANK.NS,2026-03-02
854.5167846679688,HDFCBANK.NS,2026-03-04
863.4686889648438,HDFCBANK.NS,2026-03-05
843.10546875,HDFCBANK.NS,2026-03-06
827.0215454101562,HDFCBANK.NS,2026-03-09
835.629150390625,HDFCBANK.NS,2026-03-10
820.38134765625,HDFCBANK.NS,2026-03-11
819.2008666992188,HDFCBANK.NS,2026-03-12
803.7071533203125,HDFCBANK.NS,2026-03-13
826.9231567382812,HDFCBANK.NS,2026-03-16
831.5958251953125,HDFCBANK.NS,2026-03-17
829.333251953125,HDFCBANK.NS,2026-03-18
785.2130126953125,HDFCBANK.NS,2026-03-19
767.7518310546875,HDFCBANK.NS,2026-03-20
732.04248046875,HDFCBANK.NS,2026-03-23
752.454833984375,HDFCBANK.NS,2026-03-24
769.5717163085938,HDFCBANK.NS,2026-03-25
743.8963623046875,HDFCBANK.NS,2026-03-27
719.6473999023438,HDFCBANK.NS,2026-03-30
730.17333984375,HDFCBANK.NS,2026-04-01
738.6826171875,HDFCBANK.NS,2026-04-02
758.45556640625,HDFCBANK.NS,2026-04-06
759.4392700195312,HDFCBANK.NS,2026-04-07
802.82177734375,HDFCBANK.NS,2026-04-08
784.72119140625,HDFCBANK.NS,2026-04-09
797.1161499023438,HDFCBANK.NS,2026-04-10
781.7699584960938,HDFCBANK.NS,2026-04-13
796.72265625,HDFCBANK.NS,2026-04-15
782.5077514648438,HDFCBANK.NS,2026-04-16
786.8853759765625,HDFCBANK.NS,2026-04-17
782.5077514648438,HDFCBANK.NS,2026-04-20
798.5425415039062,HDFCBANK.NS,2026-04-21
786.8853759765625,HDFCBANK.NS,2026-04-22
771.5883178710938,HDFCBANK.NS,2026-04-23
772.0802001953125,HDFCBANK.NS,2026-04-24
776.9496459960938,HDFCBANK.NS,2026-04-27
769.817626953125,HDFCBANK.NS,2026-04-28
766.3253784179688,HDFCBANK.NS,2026-04-29
759.1441650390625,HDFCBANK.NS,2026-04-30
759.1441650390625,HDFCBANK.NS,2026-05-01
766.7189331054688,HDFCBANK.NS,2026-05-04
759.734375,HDFCBANK.NS,2026-05-05
783.58984375,HDFCBANK.NS,2026-05-06
783.0979614257812,HDFCBANK.NS,2026-05-07
768.145263671875,HDFCBANK.NS,2026-05-08
751.2251586914062,HDFCBANK.NS,2026-05-11
738.2399291992188,HDFCBANK.NS,2026-05-12
737.4037475585938,HDFCBANK.NS,2026-05-13
757.0291748046875,HDFCBANK.NS,2026-05-14
755.0125122070312,HDFCBANK.NS,2026-05-15
756.143798828125,HDFCBANK.NS,2026-05-18
750.044677734375,HDFCBANK.NS,2026-05-19
747.1427001953125,HDFCBANK.NS,2026-05-20
746.7984008789062,HDFCBANK.NS,2026-05-21
754.3239135742188,HDFCBANK.NS,2026-05-22
774.0476684570312,HDFCBANK.NS,2026-05-25
766.22705078125,HDFCBANK.NS,2026-05-26
746.3065185546875,HDFCBANK.NS,2026-05-27
746.3065185546875,HDFCBANK.NS,2026-05-28
732.4359130859375,HDFCBANK.NS,2026-05-29
730.6160278320312,HDFCBANK.NS,2026-06-01
736.0757446289062,HDFCBANK.NS,2026-06-02
741.3878784179688,HDFCBANK.NS,2026-06-03
741.9288940429688,HDFCBANK.NS,2026-06-04
734.8952026367188,HDFCBANK.NS,2026-06-05
726.6319580078125,HDFCBANK.NS,2026-06-08
726.3367919921875,HDFCBANK.NS,2026-06-09
734.698486328125,HDFCBANK.NS,2026-06-10
732.485107421875,HDFCBANK.NS,2026-06-11
759.8819580078125,HDFCBANK.NS,2026-06-12
764.7022094726562,HDFCBANK.NS,2026-06-15
772.1294555664062,HDFCBANK.NS,2026-06-16
774.2935791015625,HDFCBANK.NS,2026-06-17
786.0,HDFCBANK.NS,2026-06-18
779.7999877929688,HDFCBANK.NS,2026-06-19
786.4000244140625,HDFCBANK.NS,2026-06-22
774.6500244140625,HDFCBANK.NS,2026-06-23
793.2000122070312,HDFCBANK.NS,2026-06-24
796.2999877929688,HDFCBANK.NS,2026-06-25
796.2999877929688,HDFCBANK.NS,2026-06-26
798.9000244140625,HDFCBANK.NS,2026-06-29
2871.14892578125,TCS.NS,2022-05-20
2896.21630859375,TCS.NS,2022-05-23
2866.7900390625,TCS.NS,2022-05-24
2780.46142578125,TCS.NS,2022-05-25
2832.51318359375,TCS.NS,2022-05-26
2862.6640625,TCS.NS,2022-05-27
2962.685791015625,TCS.NS,2022-05-30
2953.11865234375,TCS.NS,2022-05-31
2945.0869140625,TCS.NS,2022-06-01
3004.599365234375,TCS.NS,2022-06-02
3019.65283203125,TCS.NS,2022-06-03
3011.5771484375,TCS.NS,2022-06-06
2951.670166015625,TCS.NS,2022-06-07
2988.05322265625,TCS.NS,2022-06-08
3008.1982421875,TCS.NS,2022-06-09
2949.2119140625,TCS.NS,2022-06-10
2826.0615234375,TCS.NS,2022-06-13
2818.117919921875,TCS.NS,2022-06-14
2814.387451171875,TCS.NS,2022-06-15
2757.94677734375,TCS.NS,2022-06-16
2711.3369140625,TCS.NS,2022-06-17
2731.96484375,TCS.NS,2022-06-20
2819.3466796875,TCS.NS,2022-06-21
2829.001953125,TCS.NS,2022-06-22
2904.358154296875,TCS.NS,2022-06-23
2890.5771484375,TCS.NS,2022-06-24
2909.536865234375,TCS.NS,2022-06-27
2912.5654296875,TCS.NS,2022-06-28
2888.294921875,TCS.NS,2022-06-29
2867.755859375,TCS.NS,2022-06-30
2909.888427734375,TCS.NS,2022-07-01
2839.623046875,TCS.NS,2022-07-04
2823.16455078125,TCS.NS,2022-07-05
2862.181884765625,TCS.NS,2022-07-06
2885.96923828125,TCS.NS,2022-07-07
2866.307373046875,TCS.NS,2022-07-08
2733.193359375,TCS.NS,2022-07-11
2707.650146484375,TCS.NS,2022-07-12
2667.317138671875,TCS.NS,2022-07-13
2639.154052734375,TCS.NS,2022-07-14
2635.502197265625,TCS.NS,2022-07-15
2696.139892578125,TCS.NS,2022-07-18
2705.60107421875,TCS.NS,2022-07-19
2785.29248046875,TCS.NS,2022-07-20
2796.293701171875,TCS.NS,2022-07-21
2790.7490234375,TCS.NS,2022-07-22
2787.008544921875,TCS.NS,2022-07-25
2742.256103515625,TCS.NS,2022-07-26
2806.459228515625,TCS.NS,2022-07-27
2869.516357421875,TCS.NS,2022-07-28
2905.9521484375,TCS.NS,2022-07-29
2903.2236328125,TCS.NS,2022-08-01
2897.063232421875,TCS.NS,2022-08-02
2939.043212890625,TCS.NS,2022-08-03
2952.640380859375,TCS.NS,2022-08-04
2961.529541015625,TCS.NS,2022-08-05
2969.802734375,TCS.NS,2022-08-08
2952.024169921875,TCS.NS,2022-08-10
3012.090576171875,TCS.NS,2022-08-11
2993.65283203125,TCS.NS,2022-08-12
2985.86328125,TCS.NS,2022-08-16
2993.2568359375,TCS.NS,2022-08-17
2975.787353515625,TCS.NS,2022-08-18
2979.74755859375,TCS.NS,2022-08-19
2952.2890625,TCS.NS,2022-08-22
2890.726318359375,TCS.NS,2022-08-23
2864.984130859375,TCS.NS,2022-08-24
2832.28857421875,TCS.NS,2022-08-25
2835.809814453125,TCS.NS,2022-08-26
2756.909423828125,TCS.NS,2022-08-29
2826.084228515625,TCS.NS,2022-08-30
2756.161865234375,TCS.NS,2022-09-01
2755.017578125,TCS.NS,2022-09-02
2757.657958984375,TCS.NS,2022-09-05
2752.0693359375,TCS.NS,2022-09-06
2771.915283203125,TCS.NS,2022-09-07
2789.560546875,TCS.NS,2022-09-08
2831.8046875,TCS.NS,2022-09-09
2854.070556640625,TCS.NS,2022-09-12
2842.10205078125,TCS.NS,2022-09-13
2746.216552734375,TCS.NS,2022-09-14
2732.091064453125,TCS.NS,2022-09-15
2647.911865234375,TCS.NS,2022-09-16
2665.600830078125,TCS.NS,2022-09-19
2675.721923828125,TCS.NS,2022-09-20
2641.310546875,TCS.NS,2022-09-21
2646.766845703125,TCS.NS,2022-09-22
2624.456787109375,TCS.NS,2022-09-23
2635.32568359375,TCS.NS,2022-09-26
2655.61181640625,TCS.NS,2022-09-27
2671.62939453125,TCS.NS,2022-09-28
2637.878173828125,TCS.NS,2022-09-29
2644.259033203125,TCS.NS,2022-09-30
2627.00927734375,TCS.NS,2022-10-03
2720.47412109375,TCS.NS,2022-10-04
2729.979248046875,TCS.NS,2022-10-06
2697.37158203125,TCS.NS,2022-10-07
2744.588623046875,TCS.NS,2022-10-10
2701.464599609375,TCS.NS,2022-10-11
2728.923095703125,TCS.NS,2022-10-12
2731.1669921875,TCS.NS,2022-10-13
2727.514892578125,TCS.NS,2022-10-14
2745.69140625,TCS.NS,2022-10-17
2774.764892578125,TCS.NS,2022-10-18
2754.603515625,TCS.NS,2022-10-19
2785.88330078125,TCS.NS,2022-10-20
2768.32421875,TCS.NS,2022-10-21
2789.765380859375,TCS.NS,2022-10-24
2790.118408203125,TCS.NS,2022-10-25
2785.97119140625,TCS.NS,2022-10-27
2791.13330078125,TCS.NS,2022-10-28
2817.515625,TCS.NS,2022-10-31
2876.237060546875,TCS.NS,2022-11-01
2860.3544921875,TCS.NS,2022-11-02
2829.516357421875,TCS.NS,2022-11-03
2838.913330078125,TCS.NS,2022-11-04
2853.295654296875,TCS.NS,2022-11-07
2837.721923828125,TCS.NS,2022-11-09
2828.545166015625,TCS.NS,2022-11-10
2925.86962890625,TCS.NS,2022-11-11
2943.119873046875,TCS.NS,2022-11-14
2940.561767578125,TCS.NS,2022-11-15
2960.635498046875,TCS.NS,2022-11-16
2955.031982421875,TCS.NS,2022-11-17
2950.134521484375,TCS.NS,2022-11-18
2897.2373046875,TCS.NS,2022-11-21
2924.987548828125,TCS.NS,2022-11-22
2919.119873046875,TCS.NS,2022-11-23
2982.517333984375,TCS.NS,2022-11-24
2990.900146484375,TCS.NS,2022-11-25
2995.841552734375,TCS.NS,2022-11-28
2997.694091796875,TCS.NS,2022-11-29
2991.91552734375,TCS.NS,2022-11-30
3066.783203125,TCS.NS,2022-12-01
3034.576904296875,TCS.NS,2022-12-02
3022.8857421875,TCS.NS,2022-12-05
2987.106201171875,TCS.NS,2022-12-06
2982.914794921875,TCS.NS,2022-12-07
2956.39990234375,TCS.NS,2022-12-08
2905.399169921875,TCS.NS,2022-12-09
2899.840087890625,TCS.NS,2022-12-12
2940.120361328125,TCS.NS,2022-12-13
2969.45849609375,TCS.NS,2022-12-14
2916.296142578125,TCS.NS,2022-12-15
2859.0751953125,TCS.NS,2022-12-16
2825.369384765625,TCS.NS,2022-12-19
2862.340087890625,TCS.NS,2022-12-20
2884.046142578125,TCS.NS,2022-12-21
2876.237060546875,TCS.NS,2022-12-22
2848.5751953125,TCS.NS,2022-12-23
2870.237060546875,TCS.NS,2022-12-26
2876.060302734375,TCS.NS,2022-12-27
2873.943359375,TCS.NS,2022-12-28
2884.222412109375,TCS.NS,2022-12-29
2873.59033203125,TCS.NS,2022-12-30
2877.781494140625,TCS.NS,2023-01-02
2921.811279296875,TCS.NS,2023-01-03
2924.72265625,TCS.NS,2023-01-04
2921.59033203125,TCS.NS,2023-01-05
2833.75146484375,TCS.NS,2023-01-06
2929.3994140625,TCS.NS,2023-01-09
2899.7958984375,TCS.NS,2023-01-10
2937.119873046875,TCS.NS,2023-01-11
2942.105224609375,TCS.NS,2023-01-12
2977.576416015625,TCS.NS,2023-01-13
3008.709716796875,TCS.NS,2023-01-16
3048.732177734375,TCS.NS,2023-01-17
3059.199951171875,TCS.NS,2023-01-18
3043.949462890625,TCS.NS,2023-01-19
3034.925537109375,TCS.NS,2023-01-20
3081.67041015625,TCS.NS,2023-01-23
3100.982177734375,TCS.NS,2023-01-24
3095.071533203125,TCS.NS,2023-01-25
3078.1962890625,TCS.NS,2023-01-27
3098.591064453125,TCS.NS,2023-01-30
3030.954345703125,TCS.NS,2023-01-31
3075.759765625,TCS.NS,2023-02-01
3122.73046875,TCS.NS,2023-02-02
3142.493896484375,TCS.NS,2023-02-03
3122.324951171875,TCS.NS,2023-02-06
3133.69482421875,TCS.NS,2023-02-07
3176.60498046875,TCS.NS,2023-02-08
3195.330078125,TCS.NS,2023-02-09
3192.352294921875,TCS.NS,2023-02-10
3142.58349609375,TCS.NS,2023-02-13
3158.556396484375,TCS.NS,2023-02-14
3177.101318359375,TCS.NS,2023-02-15
3210.851806640625,TCS.NS,2023-02-16
3159.50390625,TCS.NS,2023-02-17
3147.005615234375,TCS.NS,2023-02-20
3114.24755859375,TCS.NS,2023-02-21
3069.62353515625,TCS.NS,2023-02-22
3080.677978515625,TCS.NS,2023-02-23
3068.63037109375,TCS.NS,2023-02-24
3006.72509765625,TCS.NS,2023-02-27
2989.578857421875,TCS.NS,2023-02-28
3055.3193359375,TCS.NS,2023-03-01
2997.33935546875,TCS.NS,2023-03-02
3016.01953125,TCS.NS,2023-03-03
3042.821533203125,TCS.NS,2023-03-06
3059.561279296875,TCS.NS,2023-03-08
3011.236572265625,TCS.NS,2023-03-09
3005.957763671875,TCS.NS,2023-03-10
2961.693603515625,TCS.NS,2023-03-13
2901.2314453125,TCS.NS,2023-03-14
2886.747802734375,TCS.NS,2023-03-15
2874.2041015625,TCS.NS,2023-03-16
2869.060791015625,TCS.NS,2023-03-17
2836.57373046875,TCS.NS,2023-03-20
2803.003662109375,TCS.NS,2023-03-21
2825.293701171875,TCS.NS,2023-03-22
2819.7431640625,TCS.NS,2023-03-23
2815.99853515625,TCS.NS,2023-03-24
2817.623291015625,TCS.NS,2023-03-27
2811.84716796875,TCS.NS,2023-03-28
2832.6025390625,TCS.NS,2023-03-29
2893.0654296875,TCS.NS,2023-03-31
2887.740478515625,TCS.NS,2023-04-03
2923.6572265625,TCS.NS,2023-04-05
2906.420654296875,TCS.NS,2023-04-06
2944.953857421875,TCS.NS,2023-04-10
2900.193603515625,TCS.NS,2023-04-11
2925.326416015625,TCS.NS,2023-04-12
2877.67919921875,TCS.NS,2023-04-13
2833.144287109375,TCS.NS,2023-04-17
2825.248291015625,TCS.NS,2023-04-18
2788.11376953125,TCS.NS,2023-04-19
2801.83056640625,TCS.NS,2023-04-20
2852.4111328125,TCS.NS,2023-04-21
2864.99951171875,TCS.NS,2023-04-24
2866.082763671875,TCS.NS,2023-04-25
2886.07080078125,TCS.NS,2023-04-26
2876.866455078125,TCS.NS,2023-04-27
2905.1123046875,TCS.NS,2023-04-28
2905.248046875,TCS.NS,2023-05-02
2869.602294921875,TCS.NS,2023-05-03
2906.420654296875,TCS.NS,2023-05-04
2915.445068359375,TCS.NS,2023-05-05
2933.4033203125,TCS.NS,2023-05-08
2962.866943359375,TCS.NS,2023-05-09
2966.07080078125,TCS.NS,2023-05-10
2961.8740234375,TCS.NS,2023-05-11
2954.790771484375,TCS.NS,2023-05-12
2937.418701171875,TCS.NS,2023-05-15
2940.21630859375,TCS.NS,2023-05-16
2895.591552734375,TCS.NS,2023-05-17
2887.60546875,TCS.NS,2023-05-18
2908.36083984375,TCS.NS,2023-05-19
2976.8095703125,TCS.NS,2023-05-22
2975.3203125,TCS.NS,2023-05-23
2981.005615234375,TCS.NS,2023-05-24
2972.116943359375,TCS.NS,2023-05-25
3004.062744140625,TCS.NS,2023-05-26
2996.34716796875,TCS.NS,2023-05-29
2992.601806640625,TCS.NS,2023-05-30
2968.50732421875,TCS.NS,2023-05-31
2999.640380859375,TCS.NS,2023-06-01
2983.0361328125,TCS.NS,2023-06-02
2967.9658203125,TCS.NS,2023-06-05
2916.8896484375,TCS.NS,2023-06-06
2955.331787109375,TCS.NS,2023-06-07
2920.6337890625,TCS.NS,2023-06-08
2896.133544921875,TCS.NS,2023-06-09
2930.063720703125,TCS.NS,2023-06-12
2927.17626953125,TCS.NS,2023-06-13
2933.80908203125,TCS.NS,2023-06-14
2924.0361328125,TCS.NS,2023-06-15
2886.39794921875,TCS.NS,2023-06-16
2918.672119140625,TCS.NS,2023-06-19
2934.39990234375,TCS.NS,2023-06-20
2962.128662109375,TCS.NS,2023-06-21
2944.21875,TCS.NS,2023-06-22
2924.081298828125,TCS.NS,2023-06-23
2899.807373046875,TCS.NS,2023-06-26
2906.80810546875,TCS.NS,2023-06-27
2923.26318359375,TCS.NS,2023-06-28
3002.17626953125,TCS.NS,2023-06-30
2974.947509765625,TCS.NS,2023-07-03
3008.1767578125,TCS.NS,2023-07-04
3018.266845703125,TCS.NS,2023-07-05
3020.948974609375,TCS.NS,2023-07-06
3026.72216796875,TCS.NS,2023-07-07
2974.62939453125,TCS.NS,2023-07-10
2975.0380859375,TCS.NS,2023-07-11
2963.673828125,TCS.NS,2023-07-12
3036.99560546875,TCS.NS,2023-07-13
3195.274658203125,TCS.NS,2023-07-14
3174.41064453125,TCS.NS,2023-07-17
3179.0927734375,TCS.NS,2023-07-18
3154.727783203125,TCS.NS,2023-07-19
3156.779052734375,TCS.NS,2023-07-20
3070.186767578125,TCS.NS,2023-07-21
3094.295654296875,TCS.NS,2023-07-24
3098.306640625,TCS.NS,2023-07-25
3088.41650390625,TCS.NS,2023-07-26
3096.25537109375,TCS.NS,2023-07-27
3058.4287109375,TCS.NS,2023-07-28
3118.632568359375,TCS.NS,2023-07-31
3146.5244140625,TCS.NS,2023-08-01
3136.133544921875,TCS.NS,2023-08-02
3099.03564453125,TCS.NS,2023-08-03
3138.776611328125,TCS.NS,2023-08-04
3175.6923828125,TCS.NS,2023-08-07
3163.4326171875,TCS.NS,2023-08-08
3156.049560546875,TCS.NS,2023-08-09
3137.455322265625,TCS.NS,2023-08-10
3143.56201171875,TCS.NS,2023-08-11
3144.51953125,TCS.NS,2023-08-14
3152.312255859375,TCS.NS,2023-08-16
3131.666748046875,TCS.NS,2023-08-17
3069.093017578125,TCS.NS,2023-08-18
3100.584716796875,TCS.NS,2023-08-21
3082.810791015625,TCS.NS,2023-08-22
3097.486083984375,TCS.NS,2023-08-23
3087.91552734375,TCS.NS,2023-08-24
3082.036376953125,TCS.NS,2023-08-25
3076.794921875,TCS.NS,2023-08-28
3077.341796875,TCS.NS,2023-08-29
3090.831787109375,TCS.NS,2023-08-30
3059.70458984375,TCS.NS,2023-08-31
3080.121826171875,TCS.NS,2023-09-01
3115.943603515625,TCS.NS,2023-09-04
3125.833251953125,TCS.NS,2023-09-05
3126.33447265625,TCS.NS,2023-09-06
3149.44091796875,TCS.NS,2023-09-07
3137.272705078125,TCS.NS,2023-09-08
3172.593017578125,TCS.NS,2023-09-11
3263.87890625,TCS.NS,2023-09-12
3252.075439453125,TCS.NS,2023-09-13
3244.9658203125,TCS.NS,2023-09-14
3279.830078125,TCS.NS,2023-09-15
3286.985595703125,TCS.NS,2023-09-18
3286.89453125,TCS.NS,2023-09-20
3267.980712890625,TCS.NS,2023-09-21
3284.706787109375,TCS.NS,2023-09-22
3260.55224609375,TCS.NS,2023-09-25
3268.345947265625,TCS.NS,2023-09-26
3271.626953125,TCS.NS,2023-09-27
3223.7275390625,TCS.NS,2023-09-28
3216.29931640625,TCS.NS,2023-09-29
3202.854736328125,TCS.NS,2023-10-03
3224.6396484375,TCS.NS,2023-10-04
3271.672607421875,TCS.NS,2023-10-05
3300.8857421875,TCS.NS,2023-10-06
3316.3359375,TCS.NS,2023-10-09
3307.72216796875,TCS.NS,2023-10-10
3290.404052734375,TCS.NS,2023-10-11
3229.014892578125,TCS.NS,2023-10-12
3254.8095703125,TCS.NS,2023-10-13
3212.15185546875,TCS.NS,2023-10-16
3196.656494140625,TCS.NS,2023-10-17
3178.60888671875,TCS.NS,2023-10-18
3157.956298828125,TCS.NS,2023-10-19
3193.504638671875,TCS.NS,2023-10-20
3116.375732421875,TCS.NS,2023-10-23
3098.052734375,TCS.NS,2023-10-25
3049.298828125,TCS.NS,2023-10-26
3062.275390625,TCS.NS,2023-10-27
3087.49755859375,TCS.NS,2023-10-30
3078.54248046875,TCS.NS,2023-10-31
3043.724365234375,TCS.NS,2023-11-01
3070.637451171875,TCS.NS,2023-11-02
3062.2294921875,TCS.NS,2023-11-03
3089.0517578125,TCS.NS,2023-11-06
3080.095458984375,TCS.NS,2023-11-07
3090.239501953125,TCS.NS,2023-11-08
3059.076416015625,TCS.NS,2023-11-09
3046.282958984375,TCS.NS,2023-11-10
3044.546875,TCS.NS,2023-11-13
3111.02978515625,TCS.NS,2023-11-15
3196.520263671875,TCS.NS,2023-11-16
3200.72412109375,TCS.NS,2023-11-17
3216.397216796875,TCS.NS,2023-11-20
3207.806396484375,TCS.NS,2023-11-21
3226.0380859375,TCS.NS,2023-11-22
3206.024658203125,TCS.NS,2023-11-23
3159.28076171875,TCS.NS,2023-11-24
3171.20703125,TCS.NS,2023-11-28
3211.05078125,TCS.NS,2023-11-29
3187.15380859375,TCS.NS,2023-11-30
3209.13134765625,TCS.NS,2023-12-01
3209.862548828125,TCS.NS,2023-12-04
3227.363037109375,TCS.NS,2023-12-05
3293.61767578125,TCS.NS,2023-12-06
3303.48681640625,TCS.NS,2023-12-07
3314.2705078125,TCS.NS,2023-12-08
3329.074462890625,TCS.NS,2023-12-11
3355.759521484375,TCS.NS,2023-12-12
3283.9765625,TCS.NS,2023-12-13
3351.327392578125,TCS.NS,2023-12-14
3528.38623046875,TCS.NS,2023-12-15
3526.740966796875,TCS.NS,2023-12-18
3487.445556640625,TCS.NS,2023-12-19
3454.409912109375,TCS.NS,2023-12-20
3461.21826171875,TCS.NS,2023-12-21
3494.57373046875,TCS.NS,2023-12-22
3468.574951171875,TCS.NS,2023-12-26
3482.8759765625,TCS.NS,2023-12-27
3472.5498046875,TCS.NS,2023-12-28
3466.609619140625,TCS.NS,2023-12-29
3482.784912109375,TCS.NS,2024-01-01
3457.2880859375,TCS.NS,2024-01-02
3373.716796875,TCS.NS,2024-01-03
3350.916015625,TCS.NS,2024-01-04
3415.890869140625,TCS.NS,2024-01-05
3361.425048828125,TCS.NS,2024-01-08
3372.02587890625,TCS.NS,2024-01-09
3393.181640625,TCS.NS,2024-01-10
3413.74365234375,TCS.NS,2024-01-11
3548.30810546875,TCS.NS,2024-01-12
3567.4990234375,TCS.NS,2024-01-15
3528.660400390625,TCS.NS,2024-01-16
3549.95361328125,TCS.NS,2024-01-17
3566.402587890625,TCS.NS,2024-01-18
3628.47119140625,TCS.NS,2024-01-19
3550.436767578125,TCS.NS,2024-01-23
3535.29931640625,TCS.NS,2024-01-24
3506.31201171875,TCS.NS,2024-01-25
3497.75390625,TCS.NS,2024-01-29
3497.340087890625,TCS.NS,2024-01-30
3511.511474609375,TCS.NS,2024-01-31
3546.66357421875,TCS.NS,2024-02-01
3649.86669921875,TCS.NS,2024-02-02
3656.308349609375,TCS.NS,2024-02-05
3806.027587890625,TCS.NS,2024-02-06
3757.623779296875,TCS.NS,2024-02-07
3804.279296875,TCS.NS,2024-02-08
3803.91162109375,TCS.NS,2024-02-09
3791.948974609375,TCS.NS,2024-02-12
3818.45068359375,TCS.NS,2024-02-13
3772.991943359375,TCS.NS,2024-02-14
3775.844970703125,TCS.NS,2024-02-15
3798.942138671875,TCS.NS,2024-02-16
3776.396484375,TCS.NS,2024-02-19
3709.08251953125,TCS.NS,2024-02-20
3673.056396484375,TCS.NS,2024-02-21
3761.029296875,TCS.NS,2024-02-22
3728.821533203125,TCS.NS,2024-02-23
3681.84423828125,TCS.NS,2024-02-26
3776.94873046875,TCS.NS,2024-02-27
3790.33837890625,TCS.NS,2024-02-28
3768.391357421875,TCS.NS,2024-02-29
3767.70068359375,TCS.NS,2024-03-01
3755.1396484375,TCS.NS,2024-03-04
3692.012939453125,TCS.NS,2024-03-05
3740.0478515625,TCS.NS,2024-03-06
3780.81396484375,TCS.NS,2024-03-07
3793.467041015625,TCS.NS,2024-03-11
3857.790283203125,TCS.NS,2024-03-12
3817.990234375,TCS.NS,2024-03-13
3871.91552734375,TCS.NS,2024-03-14
3882.6357421875,TCS.NS,2024-03-15
3821.21142578125,TCS.NS,2024-03-18
3659.989013671875,TCS.NS,2024-03-19
3654.099365234375,TCS.NS,2024-03-20
3655.986083984375,TCS.NS,2024-03-21
3598.886474609375,TCS.NS,2024-03-22
3568.150634765625,TCS.NS,2024-03-26
3534.470947265625,TCS.NS,2024-03-27
3567.046630859375,TCS.NS,2024-03-28
3604.269775390625,TCS.NS,2024-04-01
3573.9482421875,TCS.NS,2024-04-02
3632.38232421875,TCS.NS,2024-04-03
3683.91455078125,TCS.NS,2024-04-04
3661.782958984375,TCS.NS,2024-04-05
3655.6181640625,TCS.NS,2024-04-08
3631.6923828125,TCS.NS,2024-04-09
3666.752685546875,TCS.NS,2024-04-10
3682.166259765625,TCS.NS,2024-04-12
3626.76904296875,TCS.NS,2024-04-15
3563.82568359375,TCS.NS,2024-04-16
3553.8876953125,TCS.NS,2024-04-18
3520.94384765625,TCS.NS,2024-04-19
3556.2802734375,TCS.NS,2024-04-22
3565.574462890625,TCS.NS,2024-04-23
3525.406982421875,TCS.NS,2024-04-24
3544.869140625,TCS.NS,2024-04-25
3516.480712890625,TCS.NS,2024-04-26
3561.433349609375,TCS.NS,2024-04-29
3515.83642578125,TCS.NS,2024-04-30
3555.083740234375,TCS.NS,2024-05-02
3536.771484375,TCS.NS,2024-05-03
3608.22705078125,TCS.NS,2024-05-06
3661.507568359375,TCS.NS,2024-05-07
3659.666748046875,TCS.NS,2024-05-08
3644.253173828125,TCS.NS,2024-05-09
3583.24267578125,TCS.NS,2024-05-10
3632.8427734375,TCS.NS,2024-05-13
3589.9599609375,TCS.NS,2024-05-14
3570.8193359375,TCS.NS,2024-05-15
3615.820556640625,TCS.NS,2024-05-16
3553.857177734375,TCS.NS,2024-05-17
3540.97314453125,TCS.NS,2024-05-21
3551.910888671875,TCS.NS,2024-05-22
3608.868896484375,TCS.NS,2024-05-23
3568.131591796875,TCS.NS,2024-05-24
3565.860595703125,TCS.NS,2024-05-27
3559.23291015625,TCS.NS,2024-05-28
3525.632568359375,TCS.NS,2024-05-29
3463.020263671875,TCS.NS,2024-05-30
3402.632080078125,TCS.NS,2024-05-31
3432.200927734375,TCS.NS,2024-06-03
3443.462646484375,TCS.NS,2024-06-04
3472.61328125,TCS.NS,2024-06-05
3550.42724609375,TCS.NS,2024-06-06
3609.332275390625,TCS.NS,2024-06-07
3576.6591796875,TCS.NS,2024-06-10
3570.541748046875,TCS.NS,2024-06-11
3551.5859375,TCS.NS,2024-06-12
3594.687255859375,TCS.NS,2024-06-13
3551.957275390625,TCS.NS,2024-06-14
3536.245849609375,TCS.NS,2024-06-18
3523.8251953125,TCS.NS,2024-06-19
3510.431396484375,TCS.NS,2024-06-20
3532.2138671875,TCS.NS,2024-06-21
3537.82177734375,TCS.NS,2024-06-24
3557.888916015625,TCS.NS,2024-06-25
3574.017333984375,TCS.NS,2024-06-26
3646.59423828125,TCS.NS,2024-06-27
3618.787109375,TCS.NS,2024-06-28
3687.4248046875,TCS.NS,2024-07-01
3723.75927734375,TCS.NS,2024-07-02
3675.4208984375,TCS.NS,2024-07-03
3727.049560546875,TCS.NS,2024-07-04
3718.568603515625,TCS.NS,2024-07-05
3701.328369140625,TCS.NS,2024-07-08
3694.191162109375,TCS.NS,2024-07-09
3623.421630859375,TCS.NS,2024-07-10
3636.907958984375,TCS.NS,2024-07-11
3878.1357421875,TCS.NS,2024-07-12
3864.46435546875,TCS.NS,2024-07-15
3873.03857421875,TCS.NS,2024-07-16
4000.116455078125,TCS.NS,2024-07-18
3997.1904296875,TCS.NS,2024-07-19
3983.207763671875,TCS.NS,2024-07-22
3997.14453125,TCS.NS,2024-07-23
4000.76708984375,TCS.NS,2024-07-24
4015.864013671875,TCS.NS,2024-07-25
4076.57861328125,TCS.NS,2024-07-26
4070.3076171875,TCS.NS,2024-07-29
4055.67529296875,TCS.NS,2024-07-30
4074.25634765625,TCS.NS,2024-07-31
4085.171875,TCS.NS,2024-08-01
3979.212646484375,TCS.NS,2024-08-02
3860.29345703125,TCS.NS,2024-08-05
3875.2978515625,TCS.NS,2024-08-06
3902.472900390625,TCS.NS,2024-08-07
3876.5517578125,TCS.NS,2024-08-08
3928.764892578125,TCS.NS,2024-08-09
3898.012939453125,TCS.NS,2024-08-12
3899.221435546875,TCS.NS,2024-08-13
3990.54833984375,TCS.NS,2024-08-14
4102.77880859375,TCS.NS,2024-08-16
4171.48193359375,TCS.NS,2024-08-19
4202.419921875,TCS.NS,2024-08-20
4228.61962890625,TCS.NS,2024-08-21
4182.63134765625,TCS.NS,2024-08-22
4147.2333984375,TCS.NS,2024-08-23
4183.048828125,TCS.NS,2024-08-26
4178.125,TCS.NS,2024-08-27
4186.3935546875,TCS.NS,2024-08-28
4191.7353515625,TCS.NS,2024-08-29
4230.7099609375,TCS.NS,2024-08-30
4200.32958984375,TCS.NS,2024-09-02
4192.2470703125,TCS.NS,2024-09-03
4161.4951171875,TCS.NS,2024-09-04
4158.42919921875,TCS.NS,2024-09-05
4140.59033203125,TCS.NS,2024-09-06
4133.90185546875,TCS.NS,2024-09-09
4188.06591796875,TCS.NS,2024-09-10
4161.587890625,TCS.NS,2024-09-11
4197.216796875,TCS.NS,2024-09-12
4201.77001953125,TCS.NS,2024-09-13
4193.08251953125,TCS.NS,2024-09-16
4186.02197265625,TCS.NS,2024-09-17
4037.83642578125,TCS.NS,2024-09-18
3991.3837890625,TCS.NS,2024-09-19
3980.931640625,TCS.NS,2024-09-20
3965.695068359375,TCS.NS,2024-09-23
3968.296875,TCS.NS,2024-09-24
3971.501708984375,TCS.NS,2024-09-25
3987.99267578125,TCS.NS,2024-09-26
4003.0439453125,TCS.NS,2024-09-27
3965.695068359375,TCS.NS,2024-09-30
3983.71923828125,TCS.NS,2024-10-01
3932.481201171875,TCS.NS,2024-10-03
3950.59814453125,TCS.NS,2024-10-04
3969.73681640625,TCS.NS,2024-10-07
3951.52734375,TCS.NS,2024-10-08
3951.24853515625,TCS.NS,2024-10-09
3927.51123046875,TCS.NS,2024-10-10
3854.858642578125,TCS.NS,2024-10-11
3843.19873046875,TCS.NS,2024-10-14
3824.756591796875,TCS.NS,2024-10-15
3804.456787109375,TCS.NS,2024-10-16
3817.51025390625,TCS.NS,2024-10-17
3839.907958984375,TCS.NS,2024-10-18
3799.675048828125,TCS.NS,2024-10-21
3739.74462890625,TCS.NS,2024-10-22
3787.009033203125,TCS.NS,2024-10-23
3769.919189453125,TCS.NS,2024-10-24
3778.906494140625,TCS.NS,2024-10-25
3809.919921875,TCS.NS,2024-10-28
3795.391357421875,TCS.NS,2024-10-29
3804.145263671875,TCS.NS,2024-10-30
3695.92529296875,TCS.NS,2024-10-31
3710.593505859375,TCS.NS,2024-11-01
3691.920654296875,TCS.NS,2024-11-04
3698.6259765625,TCS.NS,2024-11-05
3855.3681640625,TCS.NS,2024-11-06
3865.845703125,TCS.NS,2024-11-07
3862.21337890625,TCS.NS,2024-11-08
3910.36376953125,TCS.NS,2024-11-11
3909.152099609375,TCS.NS,2024-11-12
3865.333740234375,TCS.NS,2024-11-13
3861.189208984375,TCS.NS,2024-11-14
3743.469482421875,TCS.NS,2024-11-18
3762.142578125,TCS.NS,2024-11-19
3793.155517578125,TCS.NS,2024-11-21
3953.111083984375,TCS.NS,2024-11-22
4018.769775390625,TCS.NS,2024-11-25
4053.787841796875,TCS.NS,2024-11-26
4035.021484375,TCS.NS,2024-11-27
3953.390625,TCS.NS,2024-11-28
3977.55859375,TCS.NS,2024-11-29
3982.960205078125,TCS.NS,2024-12-02
4007.26806640625,TCS.NS,2024-12-03
4055.370849609375,TCS.NS,2024-12-04
4157.490234375,TCS.NS,2024-12-05
4140.21435546875,TCS.NS,2024-12-06
4146.40771484375,TCS.NS,2024-12-09
4128.1533203125,TCS.NS,2024-12-10
4123.404296875,TCS.NS,2024-12-11
4149.015625,TCS.NS,2024-12-12
4166.6640625,TCS.NS,2024-12-13
4111.99658203125,TCS.NS,2024-12-16
4031.2490234375,TCS.NS,2024-12-17
4049.27099609375,TCS.NS,2024-12-18
3978.536376953125,TCS.NS,2024-12-19
3883.91357421875,TCS.NS,2024-12-20
3872.7373046875,TCS.NS,2024-12-23
3892.48193359375,TCS.NS,2024-12-24
3882.796142578125,TCS.NS,2024-12-26
3878.837890625,TCS.NS,2024-12-27
3873.203125,TCS.NS,2024-12-30
3813.598388671875,TCS.NS,2024-12-31
3830.03662109375,TCS.NS,2025-01-01
3888.9892578125,TCS.NS,2025-01-02
3818.347900390625,TCS.NS,2025-01-03
3813.78466796875,TCS.NS,2025-01-06
3751.6650390625,TCS.NS,2025-01-07
3826.26416015625,TCS.NS,2025-01-08
3761.49072265625,TCS.NS,2025-01-09
3972.7158203125,TCS.NS,2025-01-10
3996.41845703125,TCS.NS,2025-01-13
3942.35400390625,TCS.NS,2025-01-14
3957.76806640625,TCS.NS,2025-01-15
3917.44091796875,TCS.NS,2025-01-16
3911.750244140625,TCS.NS,2025-01-17
3867.64697265625,TCS.NS,2025-01-20
3827.858642578125,TCS.NS,2025-01-21
3942.38623046875,TCS.NS,2025-01-22
3931.810546875,TCS.NS,2025-01-23
3938.35498046875,TCS.NS,2025-01-24
3855.648681640625,TCS.NS,2025-01-27
3832.07958984375,TCS.NS,2025-01-28
3888.512939453125,TCS.NS,2025-01-29
3888.750244140625,TCS.NS,2025-01-30
3900.463623046875,TCS.NS,2025-01-31
3863.236572265625,TCS.NS,2025-02-01
3858.968505859375,TCS.NS,2025-02-03
3895.389404296875,TCS.NS,2025-02-04
3880.26123046875,TCS.NS,2025-02-05
3872.341796875,TCS.NS,2025-02-06
3821.7412109375,TCS.NS,2025-02-07
3828.902099609375,TCS.NS,2025-02-10
3759.284912109375,TCS.NS,2025-02-11
3746.57568359375,TCS.NS,2025-02-12
3708.636962890625,TCS.NS,2025-02-13
3732.06396484375,TCS.NS,2025-02-14
3703.278076171875,TCS.NS,2025-02-17
3673.5908203125,TCS.NS,2025-02-18
3589.0830078125,TCS.NS,2025-02-19
3584.625,TCS.NS,2025-02-20
3590.88525390625,TCS.NS,2025-02-21
3486.1748046875,TCS.NS,2025-02-24
3442.497802734375,TCS.NS,2025-02-25
3426.374267578125,TCS.NS,2025-02-27
3303.737548828125,TCS.NS,2025-02-28
3313.03271484375,TCS.NS,2025-03-03
3350.022705078125,TCS.NS,2025-03-04
3364.249755859375,TCS.NS,2025-03-05
3415.988525390625,TCS.NS,2025-03-06
3425.09326171875,TCS.NS,2025-03-07
3404.654296875,TCS.NS,2025-03-10
3391.0439453125,TCS.NS,2025-03-11
3325.505126953125,TCS.NS,2025-03-12
3330.104736328125,TCS.NS,2025-03-13
3317.44287109375,TCS.NS,2025-03-17
3317.44287109375,TCS.NS,2025-03-18
3316.8740234375,TCS.NS,2025-03-19
3379.52001953125,TCS.NS,2025-03-20
3393.699462890625,TCS.NS,2025-03-21
3441.928955078125,TCS.NS,2025-03-24
3469.244873046875,TCS.NS,2025-03-25
3448.426025390625,TCS.NS,2025-03-26
3463.0322265625,TCS.NS,2025-03-27
3420.3037109375,TCS.NS,2025-03-28
3367.806396484375,TCS.NS,2025-04-01
3361.30908203125,TCS.NS,2025-04-02
3227.765380859375,TCS.NS,2025-04-03
3129.362548828125,TCS.NS,2025-04-04
3105.319091796875,TCS.NS,2025-04-07
3123.244873046875,TCS.NS,2025-04-08
3079.28369140625,TCS.NS,2025-04-09
3064.961669921875,TCS.NS,2025-04-11
3080.801025390625,TCS.NS,2025-04-15
3105.08203125,TCS.NS,2025-04-16
3128.88818359375,TCS.NS,2025-04-17
3150.418701171875,TCS.NS,2025-04-21
3143.58935546875,TCS.NS,2025-04-22
3237.10791015625,TCS.NS,2025-04-23
3226.295654296875,TCS.NS,2025-04-24
3270.304443359375,TCS.NS,2025-04-25
3266.0361328125,TCS.NS,2025-04-28
3293.541748046875,TCS.NS,2025-04-29
3275.71044921875,TCS.NS,2025-04-30
3254.18017578125,TCS.NS,2025-05-02
3276.279541015625,TCS.NS,2025-05-05
3281.68603515625,TCS.NS,2025-05-06
3267.5537109375,TCS.NS,2025-05-07
3271.15771484375,TCS.NS,2025-05-08
3263.00146484375,TCS.NS,2025-05-09
3433.819580078125,TCS.NS,2025-05-12
3333.8515625,TCS.NS,2025-05-13
3365.814208984375,TCS.NS,2025-05-14
3395.40625,TCS.NS,2025-05-15
3377.76513671875,TCS.NS,2025-05-16
3337.455810546875,TCS.NS,2025-05-19
3318.011962890625,TCS.NS,2025-05-20
3344.0947265625,TCS.NS,2025-05-21
3297.81005859375,TCS.NS,2025-05-22
3333.47216796875,TCS.NS,2025-05-23
3355.002197265625,TCS.NS,2025-05-26
3318.391357421875,TCS.NS,2025-05-27
3317.44287109375,TCS.NS,2025-05-28
3317.82275390625,TCS.NS,2025-05-29
3284.91064453125,TCS.NS,2025-05-30
3272.011474609375,TCS.NS,2025-06-02
3229.709716796875,TCS.NS,2025-06-03
3235.1640625,TCS.NS,2025-06-04
3225.786865234375,TCS.NS,2025-06-05
3238.322021484375,TCS.NS,2025-06-06
3274.396728515625,TCS.NS,2025-06-09
3313.62939453125,TCS.NS,2025-06-10
3322.24169921875,TCS.NS,2025-06-11
3286.1669921875,TCS.NS,2025-06-12
3297.17138671875,TCS.NS,2025-06-13
3345.590087890625,TCS.NS,2025-06-16
3363.770751953125,TCS.NS,2025-06-17
3302.62548828125,TCS.NS,2025-06-18
3276.406494140625,TCS.NS,2025-06-19
3287.60205078125,TCS.NS,2025-06-20
3247.317138671875,TCS.NS,2025-06-23
3244.254638671875,TCS.NS,2025-06-24
3296.31005859375,TCS.NS,2025-06-25
3293.439208984375,TCS.NS,2025-06-26
3292.76953125,TCS.NS,2025-06-27
3312.7685546875,TCS.NS,2025-06-30
3281.860595703125,TCS.NS,2025-07-01
3275.73681640625,TCS.NS,2025-07-02
3254.20654296875,TCS.NS,2025-07-03
3272.387451171875,TCS.NS,2025-07-04
3264.636474609375,TCS.NS,2025-07-07
3259.37353515625,TCS.NS,2025-07-08
3237.939208984375,TCS.NS,2025-07-09
3236.216796875,TCS.NS,2025-07-10
3125.21728515625,TCS.NS,2025-07-11
3083.78369140625,TCS.NS,2025-07-14
3112.10791015625,TCS.NS,2025-07-15
3104.234375,TCS.NS,2025-07-16
3081.286865234375,TCS.NS,2025-07-17
3062.75634765625,TCS.NS,2025-07-18
3032.319580078125,TCS.NS,2025-07-21
3033.6640625,TCS.NS,2025-07-22
3052.386962890625,TCS.NS,2025-07-23
3022.5263671875,TCS.NS,2025-07-24
3010.812744140625,TCS.NS,2025-07-25
2956.56494140625,TCS.NS,2025-07-28
2934.193115234375,TCS.NS,2025-07-29
2931.88916015625,TCS.NS,2025-07-30
2915.758544921875,TCS.NS,2025-07-31
2883.305908203125,TCS.NS,2025-08-01
2951.85986328125,TCS.NS,2025-08-04
2941.778564453125,TCS.NS,2025-08-05
2911.43798828125,TCS.NS,2025-08-06
2925.552001953125,TCS.NS,2025-08-07
2915.374267578125,TCS.NS,2025-08-08
2919.599365234375,TCS.NS,2025-08-11
2914.414306640625,TCS.NS,2025-08-12
2915.182373046875,TCS.NS,2025-08-13
2901.836669921875,TCS.NS,2025-08-14
2891.17919921875,TCS.NS,2025-08-18
2895.9794921875,TCS.NS,2025-08-19
2975.095458984375,TCS.NS,2025-08-20
2978.935791015625,TCS.NS,2025-08-21
2932.273193359375,TCS.NS,2025-08-22
3015.421630859375,TCS.NS,2025-08-25
3031.35986328125,TCS.NS,2025-08-26
2970.390625,TCS.NS,2025-08-28
2961.74951171875,TCS.NS,2025-08-29
2988.53759765625,TCS.NS,2025-09-01
2987.481201171875,TCS.NS,2025-09-02
2974.0390625,TCS.NS,2025-09-03
2972.310546875,TCS.NS,2025-09-04
2926.80029296875,TCS.NS,2025-09-05
2898.66796875,TCS.NS,2025-09-08
2927.856201171875,TCS.NS,2025-09-09
2986.041015625,TCS.NS,2025-09-10
2999.6748046875,TCS.NS,2025-09-11
3008.50830078125,TCS.NS,2025-09-12
2987.865234375,TCS.NS,2025-09-15
3020.318115234375,TCS.NS,2025-09-16
3046.337890625,TCS.NS,2025-09-17
3050.082275390625,TCS.NS,2025-09-18
3042.88134765625,TCS.NS,2025-09-19
2951.283935546875,TCS.NS,2025-09-22
2940.338134765625,TCS.NS,2025-09-23
2914.414306640625,TCS.NS,2025-09-24
2839.523193359375,TCS.NS,2025-09-25
2783.54736328125,TCS.NS,2025-09-26
2780.6669921875,TCS.NS,2025-09-29
2773.2734375,TCS.NS,2025-09-30
2798.044921875,TCS.NS,2025-10-01
2786.2353515625,TCS.NS,2025-10-03
2869.287841796875,TCS.NS,2025-10-06
2855.173583984375,TCS.NS,2025-10-07
2906.541015625,TCS.NS,2025-10-08
2939.666015625,TCS.NS,2025-10-09
2907.597412109375,TCS.NS,2025-10-10
2887.338134765625,TCS.NS,2025-10-13
2842.307861328125,TCS.NS,2025-10-14
2862.06396484375,TCS.NS,2025-10-15
2862.93115234375,TCS.NS,2025-10-16
2854.73974609375,TCS.NS,2025-10-17
2905.81689453125,TCS.NS,2025-10-20
2897.625244140625,TCS.NS,2025-10-21
2961.712890625,TCS.NS,2025-10-23
2952.07568359375,TCS.NS,2025-10-24
2972.98828125,TCS.NS,2025-10-27
2946.968017578125,TCS.NS,2025-10-28
2946.678955078125,TCS.NS,2025-10-29
2925.187744140625,TCS.NS,2025-10-30
2947.064208984375,TCS.NS,2025-10-31
2907.35888671875,TCS.NS,2025-11-03
2881.723876953125,TCS.NS,2025-11-04
2901.6728515625,TCS.NS,2025-11-06
2883.265869140625,TCS.NS,2025-11-07
2915.4541015625,TCS.NS,2025-11-10
2936.46337890625,TCS.NS,2025-11-11
3018.18701171875,TCS.NS,2025-11-12
2993.03369140625,TCS.NS,2025-11-13
2993.322998046875,TCS.NS,2025-11-14
2989.660888671875,TCS.NS,2025-11-17
2975.108642578125,TCS.NS,2025-11-18
3033.51025390625,TCS.NS,2025-11-19
3030.715576171875,TCS.NS,2025-11-20
3036.30517578125,TCS.NS,2025-11-21
3027.245849609375,TCS.NS,2025-11-24
3006.04443359375,TCS.NS,2025-11-25
3048.15869140625,TCS.NS,2025-11-26
3022.81298828125,TCS.NS,2025-11-27
3023.680419921875,TCS.NS,2025-11-28
3019.72900390625,TCS.NS,2025-12-01
3021.94580078125,TCS.NS,2025-12-02
3064.63818359375,TCS.NS,2025-12-03
3112.0537109375,TCS.NS,2025-12-04
3120.72705078125,TCS.NS,2025-12-05
3119.0888671875,TCS.NS,2025-12-08
3091.911865234375,TCS.NS,2025-12-09
3073.504638671875,TCS.NS,2025-12-10
3076.10693359375,TCS.NS,2025-12-11
3103.66943359375,TCS.NS,2025-12-12
3113.017333984375,TCS.NS,2025-12-15
3088.828125,TCS.NS,2025-12-16
3101.067138671875,TCS.NS,2025-12-17
3161.78173828125,TCS.NS,2025-12-18
3162.938232421875,TCS.NS,2025-12-19
3204.281982421875,TCS.NS,2025-12-22
3189.92236328125,TCS.NS,2025-12-23
3198.59619140625,TCS.NS,2025-12-24
3161.0107421875,TCS.NS,2025-12-26
3133.544677734375,TCS.NS,2025-12-29
3129.01513671875,TCS.NS,2025-12-30
3089.887939453125,TCS.NS,2025-12-31
3110.31884765625,TCS.NS,2026-01-01
3132.7734375,TCS.NS,2026-01-02
3099.428955078125,TCS.NS,2026-01-05
3137.6884765625,TCS.NS,2026-01-06
3176.044921875,TCS.NS,2026-01-07
3087.67138671875,TCS.NS,2026-01-08
3091.43017578125,TCS.NS,2026-01-09
3122.076416015625,TCS.NS,2026-01-12
3149.446044921875,TCS.NS,2026-01-13
3076.684814453125,TCS.NS,2026-01-14
3076.684814453125,TCS.NS,2026-01-15
3146.54931640625,TCS.NS,2026-01-16
3104.258056640625,TCS.NS,2026-01-19
3044.10791015625,TCS.NS,2026-01-20
3064.027099609375,TCS.NS,2026-01-21
3091.305419921875,TCS.NS,2026-01-22
3103.178466796875,TCS.NS,2026-01-23
3098.762939453125,TCS.NS,2026-01-27
3140.073486328125,TCS.NS,2026-01-28
3085.41796875,TCS.NS,2026-01-29
3065.302734375,TCS.NS,2026-01-30
3110.1455078125,TCS.NS,2026-02-02
3164.80078125,TCS.NS,2026-02-03
2942.84375,TCS.NS,2026-02-04
2935.38623046875,TCS.NS,2026-02-05
2886.422119140625,TCS.NS,2026-02-06
2892.8984375,TCS.NS,2026-02-09
2928.61572265625,TCS.NS,2026-02-10
2855.21875,TCS.NS,2026-02-11
2698.514404296875,TCS.NS,2026-02-12
2641.700439453125,TCS.NS,2026-02-13
2655.830322265625,TCS.NS,2026-02-16
2666.427490234375,TCS.NS,2026-02-17
2644.349609375,TCS.NS,2026-02-18
2627.66845703125,TCS.NS,2026-02-19
2635.81298828125,TCS.NS,2026-02-20
2626.0986328125,TCS.NS,2026-02-23
2525.423095703125,TCS.NS,2026-02-24
2579.980224609375,TCS.NS,2026-02-25
2598.03515625,TCS.NS,2026-02-26
2587.92822265625,TCS.NS,2026-02-27
2564.4765625,TCS.NS,2026-03-02
2539.2587890625,TCS.NS,2026-03-04
2530.427490234375,TCS.NS,2026-03-05
2509.625244140625,TCS.NS,2026-03-06
2479.99169921875,TCS.NS,2026-03-09
2465.9599609375,TCS.NS,2026-03-10
2418.6640625,TCS.NS,2026-03-11
2396.5859375,TCS.NS,2026-03-12
2365.284423828125,TCS.NS,2026-03-13
2364.0087890625,TCS.NS,2026-03-16
2346.837158203125,TCS.NS,2026-03-17
2395.01611328125,TCS.NS,2026-03-18
2311.806640625,TCS.NS,2026-03-19
2345.7578125,TCS.NS,2026-03-20
2339.085205078125,TCS.NS,2026-03-23
2353.803955078125,TCS.NS,2026-03-24
2332.80517578125,TCS.NS,2026-03-25
2344.97265625,TCS.NS,2026-03-27
2314.652099609375,TCS.NS,2026-03-30
2363.02734375,TCS.NS,2026-04-01
2404.730224609375,TCS.NS,2026-04-02
2427.4951171875,TCS.NS,2026-04-06
2492.1591796875,TCS.NS,2026-04-07
2511.195068359375,TCS.NS,2026-04-08
2540.436279296875,TCS.NS,2026-04-09
2476.94970703125,TCS.NS,2026-04-10
2426.2197265625,TCS.NS,2026-04-13
2506.975830078125,TCS.NS,2026-04-15
2528.56298828125,TCS.NS,2026-04-16
2533.07666015625,TCS.NS,2026-04-17
2531.212646484375,TCS.NS,2026-04-20
2561.532958984375,TCS.NS,2026-04-21
2490.883544921875,TCS.NS,2026-04-22
2474.496826171875,TCS.NS,2026-04-23
2351.939453125,TCS.NS,2026-04-24
2401.6884765625,TCS.NS,2026-04-27
2398.8427734375,TCS.NS,2026-04-28
2428.280029296875,TCS.NS,2026-04-29
2427.4951171875,TCS.NS,2026-04-30
2427.4951171875,TCS.NS,2026-05-01
2385.6943359375,TCS.NS,2026-05-04
2381.76953125,TCS.NS,2026-05-05
2389.71728515625,TCS.NS,2026-05-06
2356.35498046875,TCS.NS,2026-05-07
2349.486083984375,TCS.NS,2026-05-08
2348.014404296875,TCS.NS,2026-05-11
2257.151611328125,TCS.NS,2026-05-12
2230.167236328125,TCS.NS,2026-05-13
2203.8701171875,TCS.NS,2026-05-14
2221.532470703125,TCS.NS,2026-05-15
2240.3720703125,TCS.NS,2026-05-18
2283.448974609375,TCS.NS,2026-05-19
2283.7431640625,TCS.NS,2026-05-20
2283.546875,TCS.NS,2026-05-21
2273.83251953125,TCS.NS,2026-05-22
2295.61328125,TCS.NS,2026-05-25
2263.78759765625,TCS.NS,2026-05-26
2271.744140625,TCS.NS,2026-05-27
2271.744140625,TCS.NS,2026-05-28
2246.58203125,TCS.NS,2026-05-29
2284.8720703125,TCS.NS,2026-06-01
2433.556884765625,TCS.NS,2026-06-02
2229.475830078125,TCS.NS,2026-06-03
2228.77978515625,TCS.NS,2026-06-04
2186.9091796875,TCS.NS,2026-06-05
2139.668212890625,TCS.NS,2026-06-08
2139.2705078125,TCS.NS,2026-06-09
2142.154541015625,TCS.NS,2026-06-10
2123.95458984375,TCS.NS,2026-06-11
2149.61376953125,TCS.NS,2026-06-12
2150.21044921875,TCS.NS,2026-06-15
2187.0087890625,TCS.NS,2026-06-16
2210.8779296875,TCS.NS,2026-06-17
2191.285400390625,TCS.NS,2026-06-18
2113.412353515625,TCS.NS,2026-06-19
2116.197021484375,TCS.NS,2026-06-22
2048.368896484375,TCS.NS,2026-06-23
2097.49951171875,TCS.NS,2026-06-24
2083.27734375,TCS.NS,2026-06-25
2083.27734375,TCS.NS,2026-06-26
2086.4599609375,TCS.NS,2026-06-29
688.27734375,ICICIBANK.NS,2022-05-20
689.732421875,ICICIBANK.NS,2022-05-23
686.9193725585938,ICICIBANK.NS,2022-05-24
691.96337890625,ICICIBANK.NS,2022-05-25
706.6591796875,ICICIBANK.NS,2022-05-26
717.6205444335938,ICICIBANK.NS,2022-05-27
726.0596313476562,ICICIBANK.NS,2022-05-30
730.2791137695312,ICICIBANK.NS,2022-05-31
730.085205078125,ICICIBANK.NS,2022-06-01
727.2721557617188,ICICIBANK.NS,2022-06-02
721.9854736328125,ICICIBANK.NS,2022-06-03
724.3621215820312,ICICIBANK.NS,2022-06-06
713.2068481445312,ICICIBANK.NS,2022-06-07
707.6292724609375,ICICIBANK.NS,2022-06-08
710.7817993164062,ICICIBANK.NS,2022-06-09
698.4140625,ICICIBANK.NS,2022-06-10
667.3734130859375,ICICIBANK.NS,2022-06-13
664.9483642578125,ICICIBANK.NS,2022-06-14
666.6459350585938,ICICIBANK.NS,2022-06-15
658.1582641601562,ICICIBANK.NS,2022-06-16
666.2579345703125,ICICIBANK.NS,2022-06-17
665.3848266601562,ICICIBANK.NS,2022-06-20
675.2305297851562,ICICIBANK.NS,2022-06-21
666.015380859375,ICICIBANK.NS,2022-06-22
678.189208984375,ICICIBANK.NS,2022-06-23
692.0604248046875,ICICIBANK.NS,2022-06-24
695.843505859375,ICICIBANK.NS,2022-06-27
689.0048217773438,ICICIBANK.NS,2022-06-28
681.6812133789062,ICICIBANK.NS,2022-06-29
685.9978637695312,ICICIBANK.NS,2022-06-30
682.7967529296875,ICICIBANK.NS,2022-07-01
698.510986328125,ICICIBANK.NS,2022-07-04
697.8805541992188,ICICIBANK.NS,2022-07-05
704.1857299804688,ICICIBANK.NS,2022-07-06
719.7545166015625,ICICIBANK.NS,2022-07-07
733.0437622070312,ICICIBANK.NS,2022-07-08
746.4300537109375,ICICIBANK.NS,2022-07-11
737.117919921875,ICICIBANK.NS,2022-07-12
730.6187133789062,ICICIBANK.NS,2022-07-13
729.8427124023438,ICICIBANK.NS,2022-07-14
728.6786499023438,ICICIBANK.NS,2022-07-15
748.8551025390625,ICICIBANK.NS,2022-07-18
757.2457885742188,ICICIBANK.NS,2022-07-19
759.6222534179688,ICICIBANK.NS,2022-07-20
762.4353637695312,ICICIBANK.NS,2022-07-21
776.0640869140625,ICICIBANK.NS,2022-07-22
776.8886108398438,ICICIBANK.NS,2022-07-25
772.426513671875,ICICIBANK.NS,2022-07-26
776.5006713867188,ICICIBANK.NS,2022-07-27
790.1779174804688,ICICIBANK.NS,2022-07-28
794.0579833984375,ICICIBANK.NS,2022-07-29
798.7141723632812,ICICIBANK.NS,2022-08-01
793.2335205078125,ICICIBANK.NS,2022-08-02
800.0720825195312,ICICIBANK.NS,2022-08-03
795.6585693359375,ICICIBANK.NS,2022-08-04
813.0703735351562,ICICIBANK.NS,2022-08-05
816.7297973632812,ICICIBANK.NS,2022-08-08
828.2446899414062,ICICIBANK.NS,2022-08-10
838.93017578125,ICICIBANK.NS,2022-08-11
853.2750244140625,ICICIBANK.NS,2022-08-12
858.0078125,ICICIBANK.NS,2022-08-16
861.9111328125,ICICIBANK.NS,2022-08-17
863.7164916992188,ICICIBANK.NS,2022-08-18
849.3716430664062,ICICIBANK.NS,2022-08-19
831.6600952148438,ICICIBANK.NS,2022-08-22
843.0287475585938,ICICIBANK.NS,2022-08-23
852.2015991210938,ICICIBANK.NS,2022-08-24
851.2745361328125,ICICIBANK.NS,2022-08-25
849.8107299804688,ICICIBANK.NS,2022-08-26
835.1731567382812,ICICIBANK.NS,2022-08-29
865.8633422851562,ICICIBANK.NS,2022-08-30
853.2261962890625,ICICIBANK.NS,2022-09-01
851.3234252929688,ICICIBANK.NS,2022-09-02
861.1305541992188,ICICIBANK.NS,2022-09-05
862.301513671875,ICICIBANK.NS,2022-09-06
855.0315551757812,ICICIBANK.NS,2022-09-07
877.0855102539062,ICICIBANK.NS,2022-09-08
879.476318359375,ICICIBANK.NS,2022-09-09
885.2825927734375,ICICIBANK.NS,2022-09-12
888.0149536132812,ICICIBANK.NS,2022-09-13
895.9192504882812,ICICIBANK.NS,2022-09-14
895.4312744140625,ICICIBANK.NS,2022-09-15
887.1365966796875,ICICIBANK.NS,2022-09-16
877.475830078125,ICICIBANK.NS,2022-09-19
894.6018676757812,ICICIBANK.NS,2022-09-20
893.1381225585938,ICICIBANK.NS,2022-09-21
881.574462890625,ICICIBANK.NS,2022-09-22
860.9353637695312,ICICIBANK.NS,2022-09-23
840.2474975585938,ICICIBANK.NS,2022-09-26
831.952880859375,ICICIBANK.NS,2022-09-27
828.9765625,ICICIBANK.NS,2022-09-28
823.5119018554688,ICICIBANK.NS,2022-09-29
841.174560546875,ICICIBANK.NS,2022-09-30
827.8543701171875,ICICIBANK.NS,2022-10-03
846.6880493164062,ICICIBANK.NS,2022-10-04
864.0580444335938,ICICIBANK.NS,2022-10-06
861.2280883789062,ICICIBANK.NS,2022-10-07
860.447509765625,ICICIBANK.NS,2022-10-10
849.5667724609375,ICICIBANK.NS,2022-10-11
847.3711547851562,ICICIBANK.NS,2022-10-12
832.9774780273438,ICICIBANK.NS,2022-10-13
849.2252807617188,ICICIBANK.NS,2022-10-14
863.8141479492188,ICICIBANK.NS,2022-10-17
875.2315063476562,ICICIBANK.NS,2022-10-18
870.54736328125,ICICIBANK.NS,2022-10-19
867.1807861328125,ICICIBANK.NS,2022-10-20
885.2338256835938,ICICIBANK.NS,2022-10-21
903.921142578125,ICICIBANK.NS,2022-10-24
902.7012939453125,ICICIBANK.NS,2022-10-25
902.0670166015625,ICICIBANK.NS,2022-10-27
885.9168090820312,ICICIBANK.NS,2022-10-28
886.746337890625,ICICIBANK.NS,2022-10-31
886.6487426757812,ICICIBANK.NS,2022-11-01
882.8429565429688,ICICIBANK.NS,2022-11-02
886.6975708007812,ICICIBANK.NS,2022-11-03
883.428466796875,ICICIBANK.NS,2022-11-04
895.333740234375,ICICIBANK.NS,2022-11-07
888.5028686523438,ICICIBANK.NS,2022-11-09
888.6980590820312,ICICIBANK.NS,2022-11-10
884.6482543945312,ICICIBANK.NS,2022-11-11
873.3285522460938,ICICIBANK.NS,2022-11-14
889.673828125,ICICIBANK.NS,2022-11-15
891.5279541015625,ICICIBANK.NS,2022-11-16
897.5781860351562,ICICIBANK.NS,2022-11-17
898.1148681640625,ICICIBANK.NS,2022-11-18
899.1395263671875,ICICIBANK.NS,2022-11-21
901.3839721679688,ICICIBANK.NS,2022-11-22
905.0433959960938,ICICIBANK.NS,2022-11-23
916.1679077148438,ICICIBANK.NS,2022-11-24
907.824462890625,ICICIBANK.NS,2022-11-25
914.7529907226562,ICICIBANK.NS,2022-11-28
923.8770751953125,ICICIBANK.NS,2022-11-29
929.8785400390625,ICICIBANK.NS,2022-11-30
917.4853515625,ICICIBANK.NS,2022-12-01
908.1171875,ICICIBANK.NS,2022-12-02
911.0447387695312,ICICIBANK.NS,2022-12-05
900.359375,ICICIBANK.NS,2022-12-06
899.8713989257812,ICICIBANK.NS,2022-12-07
909.3858642578125,ICICIBANK.NS,2022-12-08
907.4341430664062,ICICIBANK.NS,2022-12-09
907.824462890625,ICICIBANK.NS,2022-12-12
910.4104614257812,ICICIBANK.NS,2022-12-13
899.4810180664062,ICICIBANK.NS,2022-12-14
886.8439331054688,ICICIBANK.NS,2022-12-15
880.208251953125,ICICIBANK.NS,2022-12-16
884.5507202148438,ICICIBANK.NS,2022-12-19
887.7222290039062,ICICIBANK.NS,2022-12-20
870.6937866210938,ICICIBANK.NS,2022-12-21
869.1324462890625,ICICIBANK.NS,2022-12-22
857.6663208007812,ICICIBANK.NS,2022-12-23
871.620849609375,ICICIBANK.NS,2022-12-26
878.890869140625,ICICIBANK.NS,2022-12-27
877.2318725585938,ICICIBANK.NS,2022-12-28
886.112060546875,ICICIBANK.NS,2022-12-29
869.3275756835938,ICICIBANK.NS,2022-12-30
880.6473999023438,ICICIBANK.NS,2023-01-02
879.5739135742188,ICICIBANK.NS,2023-01-03
877.3782958984375,ICICIBANK.NS,2023-01-04
857.9103393554688,ICICIBANK.NS,2023-01-05
849.078857421875,ICICIBANK.NS,2023-01-06
852.2503662109375,ICICIBANK.NS,2023-01-09
840.540283203125,ICICIBANK.NS,2023-01-10
845.3706665039062,ICICIBANK.NS,2023-01-11
839.8572387695312,ICICIBANK.NS,2023-01-12
852.3479614257812,ICICIBANK.NS,2023-01-13
844.3461303710938,ICICIBANK.NS,2023-01-16
844.24853515625,ICICIBANK.NS,2023-01-17
848.493408203125,ICICIBANK.NS,2023-01-18
845.224365234375,ICICIBANK.NS,2023-01-19
849.3228759765625,ICICIBANK.NS,2023-01-20
850.6402587890625,ICICIBANK.NS,2023-01-23
849.7132568359375,ICICIBANK.NS,2023-01-24
834.6364135742188,ICICIBANK.NS,2023-01-25
797.4569702148438,ICICIBANK.NS,2023-01-27
803.6046752929688,ICICIBANK.NS,2023-01-30
811.8017578125,ICICIBANK.NS,2023-01-31
827.4640502929688,ICICIBANK.NS,2023-02-01
837.1736450195312,ICICIBANK.NS,2023-02-02
842.9310302734375,ICICIBANK.NS,2023-02-03
833.0751342773438,ICICIBANK.NS,2023-02-06
832.1480712890625,ICICIBANK.NS,2023-02-07
838.3446044921875,ICICIBANK.NS,2023-02-08
840.0035400390625,ICICIBANK.NS,2023-02-09
833.2214965820312,ICICIBANK.NS,2023-02-10
830.0988159179688,ICICIBANK.NS,2023-02-13
844.3948364257812,ICICIBANK.NS,2023-02-14
849.761962890625,ICICIBANK.NS,2023-02-15
848.4446411132812,ICICIBANK.NS,2023-02-16
841.8089599609375,ICICIBANK.NS,2023-02-17
831.5137329101562,ICICIBANK.NS,2023-02-20
833.5630493164062,ICICIBANK.NS,2023-02-21
818.9741821289062,ICICIBANK.NS,2023-02-22
819.462158203125,ICICIBANK.NS,2023-02-23
819.413330078125,ICICIBANK.NS,2023-02-24
835.7098999023438,ICICIBANK.NS,2023-02-27
834.197265625,ICICIBANK.NS,2023-02-28
835.6123046875,ICICIBANK.NS,2023-03-01
833.3678588867188,ICICIBANK.NS,2023-03-02
847.56640625,ICICIBANK.NS,2023-03-03
846.7857055664062,ICICIBANK.NS,2023-03-06
851.030517578125,ICICIBANK.NS,2023-03-08
835.270751953125,ICICIBANK.NS,2023-03-09
822.2921142578125,ICICIBANK.NS,2023-03-10
808.3863525390625,ICICIBANK.NS,2023-03-13
810.2891845703125,ICICIBANK.NS,2023-03-14
805.94677734375,ICICIBANK.NS,2023-03-15
803.9950561523438,ICICIBANK.NS,2023-03-16
816.0466918945312,ICICIBANK.NS,2023-03-17
816.241943359375,ICICIBANK.NS,2023-03-20
831.8065185546875,ICICIBANK.NS,2023-03-21
839.4180908203125,ICICIBANK.NS,2023-03-22
834.7828979492188,ICICIBANK.NS,2023-03-23
831.8065185546875,ICICIBANK.NS,2023-03-24
828.1959228515625,ICICIBANK.NS,2023-03-27
834.0997314453125,ICICIBANK.NS,2023-03-28
830.4403076171875,ICICIBANK.NS,2023-03-29
856.05615234375,ICICIBANK.NS,2023-03-31
862.4478759765625,ICICIBANK.NS,2023-04-03
863.2285766601562,ICICIBANK.NS,2023-04-05
853.8605346679688,ICICIBANK.NS,2023-04-06
847.46875,ICICIBANK.NS,2023-04-10
860.5938720703125,ICICIBANK.NS,2023-04-11
868.6445922851562,ICICIBANK.NS,2023-04-12
877.2807006835938,ICICIBANK.NS,2023-04-13
879.525146484375,ICICIBANK.NS,2023-04-17
875.1825561523438,ICICIBANK.NS,2023-04-18
870.3522338867188,ICICIBANK.NS,2023-04-19
872.7918701171875,ICICIBANK.NS,2023-04-20
864.2532348632812,ICICIBANK.NS,2023-04-21
882.8917846679688,ICICIBANK.NS,2023-04-24
891.3816528320312,ICICIBANK.NS,2023-04-25
892.8453979492188,ICICIBANK.NS,2023-04-26
896.1631469726562,ICICIBANK.NS,2023-04-27
895.4801635742188,ICICIBANK.NS,2023-04-28
899.8226318359375,ICICIBANK.NS,2023-05-02
900.554443359375,ICICIBANK.NS,2023-05-03
899.4323120117188,ICICIBANK.NS,2023-05-04
904.555419921875,ICICIBANK.NS,2023-05-05
915.2408447265625,ICICIBANK.NS,2023-05-08
911.8255004882812,ICICIBANK.NS,2023-05-09
913.4356079101562,ICICIBANK.NS,2023-05-10
916.5094604492188,ICICIBANK.NS,2023-05-11
921.095947265625,ICICIBANK.NS,2023-05-12
922.9012451171875,ICICIBANK.NS,2023-05-15
923.4866943359375,ICICIBANK.NS,2023-05-16
916.6558837890625,ICICIBANK.NS,2023-05-17
923.6331787109375,ICICIBANK.NS,2023-05-18
931.2446899414062,ICICIBANK.NS,2023-05-19
927.39013671875,ICICIBANK.NS,2023-05-22
930.366455078125,ICICIBANK.NS,2023-05-23
917.9244384765625,ICICIBANK.NS,2023-05-24
917.143798828125,ICICIBANK.NS,2023-05-25
927.731689453125,ICICIBANK.NS,2023-05-26
925.2433471679688,ICICIBANK.NS,2023-05-29
926.9998168945312,ICICIBANK.NS,2023-05-30
926.2191162109375,ICICIBANK.NS,2023-05-31
913.4843139648438,ICICIBANK.NS,2023-06-01
915.48486328125,ICICIBANK.NS,2023-06-02
923.8770751953125,ICICIBANK.NS,2023-06-05
919.3394165039062,ICICIBANK.NS,2023-06-06
917.4853515625,ICICIBANK.NS,2023-06-07
915.2408447265625,ICICIBANK.NS,2023-06-08
915.3872680664062,ICICIBANK.NS,2023-06-09
913.3380126953125,ICICIBANK.NS,2023-06-12
920.75439453125,ICICIBANK.NS,2023-06-13
917.094970703125,ICICIBANK.NS,2023-06-14
904.2138671875,ICICIBANK.NS,2023-06-15
911.63037109375,ICICIBANK.NS,2023-06-16
900.8472900390625,ICICIBANK.NS,2023-06-19
903.1892700195312,ICICIBANK.NS,2023-06-20
902.3598022460938,ICICIBANK.NS,2023-06-21
903.3844604492188,ICICIBANK.NS,2023-06-22
901.1887817382812,ICICIBANK.NS,2023-06-23
905.0433959960938,ICICIBANK.NS,2023-06-26
913.4843139648438,ICICIBANK.NS,2023-06-27
914.8017578125,ICICIBANK.NS,2023-06-28
912.0205688476562,ICICIBANK.NS,2023-06-30
919.7785034179688,ICICIBANK.NS,2023-07-03
921.8765869140625,ICICIBANK.NS,2023-07-04
934.8552856445312,ICICIBANK.NS,2023-07-05
936.2214965820312,ICICIBANK.NS,2023-07-06
923.5355224609375,ICICIBANK.NS,2023-07-07
925.4872436523438,ICICIBANK.NS,2023-07-10
922.12060546875,ICICIBANK.NS,2023-07-11
921.5839233398438,ICICIBANK.NS,2023-07-12
932.61083984375,ICICIBANK.NS,2023-07-13
936.8557739257812,ICICIBANK.NS,2023-07-14
945.2968139648438,ICICIBANK.NS,2023-07-17
951.8837280273438,ICICIBANK.NS,2023-07-18
949.9320678710938,ICICIBANK.NS,2023-07-19
971.5469360351562,ICICIBANK.NS,2023-07-20
972.9130859375,ICICIBANK.NS,2023-07-21
968.0338134765625,ICICIBANK.NS,2023-07-24
970.6686401367188,ICICIBANK.NS,2023-07-25
972.3764038085938,ICICIBANK.NS,2023-07-26
966.326171875,ICICIBANK.NS,2023-07-27
972.1324462890625,ICICIBANK.NS,2023-07-28
974.181640625,ICICIBANK.NS,2023-07-31
970.5222778320312,ICICIBANK.NS,2023-08-01
963.1058959960938,ICICIBANK.NS,2023-08-02
941.6861572265625,ICICIBANK.NS,2023-08-03
947.0532836914062,ICICIBANK.NS,2023-08-04
952.0789184570312,ICICIBANK.NS,2023-08-07
956.2261962890625,ICICIBANK.NS,2023-08-08
957.0133056640625,ICICIBANK.NS,2023-08-09
948.552001953125,ICICIBANK.NS,2023-08-10
937.4833984375,ICICIBANK.NS,2023-08-11
944.0753173828125,ICICIBANK.NS,2023-08-14
941.0745849609375,ICICIBANK.NS,2023-08-16
936.3027954101562,ICICIBANK.NS,2023-08-17
935.3189086914062,ICICIBANK.NS,2023-08-18
939.7955322265625,ICICIBANK.NS,2023-08-21
936.6471557617188,ICICIBANK.NS,2023-08-22
951.2576293945312,ICICIBANK.NS,2023-08-23
953.3237915039062,ICICIBANK.NS,2023-08-24
954.7504272460938,ICICIBANK.NS,2023-08-25
954.89794921875,ICICIBANK.NS,2023-08-28
952.1431274414062,ICICIBANK.NS,2023-08-29
943.4359130859375,ICICIBANK.NS,2023-08-30
943.2882690429688,ICICIBANK.NS,2023-08-31
953.077880859375,ICICIBANK.NS,2023-09-01
951.7495727539062,ICICIBANK.NS,2023-09-04
952.7826538085938,ICICIBANK.NS,2023-09-05
942.0584716796875,ICICIBANK.NS,2023-09-06
950.0770263671875,ICICIBANK.NS,2023-09-07
954.89794921875,ICICIBANK.NS,2023-09-08
962.4737548828125,ICICIBANK.NS,2023-09-11
974.5262451171875,ICICIBANK.NS,2023-09-12
973.8374633789062,ICICIBANK.NS,2023-09-13
971.7714233398438,ICICIBANK.NS,2023-09-14
976.44482421875,ICICIBANK.NS,2023-09-15
974.2310791015625,ICICIBANK.NS,2023-09-18
971.2302856445312,ICICIBANK.NS,2023-09-20
943.8294067382812,ICICIBANK.NS,2023-09-21
934.9745483398438,ICICIBANK.NS,2023-09-22
940.9269409179688,ICICIBANK.NS,2023-09-25
933.400390625,ICICIBANK.NS,2023-09-26
927.890625,ICICIBANK.NS,2023-09-27
927.3987426757812,ICICIBANK.NS,2023-09-28
936.5487670898438,ICICIBANK.NS,2023-09-29
925.1358032226562,ICICIBANK.NS,2023-10-03
915.0510864257812,ICICIBANK.NS,2023-10-04
925.6768798828125,ICICIBANK.NS,2023-10-05
929.9568481445312,ICICIBANK.NS,2023-10-06
923.4632568359375,ICICIBANK.NS,2023-10-09
935.8600463867188,ICICIBANK.NS,2023-10-10
937.7293701171875,ICICIBANK.NS,2023-10-11
938.86083984375,ICICIBANK.NS,2023-10-12
935.9583740234375,ICICIBANK.NS,2023-10-13
936.0568237304688,ICICIBANK.NS,2023-10-16
938.5164794921875,ICICIBANK.NS,2023-10-17
928.5302124023438,ICICIBANK.NS,2023-10-18
920.6591796875,ICICIBANK.NS,2023-10-19
917.7075805664062,ICICIBANK.NS,2023-10-20
914.9527587890625,ICICIBANK.NS,2023-10-23
901.3260498046875,ICICIBANK.NS,2023-10-25
893.9962768554688,ICICIBANK.NS,2023-10-26
898.0301513671875,ICICIBANK.NS,2023-10-27
909.9841918945312,ICICIBANK.NS,2023-10-30
900.588134765625,ICICIBANK.NS,2023-10-31
899.30908203125,ICICIBANK.NS,2023-11-01
905.114013671875,ICICIBANK.NS,2023-11-02
918.7406616210938,ICICIBANK.NS,2023-11-03
930.2027587890625,ICICIBANK.NS,2023-11-06
932.8099975585938,ICICIBANK.NS,2023-11-07
920.6591796875,ICICIBANK.NS,2023-11-08
922.2333374023438,ICICIBANK.NS,2023-11-09
923.4632568359375,ICICIBANK.NS,2023-11-10
919.3801879882812,ICICIBANK.NS,2023-11-13
925.9229125976562,ICICIBANK.NS,2023-11-15
920.9051513671875,ICICIBANK.NS,2023-11-16
906.9833374023438,ICICIBANK.NS,2023-11-17
906.58984375,ICICIBANK.NS,2023-11-20
911.164794921875,ICICIBANK.NS,2023-11-21
907.8688354492188,ICICIBANK.NS,2023-11-22
908.1148071289062,ICICIBANK.NS,2023-11-23
914.41162109375,ICICIBANK.NS,2023-11-24
910.5745239257812,ICICIBANK.NS,2023-11-28
924.4470825195312,ICICIBANK.NS,2023-11-29
919.8721313476562,ICICIBANK.NS,2023-11-30
931.4326171875,ICICIBANK.NS,2023-12-01
975.2149658203125,ICICIBANK.NS,2023-12-04
997.106201171875,ICICIBANK.NS,2023-12-05
987.0706176757812,ICICIBANK.NS,2023-12-06
982.88916015625,ICICIBANK.NS,2023-12-07
994.5480346679688,ICICIBANK.NS,2023-12-08
1000.697265625,ICICIBANK.NS,2023-12-11
999.31982421875,ICICIBANK.NS,2023-12-12
997.5488891601562,ICICIBANK.NS,2023-12-13
1016.9803466796875,ICICIBANK.NS,2023-12-14
1020.669921875,ICICIBANK.NS,2023-12-15
1004.9771118164062,ICICIBANK.NS,2023-12-18
999.0739135742188,ICICIBANK.NS,2023-12-19
990.4158325195312,ICICIBANK.NS,2023-12-20
988.2020874023438,ICICIBANK.NS,2023-12-21
978.2649536132812,ICICIBANK.NS,2023-12-22
979.0520629882812,ICICIBANK.NS,2023-12-26
986.0867919921875,ICICIBANK.NS,2023-12-27
989.6779174804688,ICICIBANK.NS,2023-12-28
980.52783203125,ICICIBANK.NS,2023-12-29
983.28271484375,ICICIBANK.NS,2024-01-01
966.4093017578125,ICICIBANK.NS,2024-01-02
968.1802368164062,ICICIBANK.NS,2024-01-03
971.2302856445312,ICICIBANK.NS,2024-01-04
977.6746215820312,ICICIBANK.NS,2024-01-05
966.163330078125,ICICIBANK.NS,2024-01-08
963.9495849609375,ICICIBANK.NS,2024-01-09
977.0350952148438,ICICIBANK.NS,2024-01-10
975.165771484375,ICICIBANK.NS,2024-01-11
987.3165893554688,ICICIBANK.NS,2024-01-12
993.5641479492188,ICICIBANK.NS,2024-01-15
992.777099609375,ICICIBANK.NS,2024-01-16
965.9173583984375,ICICIBANK.NS,2024-01-17
970.443115234375,ICICIBANK.NS,2024-01-18
983.0859375,ICICIBANK.NS,2024-01-19
1012.45458984375,ICICIBANK.NS,2024-01-23
983.0859375,ICICIBANK.NS,2024-01-24
993.66259765625,ICICIBANK.NS,2024-01-25
1000.008544921875,ICICIBANK.NS,2024-01-29
1000.5005493164062,ICICIBANK.NS,2024-01-30
1011.569091796875,ICICIBANK.NS,2024-01-31
1008.6174926757812,ICICIBANK.NS,2024-02-01
1007.4859619140625,ICICIBANK.NS,2024-02-02
1006.9940795898438,ICICIBANK.NS,2024-02-05
1009.8472900390625,ICICIBANK.NS,2024-02-06
1005.6658325195312,ICICIBANK.NS,2024-02-07
973.3455810546875,ICICIBANK.NS,2024-02-08
994.4005126953125,ICICIBANK.NS,2024-02-09
980.035888671875,ICICIBANK.NS,2024-02-12
1003.3536987304688,ICICIBANK.NS,2024-02-13
1006.2069702148438,ICICIBANK.NS,2024-02-14
1000.2545166015625,ICICIBANK.NS,2024-02-15
1006.7481079101562,ICICIBANK.NS,2024-02-16
1026.91748046875,ICICIBANK.NS,2024-02-19
1031.8367919921875,ICICIBANK.NS,2024-02-20
1034.985107421875,ICICIBANK.NS,2024-02-21
1045.5618896484375,ICICIBANK.NS,2024-02-22
1044.1845703125,ICICIBANK.NS,2024-02-23
1037.1988525390625,ICICIBANK.NS,2024-02-26
1043.1021728515625,ICICIBANK.NS,2024-02-27
1029.327880859375,ICICIBANK.NS,2024-02-28
1035.231201171875,ICICIBANK.NS,2024-02-29
1069.37158203125,ICICIBANK.NS,2024-03-01
1074.733642578125,ICICIBANK.NS,2024-03-04
1070.503173828125,ICICIBANK.NS,2024-03-05
1079.4071044921875,ICICIBANK.NS,2024-03-06
1070.4046630859375,ICICIBANK.NS,2024-03-07
1061.3037109375,ICICIBANK.NS,2024-03-11
1059.483642578125,ICICIBANK.NS,2024-03-12
1066.4691162109375,ICICIBANK.NS,2024-03-13
1066.124755859375,ICICIBANK.NS,2024-03-14
1062.92724609375,ICICIBANK.NS,2024-03-15
1063.7635498046875,ICICIBANK.NS,2024-03-18
1066.4691162109375,ICICIBANK.NS,2024-03-19
1067.0103759765625,ICICIBANK.NS,2024-03-20
1064.3538818359375,ICICIBANK.NS,2024-03-21
1072.716796875,ICICIBANK.NS,2024-03-22
1066.22314453125,ICICIBANK.NS,2024-03-26
1066.2724609375,ICICIBANK.NS,2024-03-27
1075.66845703125,ICICIBANK.NS,2024-03-28
1081.916015625,ICICIBANK.NS,2024-04-01
1063.7635498046875,ICICIBANK.NS,2024-04-02
1059.827880859375,ICICIBANK.NS,2024-04-03
1061.451416015625,ICICIBANK.NS,2024-04-04
1065.9281005859375,ICICIBANK.NS,2024-04-05
1069.6175537109375,ICICIBANK.NS,2024-04-08
1089.1966552734375,ICICIBANK.NS,2024-04-09
1091.5087890625,ICICIBANK.NS,2024-04-10
1086.58935546875,ICICIBANK.NS,2024-04-12
1060.95947265625,ICICIBANK.NS,2024-04-15
1049.841796875,ICICIBANK.NS,2024-04-16
1038.4288330078125,ICICIBANK.NS,2024-04-18
1050.03857421875,ICICIBANK.NS,2024-04-19
1069.125732421875,ICICIBANK.NS,2024-04-22
1072.6676025390625,ICICIBANK.NS,2024-04-23
1079.062744140625,ICICIBANK.NS,2024-04-24
1095.78857421875,ICICIBANK.NS,2024-04-25
1090.032958984375,ICICIBANK.NS,2024-04-26
1141.4403076171875,ICICIBANK.NS,2024-04-29
1131.8475341796875,ICICIBANK.NS,2024-04-30
1121.0740966796875,ICICIBANK.NS,2024-05-02
1123.63232421875,ICICIBANK.NS,2024-05-03
1127.813720703125,ICICIBANK.NS,2024-05-06
1113.6458740234375,ICICIBANK.NS,2024-05-07
1104.8895263671875,ICICIBANK.NS,2024-05-08
1097.7071533203125,ICICIBANK.NS,2024-05-09
1099.035400390625,ICICIBANK.NS,2024-05-10
1109.808837890625,ICICIBANK.NS,2024-05-13
1102.47900390625,ICICIBANK.NS,2024-05-14
1106.2176513671875,ICICIBANK.NS,2024-05-15
1112.8096923828125,ICICIBANK.NS,2024-05-16
1112.2684326171875,ICICIBANK.NS,2024-05-17
1102.8724365234375,ICICIBANK.NS,2024-05-21
1093.1812744140625,ICICIBANK.NS,2024-05-22
1116.2039794921875,ICICIBANK.NS,2024-05-23
1113.695068359375,ICICIBANK.NS,2024-05-24
1111.579833984375,ICICIBANK.NS,2024-05-27
1108.775634765625,ICICIBANK.NS,2024-05-28
1084.2281494140625,ICICIBANK.NS,2024-05-29
1095.7393798828125,ICICIBANK.NS,2024-05-30
1102.970947265625,ICICIBANK.NS,2024-05-31
1141.292724609375,ICICIBANK.NS,2024-06-03
1054.170654296875,ICICIBANK.NS,2024-06-04
1090.7708740234375,ICICIBANK.NS,2024-06-05
1092.49267578125,ICICIBANK.NS,2024-06-06
1103.6103515625,ICICIBANK.NS,2024-06-07
1105.676513671875,ICICIBANK.NS,2024-06-10
1100.1668701171875,ICICIBANK.NS,2024-06-11
1101.4951171875,ICICIBANK.NS,2024-06-12
1089.49169921875,ICICIBANK.NS,2024-06-13
1087.8192138671875,ICICIBANK.NS,2024-06-14
1104.7418212890625,ICICIBANK.NS,2024-06-18
1125.993408203125,ICICIBANK.NS,2024-06-19
1138.144287109375,ICICIBANK.NS,2024-06-20
1139.9644775390625,ICICIBANK.NS,2024-06-21
1151.229736328125,ICICIBANK.NS,2024-06-24
1178.630615234375,ICICIBANK.NS,2024-06-25
1198.357421875,ICICIBANK.NS,2024-06-26
1200.2266845703125,ICICIBANK.NS,2024-06-27
1180.254150390625,ICICIBANK.NS,2024-06-28
1192.3065185546875,ICICIBANK.NS,2024-07-01
1171.399169921875,ICICIBANK.NS,2024-07-02
1182.2218017578125,ICICIBANK.NS,2024-07-03
1213.115478515625,ICICIBANK.NS,2024-07-04
1213.509033203125,ICICIBANK.NS,2024-07-05
1215.1324462890625,ICICIBANK.NS,2024-07-08
1228.1195068359375,ICICIBANK.NS,2024-07-09
1223.15087890625,ICICIBANK.NS,2024-07-10
1218.4775390625,ICICIBANK.NS,2024-07-11
1213.01708984375,ICICIBANK.NS,2024-07-12
1210.1146240234375,ICICIBANK.NS,2024-07-15
1219.9041748046875,ICICIBANK.NS,2024-07-16
1230.1365966796875,ICICIBANK.NS,2024-07-18
1228.5130615234375,ICICIBANK.NS,2024-07-19
1221.1341552734375,ICICIBANK.NS,2024-07-22
1206.96630859375,ICICIBANK.NS,2024-07-23
1203.2767333984375,ICICIBANK.NS,2024-07-24
1178.58154296875,ICICIBANK.NS,2024-07-25
1187.7314453125,ICICIBANK.NS,2024-07-26
1193.142822265625,ICICIBANK.NS,2024-07-29
1189.9451904296875,ICICIBANK.NS,2024-07-30
1195.307373046875,ICICIBANK.NS,2024-07-31
1190.584716796875,ICICIBANK.NS,2024-08-01
1177.2532958984375,ICICIBANK.NS,2024-08-02
1153.689453125,ICICIBANK.NS,2024-08-05
1148.0322265625,ICICIBANK.NS,2024-08-06
1153.5418701171875,ICICIBANK.NS,2024-08-07
1145.8184814453125,ICICIBANK.NS,2024-08-08
1152.70556640625,ICICIBANK.NS,2024-08-09
1163.8199462890625,ICICIBANK.NS,2024-08-12
1159.4039306640625,ICICIBANK.NS,2024-08-13
1152.7552490234375,ICICIBANK.NS,2024-08-14
1178.1591796875,ICICIBANK.NS,2024-08-16
1166.8961181640625,ICICIBANK.NS,2024-08-19
1170.4189453125,ICICIBANK.NS,2024-08-20
1165.8541259765625,ICICIBANK.NS,2024-08-21
1181.979736328125,ICICIBANK.NS,2024-08-22
1194.2847900390625,ICICIBANK.NS,2024-08-23
1204.009765625,ICICIBANK.NS,2024-08-26
1216.9598388671875,ICICIBANK.NS,2024-08-27
1214.47900390625,ICICIBANK.NS,2024-08-28
1212.5439453125,ICICIBANK.NS,2024-08-29
1219.7879638671875,ICICIBANK.NS,2024-08-30
1220.5322265625,ICICIBANK.NS,2024-09-02
1238.1463623046875,ICICIBANK.NS,2024-09-03
1226.88330078125,ICICIBANK.NS,2024-09-04
1226.486328125,ICICIBANK.NS,2024-09-05
1198.899169921875,ICICIBANK.NS,2024-09-06
1225.5435791015625,ICICIBANK.NS,2024-09-09
1227.8260498046875,ICICIBANK.NS,2024-09-10
1226.88330078125,ICICIBANK.NS,2024-09-11
1242.5623779296875,ICICIBANK.NS,2024-09-12
1240.7760009765625,ICICIBANK.NS,2024-09-13
1253.1802978515625,ICICIBANK.NS,2024-09-16
1258.39013671875,ICICIBANK.NS,2024-09-17
1278.485107421875,ICICIBANK.NS,2024-09-18
1282.107177734375,ICICIBANK.NS,2024-09-19
1328.201416015625,ICICIBANK.NS,2024-09-20
1311.7781982421875,ICICIBANK.NS,2024-09-23
1308.50341796875,ICICIBANK.NS,2024-09-24
1313.7132568359375,ICICIBANK.NS,2024-09-25
1318.87353515625,ICICIBANK.NS,2024-09-26
1296.5953369140625,ICICIBANK.NS,2024-09-27
1263.252685546875,ICICIBANK.NS,2024-09-30
1264.6419677734375,ICICIBANK.NS,2024-10-01
1246.7301025390625,ICICIBANK.NS,2024-10-03
1230.2572021484375,ICICIBANK.NS,2024-10-04
1224.4520263671875,ICICIBANK.NS,2024-10-07
1227.13134765625,ICICIBANK.NS,2024-10-08
1234.62353515625,ICICIBANK.NS,2024-10-09
1233.978515625,ICICIBANK.NS,2024-10-10
1213.635498046875,ICICIBANK.NS,2024-10-11
1222.3184814453125,ICICIBANK.NS,2024-10-14
1245.8865966796875,ICICIBANK.NS,2024-10-15
1233.6312255859375,ICICIBANK.NS,2024-10-16
1221.8223876953125,ICICIBANK.NS,2024-10-17
1254.8177490234375,ICICIBANK.NS,2024-10-18
1249.4095458984375,ICICIBANK.NS,2024-10-21
1257.7947998046875,ICICIBANK.NS,2024-10-22
1242.0164794921875,ICICIBANK.NS,2024-10-23
1243.15771484375,ICICIBANK.NS,2024-10-24
1245.8370361328125,ICICIBANK.NS,2024-10-25
1282.95068359375,ICICIBANK.NS,2024-10-28
1321.6519775390625,ICICIBANK.NS,2024-10-29
1302.1029052734375,ICICIBANK.NS,2024-10-30
1282.355224609375,ICICIBANK.NS,2024-10-31
1281.90869140625,ICICIBANK.NS,2024-11-01
1267.42041015625,ICICIBANK.NS,2024-11-04
1286.7711181640625,ICICIBANK.NS,2024-11-05
1292.3779296875,ICICIBANK.NS,2024-11-06
1268.908935546875,ICICIBANK.NS,2024-11-07
1249.2109375,ICICIBANK.NS,2024-11-08
1259.5810546875,ICICIBANK.NS,2024-11-11
1260.8709716796875,ICICIBANK.NS,2024-11-12
1244.100341796875,ICICIBANK.NS,2024-11-13
1247.325439453125,ICICIBANK.NS,2024-11-14
1243.852294921875,ICICIBANK.NS,2024-11-18
1239.53564453125,ICICIBANK.NS,2024-11-19
1240.974609375,ICICIBANK.NS,2024-11-21
1268.2640380859375,ICICIBANK.NS,2024-11-22
1290.9886474609375,ICICIBANK.NS,2024-11-25
1294.9580078125,ICICIBANK.NS,2024-11-26
1290.740478515625,ICICIBANK.NS,2024-11-27
1276.5003662109375,ICICIBANK.NS,2024-11-28
1290.1451416015625,ICICIBANK.NS,2024-11-29
1294.6602783203125,ICICIBANK.NS,2024-12-02
1298.381591796875,ICICIBANK.NS,2024-12-03
1305.9730224609375,ICICIBANK.NS,2024-12-04
1326.2664794921875,ICICIBANK.NS,2024-12-05
1318.5758056640625,ICICIBANK.NS,2024-12-06
1312.1751708984375,ICICIBANK.NS,2024-12-09
1320.2626953125,ICICIBANK.NS,2024-12-10
1317.3353271484375,ICICIBANK.NS,2024-12-11
1319.0718994140625,ICICIBANK.NS,2024-12-12
1334.6021728515625,ICICIBANK.NS,2024-12-13
1335.7928466796875,ICICIBANK.NS,2024-12-16
1323.5374755859375,ICICIBANK.NS,2024-12-17
1304.087646484375,ICICIBANK.NS,2024-12-18
1277.0462646484375,ICICIBANK.NS,2024-12-19
1278.5347900390625,ICICIBANK.NS,2024-12-20
1286.8704833984375,ICICIBANK.NS,2024-12-23
1287.3170166015625,ICICIBANK.NS,2024-12-24
1287.4161376953125,ICICIBANK.NS,2024-12-26
1297.5382080078125,ICICIBANK.NS,2024-12-27
1284.7369384765625,ICICIBANK.NS,2024-12-30
1271.83642578125,ICICIBANK.NS,2024-12-31
1273.8211669921875,ICICIBANK.NS,2025-01-01
1280.7178955078125,ICICIBANK.NS,2025-01-02
1255.363525390625,ICICIBANK.NS,2025-01-03
1254.4207763671875,ICICIBANK.NS,2025-01-06
1269.454833984375,ICICIBANK.NS,2025-01-07
1254.073486328125,ICICIBANK.NS,2025-01-08
1252.73388671875,ICICIBANK.NS,2025-01-09
1240.2799072265625,ICICIBANK.NS,2025-01-10
1220.3338623046875,ICICIBANK.NS,2025-01-13
1230.8031005859375,ICICIBANK.NS,2025-01-14
1228.7686767578125,ICICIBANK.NS,2025-01-15
1239.53564453125,ICICIBANK.NS,2025-01-16
1216.066650390625,ICICIBANK.NS,2025-01-17
1223.50927734375,ICICIBANK.NS,2025-01-20
1186.9910888671875,ICICIBANK.NS,2025-01-21
1191.258056640625,ICICIBANK.NS,2025-01-22
1192.5482177734375,ICICIBANK.NS,2025-01-23
1199.941162109375,ICICIBANK.NS,2025-01-24
1218.547607421875,ICICIBANK.NS,2025-01-27
1237.3525390625,ICICIBANK.NS,2025-01-28
1242.066162109375,ICICIBANK.NS,2025-01-29
1245.98583984375,ICICIBANK.NS,2025-01-30
1243.2073974609375,ICICIBANK.NS,2025-01-31
1245.936279296875,ICICIBANK.NS,2025-02-01
1243.40576171875,ICICIBANK.NS,2025-02-03
1258.4893798828125,ICICIBANK.NS,2025-02-04
1257.9931640625,ICICIBANK.NS,2025-02-05
1262.6572265625,ICICIBANK.NS,2025-02-06
1247.2760009765625,ICICIBANK.NS,2025-02-07
1252.9322509765625,ICICIBANK.NS,2025-02-10
1243.15771484375,ICICIBANK.NS,2025-02-11
1242.2149658203125,ICICIBANK.NS,2025-02-12
1239.337158203125,ICICIBANK.NS,2025-02-13
1250.451416015625,ICICIBANK.NS,2025-02-14
1241.5699462890625,ICICIBANK.NS,2025-02-17
1233.531982421875,ICICIBANK.NS,2025-02-18
1251.9896240234375,ICICIBANK.NS,2025-02-19
1240.379150390625,ICICIBANK.NS,2025-02-20
1223.50927734375,ICICIBANK.NS,2025-02-21
1209.0211181640625,ICICIBANK.NS,2025-02-24
1214.7767333984375,ICICIBANK.NS,2025-02-25
1213.0897216796875,ICICIBANK.NS,2025-02-27
1194.8802490234375,ICICIBANK.NS,2025-02-28
1196.964111328125,ICICIBANK.NS,2025-03-03
1201.1319580078125,ICICIBANK.NS,2025-03-04
1206.391357421875,ICICIBANK.NS,2025-03-05
1208.7235107421875,ICICIBANK.NS,2025-03-06
1205.250244140625,ICICIBANK.NS,2025-03-07
1205.5478515625,ICICIBANK.NS,2025-03-10
1235.864013671875,ICICIBANK.NS,2025-03-11
1234.425048828125,ICICIBANK.NS,2025-03-12
1240.4783935546875,ICICIBANK.NS,2025-03-13
1259.2833251953125,ICICIBANK.NS,2025-03-17
1259.2833251953125,ICICIBANK.NS,2025-03-18
1303.0455322265625,ICICIBANK.NS,2025-03-19
1311.5797119140625,ICICIBANK.NS,2025-03-20
1332.81591796875,ICICIBANK.NS,2025-03-21
1347.750732421875,ICICIBANK.NS,2025-03-24
1333.4112548828125,ICICIBANK.NS,2025-03-25
1325.6710205078125,ICICIBANK.NS,2025-03-26
1326.415283203125,ICICIBANK.NS,2025-03-27
1338.025634765625,ICICIBANK.NS,2025-03-28
1308.3546142578125,ICICIBANK.NS,2025-04-01
1321.056640625,ICICIBANK.NS,2025-04-02
1319.3697509765625,ICICIBANK.NS,2025-04-03
1325.07568359375,ICICIBANK.NS,2025-04-04
1277.6912841796875,ICICIBANK.NS,2025-04-07
1289.9466552734375,ICICIBANK.NS,2025-04-08
1290.83984375,ICICIBANK.NS,2025-04-09
1301.606689453125,ICICIBANK.NS,2025-04-11
1339.8614501953125,ICICIBANK.NS,2025-04-15
1346.0140380859375,ICICIBANK.NS,2025-04-16
1395.9288330078125,ICICIBANK.NS,2025-04-17
1399.0052490234375,ICICIBANK.NS,2025-04-21
1405.6539306640625,ICICIBANK.NS,2025-04-22
1413.493408203125,ICICIBANK.NS,2025-04-23
1391.95947265625,ICICIBANK.NS,2025-04-24
1394.04345703125,ICICIBANK.NS,2025-04-25
1417.8597412109375,ICICIBANK.NS,2025-04-28
1418.85205078125,ICICIBANK.NS,2025-04-29
1416.073486328125,ICICIBANK.NS,2025-04-30
1419.149658203125,ICICIBANK.NS,2025-05-02
1418.455078125,ICICIBANK.NS,2025-05-05
1420.63818359375,ICICIBANK.NS,2025-05-06
1424.4091796875,ICICIBANK.NS,2025-05-07
1424.5084228515625,ICICIBANK.NS,2025-05-08
1378.2652587890625,ICICIBANK.NS,2025-05-09
1437.4088134765625,ICICIBANK.NS,2025-05-12
1419.6458740234375,ICICIBANK.NS,2025-05-13
1415.279541015625,ICICIBANK.NS,2025-05-14
1439.6912841796875,ICICIBANK.NS,2025-05-15
1442.86669921875,ICICIBANK.NS,2025-05-16
1437.905029296875,ICICIBANK.NS,2025-05-19
1427.1876220703125,ICICIBANK.NS,2025-05-20
1433.637939453125,ICICIBANK.NS,2025-05-21
1431.057861328125,ICICIBANK.NS,2025-05-22
1438.698974609375,ICICIBANK.NS,2025-05-23
1449.4161376953125,ICICIBANK.NS,2025-05-26
1435.324951171875,ICICIBANK.NS,2025-05-27
1442.6683349609375,ICICIBANK.NS,2025-05-28
1445.3475341796875,ICICIBANK.NS,2025-05-29
1434.7296142578125,ICICIBANK.NS,2025-05-30
1439.3935546875,ICICIBANK.NS,2025-06-02
1426.8900146484375,ICICIBANK.NS,2025-06-03
1420.0428466796875,ICICIBANK.NS,2025-06-04
1443.66064453125,ICICIBANK.NS,2025-06-05
1448.5230712890625,ICICIBANK.NS,2025-06-06
1423.8138427734375,ICICIBANK.NS,2025-06-09
1412.0048828125,ICICIBANK.NS,2025-06-10
1420.0428466796875,ICICIBANK.NS,2025-06-11
1414.2872314453125,ICICIBANK.NS,2025-06-12
1405.2569580078125,ICICIBANK.NS,2025-06-13
1415.9742431640625,ICICIBANK.NS,2025-06-16
1412.302490234375,ICICIBANK.NS,2025-06-17
1401.78369140625,ICICIBANK.NS,2025-06-18
1400.4937744140625,ICICIBANK.NS,2025-06-19
1416.1727294921875,ICICIBANK.NS,2025-06-20
1409.226318359375,ICICIBANK.NS,2025-06-23
1413.1956787109375,ICICIBANK.NS,2025-06-24
1414.8826904296875,ICICIBANK.NS,2025-06-25
1428.080810546875,ICICIBANK.NS,2025-06-26
1451.00390625,ICICIBANK.NS,2025-06-27
1434.7296142578125,ICICIBANK.NS,2025-06-30
1421.03515625,ICICIBANK.NS,2025-07-01
1416.867431640625,ICICIBANK.NS,2025-07-02
1414.98193359375,ICICIBANK.NS,2025-07-03
1431.7525634765625,ICICIBANK.NS,2025-07-04
1424.706787109375,ICICIBANK.NS,2025-07-07
1430.9586181640625,ICICIBANK.NS,2025-07-08
1420.93603515625,ICICIBANK.NS,2025-07-09
1413.1956787109375,ICICIBANK.NS,2025-07-10
1411.0125732421875,ICICIBANK.NS,2025-07-11
1412.1041259765625,ICICIBANK.NS,2025-07-14
1419.844482421875,ICICIBANK.NS,2025-07-15
1415.4781494140625,ICICIBANK.NS,2025-07-16
1407.8370361328125,ICICIBANK.NS,2025-07-17
1414.8826904296875,ICICIBANK.NS,2025-07-18
1454.576416015625,ICICIBANK.NS,2025-07-21
1462.316650390625,ICICIBANK.NS,2025-07-22
1477.2017822265625,ICICIBANK.NS,2025-07-23
1472.0416259765625,ICICIBANK.NS,2025-07-24
1465.789794921875,ICICIBANK.NS,2025-07-25
1477.00341796875,ICICIBANK.NS,2025-07-28
1474.8201904296875,ICICIBANK.NS,2025-07-29
1471.04931640625,ICICIBANK.NS,2025-07-30
1470.0570068359375,ICICIBANK.NS,2025-07-31
1460.3319091796875,ICICIBANK.NS,2025-08-01
1451.9962158203125,ICICIBANK.NS,2025-08-04
1433.3402099609375,ICICIBANK.NS,2025-08-05
1432.54638671875,ICICIBANK.NS,2025-08-06
1429.271728515625,ICICIBANK.NS,2025-08-07
1424.9053955078125,ICICIBANK.NS,2025-08-08
1425.5999755859375,ICICIBANK.NS,2025-08-11
1422.0,ICICIBANK.NS,2025-08-12
1420.800048828125,ICICIBANK.NS,2025-08-13
1427.300048828125,ICICIBANK.NS,2025-08-14
1434.5999755859375,ICICIBANK.NS,2025-08-18
1436.300048828125,ICICIBANK.NS,2025-08-19
1430.5999755859375,ICICIBANK.NS,2025-08-20
1446.0,ICICIBANK.NS,2025-08-21
1436.4000244140625,ICICIBANK.NS,2025-08-22
1433.199951171875,ICICIBANK.NS,2025-08-25
1416.5999755859375,ICICIBANK.NS,2025-08-26
1399.0999755859375,ICICIBANK.NS,2025-08-28
1397.800048828125,ICICIBANK.NS,2025-08-29
1411.0,ICICIBANK.NS,2025-09-01
1394.199951171875,ICICIBANK.NS,2025-09-02
1397.0,ICICIBANK.NS,2025-09-03
1405.5,ICICIBANK.NS,2025-09-04
1402.800048828125,ICICIBANK.NS,2025-09-05
1402.699951171875,ICICIBANK.NS,2025-09-08
1403.699951171875,ICICIBANK.NS,2025-09-09
1403.9000244140625,ICICIBANK.NS,2025-09-10
1401.5999755859375,ICICIBANK.NS,2025-09-11
1417.699951171875,ICICIBANK.NS,2025-09-12
1419.4000244140625,ICICIBANK.NS,2025-09-15
1421.5999755859375,ICICIBANK.NS,2025-09-16
1419.199951171875,ICICIBANK.NS,2025-09-17
1421.699951171875,ICICIBANK.NS,2025-09-18
1402.199951171875,ICICIBANK.NS,2025-09-19
1401.5,ICICIBANK.NS,2025-09-22
1394.300048828125,ICICIBANK.NS,2025-09-23
1382.699951171875,ICICIBANK.NS,2025-09-24
1375.800048828125,ICICIBANK.NS,2025-09-25
1359.5999755859375,ICICIBANK.NS,2025-09-26
1348.0999755859375,ICICIBANK.NS,2025-09-29
1348.0,ICICIBANK.NS,2025-09-30
1372.0,ICICIBANK.NS,2025-10-01
1365.199951171875,ICICIBANK.NS,2025-10-03
1363.4000244140625,ICICIBANK.NS,2025-10-06
1375.9000244140625,ICICIBANK.NS,2025-10-07
1370.300048828125,ICICIBANK.NS,2025-10-08
1376.199951171875,ICICIBANK.NS,2025-10-09
1380.300048828125,ICICIBANK.NS,2025-10-10
1379.4000244140625,ICICIBANK.NS,2025-10-13
1384.0999755859375,ICICIBANK.NS,2025-10-14
1398.4000244140625,ICICIBANK.NS,2025-10-15
1417.300048828125,ICICIBANK.NS,2025-10-16
1436.5999755859375,ICICIBANK.NS,2025-10-17
1390.300048828125,ICICIBANK.NS,2025-10-20
1382.0,ICICIBANK.NS,2025-10-21
1363.699951171875,ICICIBANK.NS,2025-10-23
1377.699951171875,ICICIBANK.NS,2025-10-24
1377.5999755859375,ICICIBANK.NS,2025-10-27
1363.0999755859375,ICICIBANK.NS,2025-10-28
1370.4000244140625,ICICIBANK.NS,2025-10-29
1362.4000244140625,ICICIBANK.NS,2025-10-30
1345.300048828125,ICICIBANK.NS,2025-10-31
1346.4000244140625,ICICIBANK.NS,2025-11-03
1336.9000244140625,ICICIBANK.NS,2025-11-04
1320.4000244140625,ICICIBANK.NS,2025-11-06
1343.0,ICICIBANK.NS,2025-11-07
1348.0,ICICIBANK.NS,2025-11-10
1358.300048828125,ICICIBANK.NS,2025-11-11
1358.9000244140625,ICICIBANK.NS,2025-11-12
1385.9000244140625,ICICIBANK.NS,2025-11-13
1373.0,ICICIBANK.NS,2025-11-14
1379.0,ICICIBANK.NS,2025-11-17
1373.4000244140625,ICICIBANK.NS,2025-11-18
1383.0999755859375,ICICIBANK.NS,2025-11-19
1383.0,ICICIBANK.NS,2025-11-20
1369.5,ICICIBANK.NS,2025-11-21
1368.4000244140625,ICICIBANK.NS,2025-11-24
1357.800048828125,ICICIBANK.NS,2025-11-25
1375.0,ICICIBANK.NS,2025-11-26
1392.199951171875,ICICIBANK.NS,2025-11-27
1388.800048828125,ICICIBANK.NS,2025-11-28
1390.0999755859375,ICICIBANK.NS,2025-12-01
1373.0,ICICIBANK.NS,2025-12-02
1391.5,ICICIBANK.NS,2025-12-03
1386.699951171875,ICICIBANK.NS,2025-12-04
1392.5,ICICIBANK.NS,2025-12-05
1389.5999755859375,ICICIBANK.NS,2025-12-08
1375.199951171875,ICICIBANK.NS,2025-12-09
1363.5999755859375,ICICIBANK.NS,2025-12-10
1360.0,ICICIBANK.NS,2025-12-11
1366.0,ICICIBANK.NS,2025-12-12
1365.199951171875,ICICIBANK.NS,2025-12-15
1366.0,ICICIBANK.NS,2025-12-16
1352.4000244140625,ICICIBANK.NS,2025-12-17
1356.800048828125,ICICIBANK.NS,2025-12-18
1354.0999755859375,ICICIBANK.NS,2025-12-19
1368.5,ICICIBANK.NS,2025-12-22
1363.0,ICICIBANK.NS,2025-12-23
1359.800048828125,ICICIBANK.NS,2025-12-24
1350.4000244140625,ICICIBANK.NS,2025-12-26
1343.300048828125,ICICIBANK.NS,2025-12-29
1342.5,ICICIBANK.NS,2025-12-30
1342.9000244140625,ICICIBANK.NS,2025-12-31
1338.0,ICICIBANK.NS,2026-01-01
1355.4000244140625,ICICIBANK.NS,2026-01-02
1371.5,ICICIBANK.NS,2026-01-05
1411.199951171875,ICICIBANK.NS,2026-01-06
1427.699951171875,ICICIBANK.NS,2026-01-07
1435.0,ICICIBANK.NS,2026-01-08
1404.300048828125,ICICIBANK.NS,2026-01-09
1413.0999755859375,ICICIBANK.NS,2026-01-12
1437.0,ICICIBANK.NS,2026-01-13
1418.4000244140625,ICICIBANK.NS,2026-01-14
1418.4000244140625,ICICIBANK.NS,2026-01-15
1410.800048828125,ICICIBANK.NS,2026-01-16
1380.5999755859375,ICICIBANK.NS,2026-01-19
1375.800048828125,ICICIBANK.NS,2026-01-20
1349.0,ICICIBANK.NS,2026-01-21
1345.5,ICICIBANK.NS,2026-01-22
1343.4000244140625,ICICIBANK.NS,2026-01-23
1361.4000244140625,ICICIBANK.NS,2026-01-27
1367.699951171875,ICICIBANK.NS,2026-01-28
1383.5999755859375,ICICIBANK.NS,2026-01-29
1355.0,ICICIBANK.NS,2026-01-30
1352.800048828125,ICICIBANK.NS,2026-02-02
1389.699951171875,ICICIBANK.NS,2026-02-03
1408.4000244140625,ICICIBANK.NS,2026-02-04
1396.5,ICICIBANK.NS,2026-02-05
1406.0999755859375,ICICIBANK.NS,2026-02-06
1396.300048828125,ICICIBANK.NS,2026-02-09
1406.5,ICICIBANK.NS,2026-02-10
1406.0999755859375,ICICIBANK.NS,2026-02-11
1430.0,ICICIBANK.NS,2026-02-12
1414.5999755859375,ICICIBANK.NS,2026-02-13
1411.5999755859375,ICICIBANK.NS,2026-02-16
1407.5,ICICIBANK.NS,2026-02-17
1408.199951171875,ICICIBANK.NS,2026-02-18
1388.800048828125,ICICIBANK.NS,2026-02-19
1394.5,ICICIBANK.NS,2026-02-20
1399.4000244140625,ICICIBANK.NS,2026-02-23
1384.800048828125,ICICIBANK.NS,2026-02-24
1400.5,ICICIBANK.NS,2026-02-25
1404.9000244140625,ICICIBANK.NS,2026-02-26
1378.9000244140625,ICICIBANK.NS,2026-02-27
1374.0,ICICIBANK.NS,2026-03-02
1365.4000244140625,ICICIBANK.NS,2026-03-04
1357.5999755859375,ICICIBANK.NS,2026-03-05
1313.4000244140625,ICICIBANK.NS,2026-03-06
1278.4000244140625,ICICIBANK.NS,2026-03-09
1311.9000244140625,ICICIBANK.NS,2026-03-10
1294.5999755859375,ICICIBANK.NS,2026-03-11
1266.5,ICICIBANK.NS,2026-03-12
1254.800048828125,ICICIBANK.NS,2026-03-13
1272.9000244140625,ICICIBANK.NS,2026-03-16
1288.699951171875,ICICIBANK.NS,2026-03-17
1289.300048828125,ICICIBANK.NS,2026-03-18
1250.0999755859375,ICICIBANK.NS,2026-03-19
1245.4000244140625,ICICIBANK.NS,2026-03-20
1222.699951171875,ICICIBANK.NS,2026-03-23
1251.199951171875,ICICIBANK.NS,2026-03-24
1259.699951171875,ICICIBANK.NS,2026-03-25
1233.800048828125,ICICIBANK.NS,2026-03-27
1205.9000244140625,ICICIBANK.NS,2026-03-30
1212.699951171875,ICICIBANK.NS,2026-04-01
1215.800048828125,ICICIBANK.NS,2026-04-02
1231.4000244140625,ICICIBANK.NS,2026-04-06
1245.5,ICICIBANK.NS,2026-04-07
1309.199951171875,ICICIBANK.NS,2026-04-08
1281.300048828125,ICICIBANK.NS,2026-04-09
1321.9000244140625,ICICIBANK.NS,2026-04-10
1351.0999755859375,ICICIBANK.NS,2026-04-13
1348.0999755859375,ICICIBANK.NS,2026-04-15
1345.5,ICICIBANK.NS,2026-04-16
1346.800048828125,ICICIBANK.NS,2026-04-17
1356.199951171875,ICICIBANK.NS,2026-04-20
1388.4000244140625,ICICIBANK.NS,2026-04-21
1367.5999755859375,ICICIBANK.NS,2026-04-22
1348.0,ICICIBANK.NS,2026-04-23
1326.199951171875,ICICIBANK.NS,2026-04-24
1314.0999755859375,ICICIBANK.NS,2026-04-27
1292.0,ICICIBANK.NS,2026-04-28
1281.0,ICICIBANK.NS,2026-04-29
1263.4000244140625,ICICIBANK.NS,2026-04-30
1263.4000244140625,ICICIBANK.NS,2026-05-01
1270.800048828125,ICICIBANK.NS,2026-05-04
1251.300048828125,ICICIBANK.NS,2026-05-05
1279.5,ICICIBANK.NS,2026-05-06
1279.0,ICICIBANK.NS,2026-05-07
1264.800048828125,ICICIBANK.NS,2026-05-08
1266.4000244140625,ICICIBANK.NS,2026-05-11
1240.300048828125,ICICIBANK.NS,2026-05-12
1235.5999755859375,ICICIBANK.NS,2026-05-13
1246.0,ICICIBANK.NS,2026-05-14
1244.5,ICICIBANK.NS,2026-05-15
1251.0999755859375,ICICIBANK.NS,2026-05-18
1240.800048828125,ICICIBANK.NS,2026-05-19
1237.300048828125,ICICIBANK.NS,2026-05-20
1242.800048828125,ICICIBANK.NS,2026-05-21
1264.300048828125,ICICIBANK.NS,2026-05-22
1291.800048828125,ICICIBANK.NS,2026-05-25
1279.0999755859375,ICICIBANK.NS,2026-05-26
1272.699951171875,ICICIBANK.NS,2026-05-27
1272.699951171875,ICICIBANK.NS,2026-05-28
1256.4000244140625,ICICIBANK.NS,2026-05-29
1239.699951171875,ICICIBANK.NS,2026-06-01
1226.5999755859375,ICICIBANK.NS,2026-06-02
1242.0,ICICIBANK.NS,2026-06-03
1251.699951171875,ICICIBANK.NS,2026-06-04
1262.0999755859375,ICICIBANK.NS,2026-06-05
1250.199951171875,ICICIBANK.NS,2026-06-08
1275.0,ICICIBANK.NS,2026-06-09
1293.300048828125,ICICIBANK.NS,2026-06-10
1317.0,ICICIBANK.NS,2026-06-11
1340.800048828125,ICICIBANK.NS,2026-06-12
1327.5999755859375,ICICIBANK.NS,2026-06-15
1334.300048828125,ICICIBANK.NS,2026-06-16
1336.800048828125,ICICIBANK.NS,2026-06-17
1342.300048828125,ICICIBANK.NS,2026-06-18
1346.5,ICICIBANK.NS,2026-06-19
1352.4000244140625,ICICIBANK.NS,2026-06-22
1338.300048828125,ICICIBANK.NS,2026-06-23
1373.5999755859375,ICICIBANK.NS,2026-06-24
1387.5,ICICIBANK.NS,2026-06-25
1387.5,ICICIBANK.NS,2026-06-26
1387.5999755859375,ICICIBANK.NS,2026-06-29
422.9791259765625,SBIN.NS,2022-05-20
421.60699462890625,SBIN.NS,2022-05-23
422.6589050292969,SBIN.NS,2022-05-24
421.8692932128906,SBIN.NS,2022-05-25
435.6188049316406,SBIN.NS,2022-05-26
435.665283203125,SBIN.NS,2022-05-27
440.9142761230469,SBIN.NS,2022-05-30
434.8756103515625,SBIN.NS,2022-05-31
435.0614013671875,SBIN.NS,2022-06-01
436.50140380859375,SBIN.NS,2022-06-02
431.5311584472656,SBIN.NS,2022-06-03
430.7879333496094,SBIN.NS,2022-06-06
430.5091857910156,SBIN.NS,2022-06-07
437.8484802246094,SBIN.NS,2022-06-08
433.8072204589844,SBIN.NS,2022-06-09
429.0692138671875,SBIN.NS,2022-06-10
414.2048645019531,SBIN.NS,2022-06-13
416.2951354980469,SBIN.NS,2022-06-14
419.3144836425781,SBIN.NS,2022-06-15
410.2565002441406,SBIN.NS,2022-06-16
409.6990966796875,SBIN.NS,2022-06-17
403.8462219238281,SBIN.NS,2022-06-20
418.757080078125,SBIN.NS,2022-06-21
415.8770751953125,SBIN.NS,2022-06-22
419.36090087890625,SBIN.NS,2022-06-23
422.0086364746094,SBIN.NS,2022-06-24
428.46539306640625,SBIN.NS,2022-06-27
431.2988586425781,SBIN.NS,2022-06-28
426.514404296875,SBIN.NS,2022-06-29
432.831787109375,SBIN.NS,2022-06-30
433.71429443359375,SBIN.NS,2022-07-01
439.8459167480469,SBIN.NS,2022-07-04
438.63812255859375,SBIN.NS,2022-07-05
445.8845520019531,SBIN.NS,2022-07-06
452.201904296875,SBIN.NS,2022-07-07
453.8741149902344,SBIN.NS,2022-07-08
453.5489807128906,SBIN.NS,2022-07-11
450.5296630859375,SBIN.NS,2022-07-12
451.96966552734375,SBIN.NS,2022-07-13
445.32708740234375,SBIN.NS,2022-07-14
445.0948486328125,SBIN.NS,2022-07-15
455.4999084472656,SBIN.NS,2022-07-18
462.6069641113281,SBIN.NS,2022-07-19
472.50103759765625,SBIN.NS,2022-07-20
475.7061767578125,SBIN.NS,2022-07-21
477.23907470703125,SBIN.NS,2022-07-22
481.04803466796875,SBIN.NS,2022-07-25
477.7035827636719,SBIN.NS,2022-07-26
490.7098693847656,SBIN.NS,2022-07-27
494.6582336425781,SBIN.NS,2022-07-28
490.8492126464844,SBIN.NS,2022-07-29
495.86590576171875,SBIN.NS,2022-08-01
503.623291015625,SBIN.NS,2022-08-02
502.4620361328125,SBIN.NS,2022-08-03
495.4014587402344,SBIN.NS,2022-08-04
493.35760498046875,SBIN.NS,2022-08-05
483.4635314941406,SBIN.NS,2022-08-08
478.1680603027344,SBIN.NS,2022-08-10
487.5047607421875,SBIN.NS,2022-08-11
493.0324401855469,SBIN.NS,2022-08-12
488.6195983886719,SBIN.NS,2022-08-16
490.6634826660156,SBIN.NS,2022-08-17
494.5653381347656,SBIN.NS,2022-08-18
483.4170227050781,SBIN.NS,2022-08-19
475.0093688964844,SBIN.NS,2022-08-22
484.8570861816406,SBIN.NS,2022-08-23
482.44158935546875,SBIN.NS,2022-08-24
483.4635314941406,SBIN.NS,2022-08-25
486.6221923828125,SBIN.NS,2022-08-26
478.307373046875,SBIN.NS,2022-08-29
493.5434265136719,SBIN.NS,2022-08-30
495.4479064941406,SBIN.NS,2022-09-01
498.6065979003906,SBIN.NS,2022-09-02
500.650390625,SBIN.NS,2022-09-05
499.6285095214844,SBIN.NS,2022-09-06
495.02984619140625,SBIN.NS,2022-09-07
505.9923095703125,SBIN.NS,2022-09-08
514.0748291015625,SBIN.NS,2022-09-09
515.5147705078125,SBIN.NS,2022-09-12
518.3948364257812,SBIN.NS,2022-09-13
531.1688232421875,SBIN.NS,2022-09-14
531.54052734375,SBIN.NS,2022-09-15
521.925048828125,SBIN.NS,2022-09-16
531.6333618164062,SBIN.NS,2022-09-19
533.3055419921875,SBIN.NS,2022-09-20
529.264404296875,SBIN.NS,2022-09-21
527.03466796875,SBIN.NS,2022-09-22
511.5199890136719,SBIN.NS,2022-09-23
504.7380676269531,SBIN.NS,2022-09-26
498.4207458496094,SBIN.NS,2022-09-27
487.5976257324219,SBIN.NS,2022-09-28
484.71771240234375,SBIN.NS,2022-09-29
492.9395446777344,SBIN.NS,2022-09-30
482.8596496582031,SBIN.NS,2022-10-03
494.8904724121094,SBIN.NS,2022-10-04
499.16400146484375,SBIN.NS,2022-10-06
492.56793212890625,SBIN.NS,2022-10-07
493.07891845703125,SBIN.NS,2022-10-10
489.96673583984375,SBIN.NS,2022-10-11
495.91241455078125,SBIN.NS,2022-10-12
484.43902587890625,SBIN.NS,2022-10-13
489.7808837890625,SBIN.NS,2022-10-14
505.0633850097656,SBIN.NS,2022-10-17
522.5289306640625,SBIN.NS,2022-10-18
514.121337890625,SBIN.NS,2022-10-19
515.9793701171875,SBIN.NS,2022-10-20
521.04248046875,SBIN.NS,2022-10-21
530.0076293945312,SBIN.NS,2022-10-24
537.4862060546875,SBIN.NS,2022-10-25
538.5081787109375,SBIN.NS,2022-10-27
530.2398071289062,SBIN.NS,2022-10-28
533.0733642578125,SBIN.NS,2022-10-31
535.9533081054688,SBIN.NS,2022-11-01
533.1197509765625,SBIN.NS,2022-11-02
543.385498046875,SBIN.NS,2022-11-03
551.7931518554688,SBIN.NS,2022-11-04
570.5593872070312,SBIN.NS,2022-11-07
571.8600463867188,SBIN.NS,2022-11-09
562.7556762695312,SBIN.NS,2022-11-10
558.6214599609375,SBIN.NS,2022-11-11
550.4925537109375,SBIN.NS,2022-11-14
558.203369140625,SBIN.NS,2022-11-15
557.181396484375,SBIN.NS,2022-11-16
556.5310668945312,SBIN.NS,2022-11-17
559.9220581054688,SBIN.NS,2022-11-18
555.6485595703125,SBIN.NS,2022-11-21
556.5775756835938,SBIN.NS,2022-11-22
564.5208129882812,SBIN.NS,2022-11-23
566.1000366210938,SBIN.NS,2022-11-24
564.2885131835938,SBIN.NS,2022-11-25
565.4033203125,SBIN.NS,2022-11-28
565.3568725585938,SBIN.NS,2022-11-29
559.6898193359375,SBIN.NS,2022-11-30
564.9387817382812,SBIN.NS,2022-12-01
564.4278564453125,SBIN.NS,2022-12-02
573.48583984375,SBIN.NS,2022-12-05
565.7284545898438,SBIN.NS,2022-12-06
563.96337890625,SBIN.NS,2022-12-07
568.2368774414062,SBIN.NS,2022-12-08
572.7425537109375,SBIN.NS,2022-12-09
569.5374755859375,SBIN.NS,2022-12-12
572.9749145507812,SBIN.NS,2022-12-13
581.103759765625,SBIN.NS,2022-12-14
572.2316284179688,SBIN.NS,2022-12-15
560.5259399414062,SBIN.NS,2022-12-16
561.5479125976562,SBIN.NS,2022-12-19
561.5479125976562,SBIN.NS,2022-12-20
551.2821655273438,SBIN.NS,2022-12-21
551.2821655273438,SBIN.NS,2022-12-22
533.2590942382812,SBIN.NS,2022-12-23
554.7195434570312,SBIN.NS,2022-12-26
559.1788940429688,SBIN.NS,2022-12-27
558.38916015625,SBIN.NS,2022-12-28
568.376220703125,SBIN.NS,2022-12-29
570.141357421875,SBIN.NS,2022-12-30
568.7478637695312,SBIN.NS,2023-01-02
568.9336547851562,SBIN.NS,2023-01-03
562.2446899414062,SBIN.NS,2023-01-04
562.1516723632812,SBIN.NS,2023-01-05
558.0176391601562,SBIN.NS,2023-01-06
564.5671997070312,SBIN.NS,2023-01-09
552.907958984375,SBIN.NS,2023-01-10
554.3479614257812,SBIN.NS,2023-01-11
552.6757202148438,SBIN.NS,2023-01-12
557.506591796875,SBIN.NS,2023-01-13
560.2008056640625,SBIN.NS,2023-01-16
550.8641357421875,SBIN.NS,2023-01-17
549.4705810546875,SBIN.NS,2023-01-18
547.9840698242188,SBIN.NS,2023-01-19
550.1673583984375,SBIN.NS,2023-01-20
557.831787109375,SBIN.NS,2023-01-23
552.1647338867188,SBIN.NS,2023-01-24
528.3353271484375,SBIN.NS,2023-01-25
501.6259460449219,SBIN.NS,2023-01-27
500.0001220703125,SBIN.NS,2023-01-30
514.2141723632812,SBIN.NS,2023-01-31
489.9201965332031,SBIN.NS,2023-02-01
490.6169128417969,SBIN.NS,2023-02-02
505.5743103027344,SBIN.NS,2023-02-03
506.6891174316406,SBIN.NS,2023-02-06
508.2684326171875,SBIN.NS,2023-02-07
510.73028564453125,SBIN.NS,2023-02-08
511.70574951171875,SBIN.NS,2023-02-09
513.7960815429688,SBIN.NS,2023-02-10
499.3498229980469,SBIN.NS,2023-02-13
502.4620361328125,SBIN.NS,2023-02-14
503.7626647949219,SBIN.NS,2023-02-15
501.7652282714844,SBIN.NS,2023-02-16
493.31109619140625,SBIN.NS,2023-02-17
487.8763427734375,SBIN.NS,2023-02-20
486.2969970703125,SBIN.NS,2023-02-21
479.700927734375,SBIN.NS,2023-02-22
484.0209045410156,SBIN.NS,2023-02-23
484.0673828125,SBIN.NS,2023-02-24
490.2454528808594,SBIN.NS,2023-02-27
485.69317626953125,SBIN.NS,2023-02-28
498.6065979003906,SBIN.NS,2023-03-01
495.86590576171875,SBIN.NS,2023-03-02
521.36767578125,SBIN.NS,2023-03-03
521.8321533203125,SBIN.NS,2023-03-06
524.7120971679688,SBIN.NS,2023-03-08
519.2310180664062,SBIN.NS,2023-03-09
508.5005798339844,SBIN.NS,2023-03-10
492.38214111328125,SBIN.NS,2023-03-13
488.1086730957031,SBIN.NS,2023-03-14
480.8157958984375,SBIN.NS,2023-03-15
487.27252197265625,SBIN.NS,2023-03-16
492.1962890625,SBIN.NS,2023-03-17
482.34869384765625,SBIN.NS,2023-03-20
484.81060791015625,SBIN.NS,2023-03-21
484.5318908691406,SBIN.NS,2023-03-22
476.3564758300781,SBIN.NS,2023-03-23
469.4817199707031,SBIN.NS,2023-03-24
473.94097900390625,SBIN.NS,2023-03-27
472.0365295410156,SBIN.NS,2023-03-28
479.8403015136719,SBIN.NS,2023-03-29
486.5757141113281,SBIN.NS,2023-03-31
489.36279296875,SBIN.NS,2023-04-03
485.8789978027344,SBIN.NS,2023-04-05
490.1989440917969,SBIN.NS,2023-04-06
488.9447326660156,SBIN.NS,2023-04-10
494.3330078125,SBIN.NS,2023-04-11
490.7098693847656,SBIN.NS,2023-04-12
495.1227722167969,SBIN.NS,2023-04-13
505.3884582519531,SBIN.NS,2023-04-17
507.10711669921875,SBIN.NS,2023-04-18
501.9510803222656,SBIN.NS,2023-04-19
506.13165283203125,SBIN.NS,2023-04-20
504.59881591796875,SBIN.NS,2023-04-21
515.236083984375,SBIN.NS,2023-04-24
521.925048828125,SBIN.NS,2023-04-25
526.152099609375,SBIN.NS,2023-04-26
524.6657104492188,SBIN.NS,2023-04-27
537.25390625,SBIN.NS,2023-04-28
534.466796875,SBIN.NS,2023-05-02
530.0076293945312,SBIN.NS,2023-05-03
538.8333129882812,SBIN.NS,2023-05-04
535.5816650390625,SBIN.NS,2023-05-05
542.1776733398438,SBIN.NS,2023-05-08
532.7945556640625,SBIN.NS,2023-05-09
531.5869140625,SBIN.NS,2023-05-10
532.7482299804688,SBIN.NS,2023-05-11
537.1145629882812,SBIN.NS,2023-05-12
540.5984497070312,SBIN.NS,2023-05-15
544.6860961914062,SBIN.NS,2023-05-16
544.6860961914062,SBIN.NS,2023-05-17
533.4448852539062,SBIN.NS,2023-05-18
534.3275756835938,SBIN.NS,2023-05-19
536.185546875,SBIN.NS,2023-05-22
540.3196411132812,SBIN.NS,2023-05-23
541.3416137695312,SBIN.NS,2023-05-24
539.9945678710938,SBIN.NS,2023-05-25
544.4074096679688,SBIN.NS,2023-05-26
552.7685546875,SBIN.NS,2023-05-29
550.7247314453125,SBIN.NS,2023-05-30
549.162109375,SBIN.NS,2023-05-31
551.9086303710938,SBIN.NS,2023-06-01
556.1231689453125,SBIN.NS,2023-06-02
556.1231689453125,SBIN.NS,2023-06-05
554.3710327148438,SBIN.NS,2023-06-06
558.0172729492188,SBIN.NS,2023-06-07
557.3543701171875,SBIN.NS,2023-06-08
548.072998046875,SBIN.NS,2023-06-09
548.025634765625,SBIN.NS,2023-06-12
545.8947143554688,SBIN.NS,2023-06-13
546.0367431640625,SBIN.NS,2023-06-14
536.5186157226562,SBIN.NS,2023-06-15
541.0172119140625,SBIN.NS,2023-06-16
538.7442626953125,SBIN.NS,2023-06-19
537.3710327148438,SBIN.NS,2023-06-20
536.3765258789062,SBIN.NS,2023-06-21
533.1565551757812,SBIN.NS,2023-06-22
525.2484130859375,SBIN.NS,2023-06-23
527.5687866210938,SBIN.NS,2023-06-26
536.1397705078125,SBIN.NS,2023-06-27
539.6439819335938,SBIN.NS,2023-06-28
542.5325927734375,SBIN.NS,2023-06-30
554.4657592773438,SBIN.NS,2023-07-03
558.0646362304688,SBIN.NS,2023-07-04
559.3431396484375,SBIN.NS,2023-07-05
561.142578125,SBIN.NS,2023-07-06
562.1843872070312,SBIN.NS,2023-07-07
561.2372436523438,SBIN.NS,2023-07-10
557.401611328125,SBIN.NS,2023-07-11
558.0646362304688,SBIN.NS,2023-07-12
554.6552124023438,SBIN.NS,2023-07-13
553.4713134765625,SBIN.NS,2023-07-14
569.2874755859375,SBIN.NS,2023-07-17
561.0005493164062,SBIN.NS,2023-07-18
569.6189575195312,SBIN.NS,2023-07-19
577.7637329101562,SBIN.NS,2023-07-20
582.5465087890625,SBIN.NS,2023-07-21
584.9616088867188,SBIN.NS,2023-07-24
577.3375854492188,SBIN.NS,2023-07-25
582.5939331054688,SBIN.NS,2023-07-26
583.9197998046875,SBIN.NS,2023-07-27
583.4462890625,SBIN.NS,2023-07-28
587.3766479492188,SBIN.NS,2023-07-31
579.468505859375,SBIN.NS,2023-08-01
566.7777099609375,SBIN.NS,2023-08-02
559.2484741210938,SBIN.NS,2023-08-03
542.9586791992188,SBIN.NS,2023-08-04
537.8446044921875,SBIN.NS,2023-08-07
542.769287109375,SBIN.NS,2023-08-08
543.3849487304688,SBIN.NS,2023-08-09
543.2902221679688,SBIN.NS,2023-08-10
543.7638549804688,SBIN.NS,2023-08-11
531.1202392578125,SBIN.NS,2023-08-14
535.4295043945312,SBIN.NS,2023-08-16
541.8696899414062,SBIN.NS,2023-08-17
542.6273193359375,SBIN.NS,2023-08-18
541.4434204101562,SBIN.NS,2023-08-21
538.4127807617188,SBIN.NS,2023-08-22
546.3682861328125,SBIN.NS,2023-08-23
546.41552734375,SBIN.NS,2023-08-24
539.7860717773438,SBIN.NS,2023-08-25
542.5325927734375,SBIN.NS,2023-08-28
544.4267578125,SBIN.NS,2023-08-29
537.3710327148438,SBIN.NS,2023-08-30
531.6411743164062,SBIN.NS,2023-08-31
539.4072265625,SBIN.NS,2023-09-01
545.0896606445312,SBIN.NS,2023-09-04
542.6746215820312,SBIN.NS,2023-09-05
540.3070068359375,SBIN.NS,2023-09-06
548.4044189453125,SBIN.NS,2023-09-07
552.5715942382812,SBIN.NS,2023-09-08
560.385009765625,SBIN.NS,2023-09-11
557.212158203125,SBIN.NS,2023-09-12
564.8836059570312,SBIN.NS,2023-09-13
565.6885986328125,SBIN.NS,2023-09-14
567.1091918945312,SBIN.NS,2023-09-15
571.9866943359375,SBIN.NS,2023-09-18
569.2874755859375,SBIN.NS,2023-09-20
557.0228881835938,SBIN.NS,2023-09-21
566.4935913085938,SBIN.NS,2023-09-22
562.6105346679688,SBIN.NS,2023-09-25
562.9420776367188,SBIN.NS,2023-09-26
558.5381469726562,SBIN.NS,2023-09-27
558.7276000976562,SBIN.NS,2023-09-28
566.8723754882812,SBIN.NS,2023-09-29
571.03955078125,SBIN.NS,2023-10-03
555.2234497070312,SBIN.NS,2023-10-04
560.8111572265625,SBIN.NS,2023-10-05
562.7999877929688,SBIN.NS,2023-10-06
554.1342163085938,SBIN.NS,2023-10-09
560.337646484375,SBIN.NS,2023-10-10
557.212158203125,SBIN.NS,2023-10-11
555.0339965820312,SBIN.NS,2023-10-12
545.6578979492188,SBIN.NS,2023-10-13
545.1844482421875,SBIN.NS,2023-10-16
545.9420166015625,SBIN.NS,2023-10-17
542.3432006835938,SBIN.NS,2023-10-18
540.9699096679688,SBIN.NS,2023-10-19
533.298583984375,SBIN.NS,2023-10-20
523.685791015625,SBIN.NS,2023-10-23
526.7637329101562,SBIN.NS,2023-10-25
518.0506591796875,SBIN.NS,2023-10-26
531.4517822265625,SBIN.NS,2023-10-27
535.2874145507812,SBIN.NS,2023-10-30
535.6188354492188,SBIN.NS,2023-10-31
536.4239501953125,SBIN.NS,2023-11-01
541.8222045898438,SBIN.NS,2023-11-02
547.5520629882812,SBIN.NS,2023-11-03
543.9531860351562,SBIN.NS,2023-11-06
549.0673828125,SBIN.NS,2023-11-07
549.5882568359375,SBIN.NS,2023-11-08
547.741455078125,SBIN.NS,2023-11-09
548.8306884765625,SBIN.NS,2023-11-10
550.5827026367188,SBIN.NS,2023-11-13
553.7554321289062,SBIN.NS,2023-11-15
553.7081298828125,SBIN.NS,2023-11-16
533.251220703125,SBIN.NS,2023-11-17
533.9141845703125,SBIN.NS,2023-11-20
531.7832641601562,SBIN.NS,2023-11-21
529.3682250976562,SBIN.NS,2023-11-22
530.3153076171875,SBIN.NS,2023-11-23
530.694091796875,SBIN.NS,2023-11-24
534.5771484375,SBIN.NS,2023-11-28
538.5075073242188,SBIN.NS,2023-11-29
534.8612670898438,SBIN.NS,2023-11-30
541.4907836914062,SBIN.NS,2023-12-01
563.2261962890625,SBIN.NS,2023-12-04
576.0590209960938,SBIN.NS,2023-12-05
576.2484741210938,SBIN.NS,2023-12-06
579.3264770507812,SBIN.NS,2023-12-07
581.6468505859375,SBIN.NS,2023-12-08
581.7415771484375,SBIN.NS,2023-12-11
579.989501953125,SBIN.NS,2023-12-12
587.0451049804688,SBIN.NS,2023-12-13
590.6441040039062,SBIN.NS,2023-12-14
613.942138671875,SBIN.NS,2023-12-15
614.1788330078125,SBIN.NS,2023-12-18
620.7137451171875,SBIN.NS,2023-12-19
602.7666625976562,SBIN.NS,2023-12-20
609.6802368164062,SBIN.NS,2023-12-21
603.0507202148438,SBIN.NS,2023-12-22
604.2819213867188,SBIN.NS,2023-12-26
614.2262573242188,SBIN.NS,2023-12-27
616.9254760742188,SBIN.NS,2023-12-28
608.0701904296875,SBIN.NS,2023-12-29
607.4072265625,SBIN.NS,2024-01-01
605.60791015625,SBIN.NS,2024-01-02
609.3961791992188,SBIN.NS,2024-01-03
608.7332153320312,SBIN.NS,2024-01-04
607.9755249023438,SBIN.NS,2024-01-05
593.8167114257812,SBIN.NS,2024-01-08
592.3014526367188,SBIN.NS,2024-01-09
588.8446044921875,SBIN.NS,2024-01-10
587.3766479492188,SBIN.NS,2024-01-11
600.0674438476562,SBIN.NS,2024-01-12
606.223388671875,SBIN.NS,2024-01-15
603.1927490234375,SBIN.NS,2024-01-16
592.8696899414062,SBIN.NS,2024-01-17
595.0479125976562,SBIN.NS,2024-01-18
594.5270385742188,SBIN.NS,2024-01-19
573.07568359375,SBIN.NS,2024-01-23
585.5772094726562,SBIN.NS,2024-01-24
580.3209228515625,SBIN.NS,2024-01-25
589.9810791015625,SBIN.NS,2024-01-29
593.5800170898438,SBIN.NS,2024-01-30
606.602294921875,SBIN.NS,2024-01-31
613.3739013671875,SBIN.NS,2024-02-01
615.26806640625,SBIN.NS,2024-02-02
608.922607421875,SBIN.NS,2024-02-05
615.8363037109375,SBIN.NS,2024-02-06
639.51318359375,SBIN.NS,2024-02-07
662.527099609375,SBIN.NS,2024-02-08
686.8670043945312,SBIN.NS,2024-02-09
670.4352416992188,SBIN.NS,2024-02-12
675.6915283203125,SBIN.NS,2024-02-13
704.056396484375,SBIN.NS,2024-02-14
721.387939453125,SBIN.NS,2024-02-15
714.7583618164062,SBIN.NS,2024-02-16
719.0675659179688,SBIN.NS,2024-02-19
719.87255859375,SBIN.NS,2024-02-20
730.6692504882812,SBIN.NS,2024-02-21
725.3656616210938,SBIN.NS,2024-02-22
718.8781127929688,SBIN.NS,2024-02-23
718.7361450195312,SBIN.NS,2024-02-26
710.1649780273438,SBIN.NS,2024-02-27
703.2039794921875,SBIN.NS,2024-02-28
708.5076904296875,SBIN.NS,2024-02-29
728.443603515625,SBIN.NS,2024-03-01
731.1901245117188,SBIN.NS,2024-03-04
742.4603881835938,SBIN.NS,2024-03-05
742.4130249023438,SBIN.NS,2024-03-06
746.3433227539062,SBIN.NS,2024-03-07
732.7528076171875,SBIN.NS,2024-03-11
719.4937744140625,SBIN.NS,2024-03-12
707.7025756835938,SBIN.NS,2024-03-13
701.8307495117188,SBIN.NS,2024-03-14
693.1650390625,SBIN.NS,2024-03-15
692.2653198242188,SBIN.NS,2024-03-18
685.4937133789062,SBIN.NS,2024-03-19
697.2847900390625,SBIN.NS,2024-03-20
704.9087524414062,SBIN.NS,2024-03-21
707.1817626953125,SBIN.NS,2024-03-22
700.8837280273438,SBIN.NS,2024-03-26
694.4909057617188,SBIN.NS,2024-03-27
712.53271484375,SBIN.NS,2024-03-28
718.1678466796875,SBIN.NS,2024-04-01
725.8391723632812,SBIN.NS,2024-04-02
730.2430419921875,SBIN.NS,2024-04-03
719.1149291992188,SBIN.NS,2024-04-04
724.2764892578125,SBIN.NS,2024-04-05
727.6386108398438,SBIN.NS,2024-04-08
723.7555541992188,SBIN.NS,2024-04-09
737.819580078125,SBIN.NS,2024-04-10
725.7444458007812,SBIN.NS,2024-04-12
717.4102172851562,SBIN.NS,2024-04-15
711.9171752929688,SBIN.NS,2024-04-16
705.38232421875,SBIN.NS,2024-04-18
710.7332763671875,SBIN.NS,2024-04-19
725.5549926757812,SBIN.NS,2024-04-22
732.08984375,SBIN.NS,2024-04-23
732.1845703125,SBIN.NS,2024-04-24
769.6887817382812,SBIN.NS,2024-04-25
758.89208984375,SBIN.NS,2024-04-26
782.7584228515625,SBIN.NS,2024-04-29
782.5216674804688,SBIN.NS,2024-04-30
786.1205444335938,SBIN.NS,2024-05-02
787.4464721679688,SBIN.NS,2024-05-03
765.048095703125,SBIN.NS,2024-05-06
759.4603881835938,SBIN.NS,2024-05-07
767.8893432617188,SBIN.NS,2024-05-08
776.4130249023438,SBIN.NS,2024-05-09
774.0926513671875,SBIN.NS,2024-05-10
765.9951782226562,SBIN.NS,2024-05-13
774.897705078125,SBIN.NS,2024-05-14
776.8865356445312,SBIN.NS,2024-05-15
768.978515625,SBIN.NS,2024-05-16
774.566162109375,SBIN.NS,2024-05-17
786.6888427734375,SBIN.NS,2024-05-21
788.422119140625,SBIN.NS,2024-05-22
801.277587890625,SBIN.NS,2024-05-23
797.9072265625,SBIN.NS,2024-05-24
802.818359375,SBIN.NS,2024-05-27
800.3628540039062,SBIN.NS,2024-05-28
792.1776733398438,SBIN.NS,2024-05-29
795.2590942382812,SBIN.NS,2024-05-30
799.5924072265625,SBIN.NS,2024-05-31
872.1032104492188,SBIN.NS,2024-06-03
746.4852905273438,SBIN.NS,2024-06-04
760.4962768554688,SBIN.NS,2024-06-05
786.6887817382812,SBIN.NS,2024-06-06
799.207275390625,SBIN.NS,2024-06-07
800.9887084960938,SBIN.NS,2024-06-10
804.5997924804688,SBIN.NS,2024-06-11
808.0182495117188,SBIN.NS,2024-06-12
812.6405639648438,SBIN.NS,2024-06-13
808.1146240234375,SBIN.NS,2024-06-14
813.603515625,SBIN.NS,2024-06-18
821.0181884765625,SBIN.NS,2024-06-19
812.4960327148438,SBIN.NS,2024-06-20
805.322021484375,SBIN.NS,2024-06-21
801.8554077148438,SBIN.NS,2024-06-24
811.0516357421875,SBIN.NS,2024-06-25
814.0367431640625,SBIN.NS,2024-06-26
812.73681640625,SBIN.NS,2024-06-27
817.5034790039062,SBIN.NS,2024-06-28
810.7627563476562,SBIN.NS,2024-07-01
795.5480346679688,SBIN.NS,2024-07-02
808.8368530273438,SBIN.NS,2024-07-03
808.2108764648438,SBIN.NS,2024-07-04
827.9033813476562,SBIN.NS,2024-07-05
824.5330200195312,SBIN.NS,2024-07-08
829.3959350585938,SBIN.NS,2024-07-09
817.5515747070312,SBIN.NS,2024-07-10
824.9664306640625,SBIN.NS,2024-07-11
827.855224609375,SBIN.NS,2024-07-12
848.7033081054688,SBIN.NS,2024-07-15
848.0773315429688,SBIN.NS,2024-07-16
860.451416015625,SBIN.NS,2024-07-18
856.4069213867188,SBIN.NS,2024-07-19
844.3218383789062,SBIN.NS,2024-07-22
831.8997192382812,SBIN.NS,2024-07-23
820.4404907226562,SBIN.NS,2024-07-24
817.070068359375,SBIN.NS,2024-07-25
830.50341796875,SBIN.NS,2024-07-26
839.3143920898438,SBIN.NS,2024-07-29
840.469970703125,SBIN.NS,2024-07-30
840.0848388671875,SBIN.NS,2024-07-31
830.696044921875,SBIN.NS,2024-08-01
816.4441528320312,SBIN.NS,2024-08-02
781.5850830078125,SBIN.NS,2024-08-05
768.15185546875,SBIN.NS,2024-08-06
778.6962890625,SBIN.NS,2024-08-07
778.1184692382812,SBIN.NS,2024-08-08
793.7665405273438,SBIN.NS,2024-08-09
782.4998779296875,SBIN.NS,2024-08-12
768.0073852539062,SBIN.NS,2024-08-13
773.2555541992188,SBIN.NS,2024-08-14
782.0184326171875,SBIN.NS,2024-08-16
783.5592041015625,SBIN.NS,2024-08-19
789.9146728515625,SBIN.NS,2024-08-20
785.3406372070312,SBIN.NS,2024-08-21
789.9146728515625,SBIN.NS,2024-08-22
785.1480102539062,SBIN.NS,2024-08-23
784.859130859375,SBIN.NS,2024-08-26
785.677734375,SBIN.NS,2024-08-27
779.41845703125,SBIN.NS,2024-08-28
784.3295288085938,SBIN.NS,2024-08-29
785.3887939453125,SBIN.NS,2024-08-30
791.6961669921875,SBIN.NS,2024-09-02
794.2479858398438,SBIN.NS,2024-09-03
786.2554321289062,SBIN.NS,2024-09-04
788.422119140625,SBIN.NS,2024-09-05
753.514892578125,SBIN.NS,2024-09-06
755.2000732421875,SBIN.NS,2024-09-09
753.6593017578125,SBIN.NS,2024-09-10
740.1296997070312,SBIN.NS,2024-09-11
758.5704345703125,SBIN.NS,2024-09-12
761.5555419921875,SBIN.NS,2024-09-13
756.451904296875,SBIN.NS,2024-09-16
753.9000854492188,SBIN.NS,2024-09-17
763.3851928710938,SBIN.NS,2024-09-18
760.6889038085938,SBIN.NS,2024-09-19
752.7445068359375,SBIN.NS,2024-09-20
772.1480712890625,SBIN.NS,2024-09-23
768.6814575195312,SBIN.NS,2024-09-24
763.7222290039062,SBIN.NS,2024-09-25
772.1480712890625,SBIN.NS,2024-09-26
772.91845703125,SBIN.NS,2024-09-27
758.71484375,SBIN.NS,2024-09-30
767.4296264648438,SBIN.NS,2024-10-01
764.6851806640625,SBIN.NS,2024-10-03
767.1407470703125,SBIN.NS,2024-10-04
742.1038208007812,SBIN.NS,2024-10-07
752.5037841796875,SBIN.NS,2024-10-08
767.8629760742188,SBIN.NS,2024-10-09
767.5740356445312,SBIN.NS,2024-10-10
770.1259155273438,SBIN.NS,2024-10-11
775.3258666992188,SBIN.NS,2024-10-14
774.8444213867188,SBIN.NS,2024-10-15
775.61474609375,SBIN.NS,2024-10-16
781.0072631835938,SBIN.NS,2024-10-17
790.010986328125,SBIN.NS,2024-10-18
783.7999267578125,SBIN.NS,2024-10-21
761.1222534179688,SBIN.NS,2024-10-22
756.8851928710938,SBIN.NS,2024-10-23
765.1185302734375,SBIN.NS,2024-10-24
752.0222778320312,SBIN.NS,2024-10-25
762.7111206054688,SBIN.NS,2024-10-28
801.8554077148438,SBIN.NS,2024-10-29
791.9850463867188,SBIN.NS,2024-10-30
789.8184204101562,SBIN.NS,2024-10-31
790.7813720703125,SBIN.NS,2024-11-01
799.1109619140625,SBIN.NS,2024-11-04
817.7442016601562,SBIN.NS,2024-11-05
823.13671875,SBIN.NS,2024-11-06
827.7589111328125,SBIN.NS,2024-11-07
811.9182739257812,SBIN.NS,2024-11-08
816.2516479492188,SBIN.NS,2024-11-11
796.0775756835938,SBIN.NS,2024-11-12
778.6962890625,SBIN.NS,2024-11-13
774.459228515625,SBIN.NS,2024-11-14
784.136962890625,SBIN.NS,2024-11-18
773.2555541992188,SBIN.NS,2024-11-19
751.8296508789062,SBIN.NS,2024-11-21
785.8220825195312,SBIN.NS,2024-11-22
813.1701049804688,SBIN.NS,2024-11-25
808.3071899414062,SBIN.NS,2024-11-26
803.2034912109375,SBIN.NS,2024-11-27
807.7775268554688,SBIN.NS,2024-11-28
807.8739013671875,SBIN.NS,2024-11-29
805.4183959960938,SBIN.NS,2024-12-02
822.3182373046875,SBIN.NS,2024-12-03
827.855224609375,SBIN.NS,2024-12-04
833.3922729492188,SBIN.NS,2024-12-05
831.6589965820312,SBIN.NS,2024-12-06
826.266357421875,SBIN.NS,2024-12-09
835.3663330078125,SBIN.NS,2024-12-10
829.684814453125,SBIN.NS,2024-12-11
822.0775146484375,SBIN.NS,2024-12-12
829.63671875,SBIN.NS,2024-12-13
829.0589599609375,SBIN.NS,2024-12-16
819.044189453125,SBIN.NS,2024-12-17
807.103515625,SBIN.NS,2024-12-18
801.95166015625,SBIN.NS,2024-12-19
781.922119140625,SBIN.NS,2024-12-20
790.7332763671875,SBIN.NS,2024-12-23
781.9702758789062,SBIN.NS,2024-12-24
782.35546875,SBIN.NS,2024-12-26
770.0296630859375,SBIN.NS,2024-12-27
759.1000366210938,SBIN.NS,2024-12-30
765.5037231445312,SBIN.NS,2024-12-31
763.8185424804688,SBIN.NS,2025-01-01
771.522216796875,SBIN.NS,2025-01-02
764.0111694335938,SBIN.NS,2025-01-03
747.6408081054688,SBIN.NS,2025-01-06
749.9037475585938,SBIN.NS,2025-01-07
742.5853271484375,SBIN.NS,2025-01-08
732.2816162109375,SBIN.NS,2025-01-09
715.71875,SBIN.NS,2025-01-10
702.4780883789062,SBIN.NS,2025-01-13
720.437255859375,SBIN.NS,2025-01-14
725.7816772460938,SBIN.NS,2025-01-15
737.9149169921875,SBIN.NS,2025-01-16
735.79638671875,SBIN.NS,2025-01-17
750.38525390625,SBIN.NS,2025-01-20
730.9334716796875,SBIN.NS,2025-01-21
725.5409545898438,SBIN.NS,2025-01-22
718.2706298828125,SBIN.NS,2025-01-23
716.58544921875,SBIN.NS,2025-01-24
721.4483642578125,SBIN.NS,2025-01-27
724.5298461914062,SBIN.NS,2025-01-28
730.355712890625,SBIN.NS,2025-01-29
734.3519897460938,SBIN.NS,2025-01-30
744.2705078125,SBIN.NS,2025-01-31
737.6260375976562,SBIN.NS,2025-02-01
732.7631225585938,SBIN.NS,2025-02-03
750.3370971679688,SBIN.NS,2025-02-04
737.6741943359375,SBIN.NS,2025-02-05
724.3853759765625,SBIN.NS,2025-02-06
709.8928833007812,SBIN.NS,2025-02-07
709.5076904296875,SBIN.NS,2025-02-10
704.0187377929688,SBIN.NS,2025-02-11
705.992919921875,SBIN.NS,2025-02-12
700.6965942382812,SBIN.NS,2025-02-13
695.400390625,SBIN.NS,2025-02-14
700.7447509765625,SBIN.NS,2025-02-17
698.9151000976562,SBIN.NS,2025-02-18
700.3595581054688,SBIN.NS,2025-02-19
702.6707153320312,SBIN.NS,2025-02-20
695.255859375,SBIN.NS,2025-02-21
689.8633422851562,SBIN.NS,2025-02-24
684.5670776367188,SBIN.NS,2025-02-25
677.8263549804688,SBIN.NS,2025-02-27
663.28564453125,SBIN.NS,2025-02-28
669.544921875,SBIN.NS,2025-03-03
689.5262451171875,SBIN.NS,2025-03-04
703.2965698242188,SBIN.NS,2025-03-05
704.93359375,SBIN.NS,2025-03-06
705.6077270507812,SBIN.NS,2025-03-07
701.9003295898438,SBIN.NS,2025-03-10
702.8150634765625,SBIN.NS,2025-03-11
696.2670288085938,SBIN.NS,2025-03-12
700.88916015625,SBIN.NS,2025-03-13
696.3633422851562,SBIN.NS,2025-03-17
696.3633422851562,SBIN.NS,2025-03-18
717.5001831054688,SBIN.NS,2025-03-19
721.7853393554688,SBIN.NS,2025-03-20
725.3001708984375,SBIN.NS,2025-03-21
751.8778076171875,SBIN.NS,2025-03-24
744.2222900390625,SBIN.NS,2025-03-25
735.7001342773438,SBIN.NS,2025-03-26
743.6926879882812,SBIN.NS,2025-03-27
742.92236328125,SBIN.NS,2025-03-28
743.1149291992188,SBIN.NS,2025-04-01
747.20751953125,SBIN.NS,2025-04-02
750.3370971679688,SBIN.NS,2025-04-03
739.0223999023438,SBIN.NS,2025-04-04
719.2335815429688,SBIN.NS,2025-04-07
740.1296997070312,SBIN.NS,2025-04-08
714.7076416015625,SBIN.NS,2025-04-09
725.9260864257812,SBIN.NS,2025-04-11
735.2186279296875,SBIN.NS,2025-04-15
743.1630859375,SBIN.NS,2025-04-16
767.9111328125,SBIN.NS,2025-04-17
786.447998046875,SBIN.NS,2025-04-21
791.9369506835938,SBIN.NS,2025-04-22
783.3184204101562,SBIN.NS,2025-04-23
783.2703247070312,SBIN.NS,2025-04-24
769.0667114257812,SBIN.NS,2025-04-25
787.073974609375,SBIN.NS,2025-04-28
782.4517211914062,SBIN.NS,2025-04-29
759.4371337890625,SBIN.NS,2025-04-30
767.1888427734375,SBIN.NS,2025-05-02
760.737060546875,SBIN.NS,2025-05-05
745.4259643554688,SBIN.NS,2025-05-06
747.3518676757812,SBIN.NS,2025-05-07
740.5149536132812,SBIN.NS,2025-05-08
750.38525390625,SBIN.NS,2025-05-09
771.9555053710938,SBIN.NS,2025-05-12
772.0518188476562,SBIN.NS,2025-05-13
771.0407104492188,SBIN.NS,2025-05-14
777.82958984375,SBIN.NS,2025-05-15
778.0751342773438,SBIN.NS,2025-05-16
780.9237670898438,SBIN.NS,2025-05-19
771.7393798828125,SBIN.NS,2025-05-20
773.1636352539062,SBIN.NS,2025-05-21
771.346435546875,SBIN.NS,2025-05-22
776.5034790039062,SBIN.NS,2025-05-23
780.33447265625,SBIN.NS,2025-05-26
779.6468505859375,SBIN.NS,2025-05-27
782.4463500976562,SBIN.NS,2025-05-28
783.232177734375,SBIN.NS,2025-05-29
797.91748046875,SBIN.NS,2025-05-30
799.2435913085938,SBIN.NS,2025-06-02
795.4617309570312,SBIN.NS,2025-06-03
792.2201538085938,SBIN.NS,2025-06-04
791.72900390625,SBIN.NS,2025-06-05
798.6541748046875,SBIN.NS,2025-06-06
805.5302734375,SBIN.NS,2025-06-09
802.5833740234375,SBIN.NS,2025-06-10
800.6187744140625,SBIN.NS,2025-06-11
791.679931640625,SBIN.NS,2025-06-12
778.3206787109375,SBIN.NS,2025-06-13
778.4680786132812,SBIN.NS,2025-06-16
778.2716064453125,SBIN.NS,2025-06-17
777.8787231445312,SBIN.NS,2025-06-18
771.1990356445312,SBIN.NS,2025-06-19
782.053466796875,SBIN.NS,2025-06-20
776.2088012695312,SBIN.NS,2025-06-23
781.3167114257812,SBIN.NS,2025-06-24
785.8843383789062,SBIN.NS,2025-06-25
782.9375,SBIN.NS,2025-06-26
791.1396484375,SBIN.NS,2025-06-27
805.824951171875,SBIN.NS,2025-06-30
805.7758178710938,SBIN.NS,2025-07-01
798.5068969726562,SBIN.NS,2025-07-02
792.8095092773438,SBIN.NS,2025-07-03
797.4754028320312,SBIN.NS,2025-07-04
792.56396484375,SBIN.NS,2025-07-07
798.2612915039062,SBIN.NS,2025-07-08
796.5913696289062,SBIN.NS,2025-07-09
793.693603515625,SBIN.NS,2025-07-10
794.3321533203125,SBIN.NS,2025-07-11
794.528564453125,SBIN.NS,2025-07-14
801.9940185546875,SBIN.NS,2025-07-15
816.9739990234375,SBIN.NS,2025-07-16
814.32177734375,SBIN.NS,2025-07-17
808.7717895507812,SBIN.NS,2025-07-18
809.6068115234375,SBIN.NS,2025-07-21
800.5697021484375,SBIN.NS,2025-07-22
806.1196899414062,SBIN.NS,2025-07-23
801.25732421875,SBIN.NS,2025-07-24
792.269287109375,SBIN.NS,2025-07-25
783.0357666015625,SBIN.NS,2025-07-28
785.0494384765625,SBIN.NS,2025-07-29
787.4560546875,SBIN.NS,2025-07-30
782.4463500976562,SBIN.NS,2025-07-31
779.9415283203125,SBIN.NS,2025-08-01
781.6113891601562,SBIN.NS,2025-08-04
786.4246215820312,SBIN.NS,2025-08-05
790.8941040039062,SBIN.NS,2025-08-06
790.8941040039062,SBIN.NS,2025-08-07
790.0591430664062,SBIN.NS,2025-08-08
808.8700561523438,SBIN.NS,2025-08-11
806.0704956054688,SBIN.NS,2025-08-12
807.29833984375,SBIN.NS,2025-08-13
811.9151611328125,SBIN.NS,2025-08-14
812.9957275390625,SBIN.NS,2025-08-18
815.697021484375,SBIN.NS,2025-08-19
814.272705078125,SBIN.NS,2025-08-20
811.0802612304688,SBIN.NS,2025-08-21
801.7975463867188,SBIN.NS,2025-08-22
801.9940185546875,SBIN.NS,2025-08-25
793.5462646484375,SBIN.NS,2025-08-26
787.750732421875,SBIN.NS,2025-08-28
788.291015625,SBIN.NS,2025-08-29
791.7781372070312,SBIN.NS,2025-09-01
789.666259765625,SBIN.NS,2025-09-02
797.7701416015625,SBIN.NS,2025-09-03
795.06884765625,SBIN.NS,2025-09-04
792.318359375,SBIN.NS,2025-09-05
794.4794311523438,SBIN.NS,2025-09-08
794.528564453125,SBIN.NS,2025-09-09
803.7130126953125,SBIN.NS,2025-09-10
809.0665283203125,SBIN.NS,2025-09-11
808.96826171875,SBIN.NS,2025-09-12
810.1470336914062,SBIN.NS,2025-09-15
816.82666015625,SBIN.NS,2025-09-16
841.973388671875,SBIN.NS,2025-09-17
839.222900390625,SBIN.NS,2025-09-18
847.081298828125,SBIN.NS,2025-09-19
840.1069946289062,SBIN.NS,2025-09-22
855.1851806640625,SBIN.NS,2025-09-23
850.8631591796875,SBIN.NS,2025-09-24
845.902587890625,SBIN.NS,2025-09-25
841.7769165039062,SBIN.NS,2025-09-26
855.3325805664062,SBIN.NS,2025-09-29
857.0025024414062,SBIN.NS,2025-09-30
848.80029296875,SBIN.NS,2025-10-01
851.9436645507812,SBIN.NS,2025-10-03
858.5741577148438,SBIN.NS,2025-10-06
849.3897094726562,SBIN.NS,2025-10-07
843.0538940429688,SBIN.NS,2025-10-08
846.835693359375,SBIN.NS,2025-10-09
865.0573120117188,SBIN.NS,2025-10-10
867.3165893554688,SBIN.NS,2025-10-13
861.4227905273438,SBIN.NS,2025-10-14
870.4107666015625,SBIN.NS,2025-10-15
871.2457275390625,SBIN.NS,2025-10-16
873.4067993164062,SBIN.NS,2025-10-17
891.431884765625,SBIN.NS,2025-10-20
891.775634765625,SBIN.NS,2025-10-21
895.41015625,SBIN.NS,2025-10-23
888.4849853515625,SBIN.NS,2025-10-24
906.411865234375,SBIN.NS,2025-10-27
913.779052734375,SBIN.NS,2025-10-28
923.11083984375,SBIN.NS,2025-10-29
917.8064575195312,SBIN.NS,2025-10-30
920.4095458984375,SBIN.NS,2025-10-31
932.8847045898438,SBIN.NS,2025-11-03
940.644775390625,SBIN.NS,2025-11-04
943.739013671875,SBIN.NS,2025-11-06
938.92578125,SBIN.NS,2025-11-07
934.3090209960938,SBIN.NS,2025-11-10
936.4209594726562,SBIN.NS,2025-11-11
940.2028198242188,SBIN.NS,2025-11-12
937.1085815429688,SBIN.NS,2025-11-13
950.7133178710938,SBIN.NS,2025-11-14
956.1159057617188,SBIN.NS,2025-11-17
955.2318725585938,SBIN.NS,2025-11-18
965.3494873046875,SBIN.NS,2025-11-19
964.1707153320312,SBIN.NS,2025-11-20
955.3792114257812,SBIN.NS,2025-11-21
953.4146118164062,SBIN.NS,2025-11-24
966.1844482421875,SBIN.NS,2025-11-25
966.4791870117188,SBIN.NS,2025-11-26
955.624755859375,SBIN.NS,2025-11-27
961.6658935546875,SBIN.NS,2025-11-28
955.870361328125,SBIN.NS,2025-12-01
950.1730346679688,SBIN.NS,2025-12-02
934.2107543945312,SBIN.NS,2025-12-03
931.31298828125,SBIN.NS,2025-12-04
954.2987060546875,SBIN.NS,2025-12-05
939.466064453125,SBIN.NS,2025-12-08
942.3638305664062,SBIN.NS,2025-12-09
942.7567749023438,SBIN.NS,2025-12-10
946.1947631835938,SBIN.NS,2025-12-11
946.0965576171875,SBIN.NS,2025-12-12
950.1239624023438,SBIN.NS,2025-12-15
944.1319580078125,SBIN.NS,2025-12-16
958.5716552734375,SBIN.NS,2025-12-17
960.2415771484375,SBIN.NS,2025-12-18
962.94287109375,SBIN.NS,2025-12-19
957.0491333007812,SBIN.NS,2025-12-22
954.691650390625,SBIN.NS,2025-12-23
951.7938842773438,SBIN.NS,2025-12-24
949.1907348632812,SBIN.NS,2025-12-26
947.962890625,SBIN.NS,2025-12-29
956.2141723632812,SBIN.NS,2025-12-30
964.8092651367188,SBIN.NS,2025-12-31
967.3140869140625,SBIN.NS,2026-01-01
981.2626953125,SBIN.NS,2026-01-02
987.7457885742188,SBIN.NS,2026-01-05
1000.8594360351562,SBIN.NS,2026-01-06
989.3175048828125,SBIN.NS,2026-01-07
980.3294677734375,SBIN.NS,2026-01-08
982.7852172851562,SBIN.NS,2026-01-09
997.1758422851562,SBIN.NS,2026-01-12
1010.2402954101562,SBIN.NS,2026-01-13
1010.14208984375,SBIN.NS,2026-01-14
1010.14208984375,SBIN.NS,2026-01-15
1023.8451538085938,SBIN.NS,2026-01-16
1020.0142211914062,SBIN.NS,2026-01-19
1018.0496215820312,SBIN.NS,2026-01-20
1010.4368286132812,SBIN.NS,2026-01-21
1029.7879638671875,SBIN.NS,2026-01-22
1011.271728515625,SBIN.NS,2026-01-23
1034.5030517578125,SBIN.NS,2026-01-27
1044.6697998046875,SBIN.NS,2026-01-28
1047.3218994140625,SBIN.NS,2026-01-29
1058.078125,SBIN.NS,2026-01-30
1010.4859008789062,SBIN.NS,2026-02-02
1045.3572998046875,SBIN.NS,2026-02-03
1049.2864990234375,SBIN.NS,2026-02-04
1054.49267578125,SBIN.NS,2026-02-05
1047.5184326171875,SBIN.NS,2026-02-06
1125.708984375,SBIN.NS,2026-02-09
1123.8426513671875,SBIN.NS,2026-02-10
1161.9556884765625,SBIN.NS,2026-02-11
1171.2874755859375,SBIN.NS,2026-02-12
1177.377685546875,SBIN.NS,2026-02-13
1186.70947265625,SBIN.NS,2026-02-16
1191.9156494140625,SBIN.NS,2026-02-17
1197.3182373046875,SBIN.NS,2026-02-18
1184.3519287109375,SBIN.NS,2026-02-19
1194.5677490234375,SBIN.NS,2026-02-20
1206.0606689453125,SBIN.NS,2026-02-23
1201.640380859375,SBIN.NS,2026-02-24
1178.85107421875,SBIN.NS,2026-02-25
1188.084716796875,SBIN.NS,2026-02-26
1180.4227294921875,SBIN.NS,2026-02-27
1168.831787109375,SBIN.NS,2026-03-02
1153.704345703125,SBIN.NS,2026-03-04
1148.79296875,SBIN.NS,2026-03-05
1122.7620849609375,SBIN.NS,2026-03-06
1079.050048828125,SBIN.NS,2026-03-09
1092.5074462890625,SBIN.NS,2026-03-10
1071.781005859375,SBIN.NS,2026-03-11
1065.9854736328125,SBIN.NS,2026-03-12
1028.4619140625,SBIN.NS,2026-03-13
1047.8131103515625,SBIN.NS,2026-03-16
1045.8485107421875,SBIN.NS,2026-03-17
1050.8582763671875,SBIN.NS,2026-03-18
1030.3282470703125,SBIN.NS,2026-03-19
1039.26708984375,SBIN.NS,2026-03-20
1013.6292724609375,SBIN.NS,2026-03-23
1012.5487670898438,SBIN.NS,2026-03-24
1041.821044921875,SBIN.NS,2026-03-25
1001.4487915039062,SBIN.NS,2026-03-27
962.058837890625,SBIN.NS,2026-03-30
999.7789306640625,SBIN.NS,2026-04-01
1000.3683471679688,SBIN.NS,2026-04-02
1014.4642333984375,SBIN.NS,2026-04-06
1012.1558227539062,SBIN.NS,2026-04-07
1042.656005859375,SBIN.NS,2026-04-08
1022.5189819335938,SBIN.NS,2026-04-09
1047.8131103515625,SBIN.NS,2026-04-10
1044.7188720703125,SBIN.NS,2026-04-13
1052.528076171875,SBIN.NS,2026-04-15
1048.255126953125,SBIN.NS,2026-04-16
1061.1231689453125,SBIN.NS,2026-04-17
1088.2344970703125,SBIN.NS,2026-04-20
1092.1636962890625,SBIN.NS,2026-04-21
1083.76513671875,SBIN.NS,2026-04-22
1074.875244140625,SBIN.NS,2026-04-23
1081.60400390625,SBIN.NS,2026-04-24
1092.1636962890625,SBIN.NS,2026-04-27
1071.9775390625,SBIN.NS,2026-04-28
1067.655517578125,SBIN.NS,2026-04-29
1049.5321044921875,SBIN.NS,2026-04-30
1049.5321044921875,SBIN.NS,2026-05-01
1049.4830322265625,SBIN.NS,2026-05-04
1041.133544921875,SBIN.NS,2026-05-05
1076.5943603515625,SBIN.NS,2026-05-06
1072.6651611328125,SBIN.NS,2026-05-07
1001.2523193359375,SBIN.NS,2026-05-08
956.3615112304688,SBIN.NS,2026-05-11
957.3438110351562,SBIN.NS,2026-05-12
952.9234619140625,SBIN.NS,2026-05-13
962.5499877929688,SBIN.NS,2026-05-14
963.2000122070312,SBIN.NS,2026-05-15
939.4000244140625,SBIN.NS,2026-05-18
948.7999877929688,SBIN.NS,2026-05-19
950.9000244140625,SBIN.NS,2026-05-20
950.9000244140625,SBIN.NS,2026-05-21
949.2000122070312,SBIN.NS,2026-05-22
969.5999755859375,SBIN.NS,2026-05-25
968.5,SBIN.NS,2026-05-26
967.7999877929688,SBIN.NS,2026-05-27
967.7999877929688,SBIN.NS,2026-05-28
964.4000244140625,SBIN.NS,2026-05-29
954.0999755859375,SBIN.NS,2026-06-01
956.6500244140625,SBIN.NS,2026-06-02
970.4500122070312,SBIN.NS,2026-06-03
979.25,SBIN.NS,2026-06-04
977.7000122070312,SBIN.NS,2026-06-05
981.9500122070312,SBIN.NS,2026-06-08
1002.7000122070312,SBIN.NS,2026-06-09
1003.25,SBIN.NS,2026-06-10
1000.7000122070312,SBIN.NS,2026-06-11
1017.1500244140625,SBIN.NS,2026-06-12
1020.8499755859375,SBIN.NS,2026-06-15
1015.2999877929688,SBIN.NS,2026-06-16
1026.5,SBIN.NS,2026-06-17
1042.699951171875,SBIN.NS,2026-06-18
1035.0999755859375,SBIN.NS,2026-06-19
1040.75,SBIN.NS,2026-06-22
1024.199951171875,SBIN.NS,2026-06-23
1034.5999755859375,SBIN.NS,2026-06-24
1045.4000244140625,SBIN.NS,2026-06-25
1045.4000244140625,SBIN.NS,2026-06-26
1036.0999755859375,SBIN.NS,2026-06-29
1278.6278076171875,INFY.NS,2022-05-20
1290.2705078125,INFY.NS,2022-05-23
1266.1943359375,INFY.NS,2022-05-24
1239.350341796875,INFY.NS,2022-05-25
1251.212646484375,INFY.NS,2022-05-26
1284.0755615234375,INFY.NS,2022-05-27
1341.5860595703125,INFY.NS,2022-05-30
1335.1925048828125,INFY.NS,2022-05-31
1312.9482421875,INFY.NS,2022-06-01
1339.0997314453125,INFY.NS,2022-06-02
1351.2652587890625,INFY.NS,2022-06-03
1358.68017578125,INFY.NS,2022-06-06
1337.945068359375,INFY.NS,2022-06-07
1331.9954833984375,INFY.NS,2022-06-08
1345.315673828125,INFY.NS,2022-06-09
1311.39404296875,INFY.NS,2022-06-10
1264.951904296875,INFY.NS,2022-06-13
1279.2044677734375,INFY.NS,2022-06-14
1262.9093017578125,INFY.NS,2022-06-15
1240.7095947265625,INFY.NS,2022-06-16
1231.91845703125,INFY.NS,2022-06-17
1255.760986328125,INFY.NS,2022-06-20
1287.507080078125,INFY.NS,2022-06-21
1276.27392578125,INFY.NS,2022-06-22
1289.7713623046875,INFY.NS,2022-06-23
1279.6925048828125,INFY.NS,2022-06-24
1309.4405517578125,INFY.NS,2022-06-27
1314.3690185546875,INFY.NS,2022-06-28
1299.3619384765625,INFY.NS,2022-06-29
1298.1629638671875,INFY.NS,2022-06-30
1313.702880859375,INFY.NS,2022-07-01
1321.3397216796875,INFY.NS,2022-07-04
1310.63916015625,INFY.NS,2022-07-05
1324.580810546875,INFY.NS,2022-07-06
1330.84130859375,INFY.NS,2022-07-07
1344.827392578125,INFY.NS,2022-07-08
1308.153076171875,INFY.NS,2022-07-11
1277.4727783203125,INFY.NS,2022-07-12
1282.6673583984375,INFY.NS,2022-07-13
1268.814697265625,INFY.NS,2022-07-14
1270.146484375,INFY.NS,2022-07-15
1323.02685546875,INFY.NS,2022-07-18
1317.9210205078125,INFY.NS,2022-07-19
1345.5821533203125,INFY.NS,2022-07-20
1361.2109375,INFY.NS,2022-07-21
1337.5899658203125,INFY.NS,2022-07-22
1335.1925048828125,INFY.NS,2022-07-25
1288.6171875,INFY.NS,2022-07-26
1306.2880859375,INFY.NS,2022-07-27
1347.4468994140625,INFY.NS,2022-07-28
1376.1292724609375,INFY.NS,2022-07-29
1377.328125,INFY.NS,2022-08-01
1370.7122802734375,INFY.NS,2022-08-02
1390.6922607421875,INFY.NS,2022-08-03
1420.7066650390625,INFY.NS,2022-08-04
1435.5806884765625,INFY.NS,2022-08-05
1438.0225830078125,INFY.NS,2022-08-08
1422.970947265625,INFY.NS,2022-08-10
1438.5108642578125,INFY.NS,2022-08-11
1415.5562744140625,INFY.NS,2022-08-12
1417.6429443359375,INFY.NS,2022-08-16
1426.34521484375,INFY.NS,2022-08-17
1405.655029296875,INFY.NS,2022-08-18
1418.2200927734375,INFY.NS,2022-08-19
1399.1727294921875,INFY.NS,2022-08-22
1369.6468505859375,INFY.NS,2022-08-23
1365.29541015625,INFY.NS,2022-08-24
1348.113037109375,INFY.NS,2022-08-25
1351.1319580078125,INFY.NS,2022-08-26
1298.0299072265625,INFY.NS,2022-08-29
1325.7352294921875,INFY.NS,2022-08-30
1300.205322265625,INFY.NS,2022-09-01
1290.2598876953125,INFY.NS,2022-09-02
1297.630126953125,INFY.NS,2022-09-05
1292.1246337890625,INFY.NS,2022-09-06
1294.38916015625,INFY.NS,2022-09-07
1310.594970703125,INFY.NS,2022-09-08
1342.3408203125,INFY.NS,2022-09-09
1364.1412353515625,INFY.NS,2022-09-12
1371.9112548828125,INFY.NS,2022-09-13
1310.1510009765625,INFY.NS,2022-09-14
1272.322265625,INFY.NS,2022-09-15
1222.81640625,INFY.NS,2022-09-16
1234.58251953125,INFY.NS,2022-09-19
1233.028564453125,INFY.NS,2022-09-20
1222.9940185546875,INFY.NS,2022-09-21
1214.7357177734375,INFY.NS,2022-09-22
1212.515625,INFY.NS,2022-09-23
1225.6578369140625,INFY.NS,2022-09-26
1237.468505859375,INFY.NS,2022-09-27
1238.489501953125,INFY.NS,2022-09-28
1241.9970703125,INFY.NS,2022-09-29
1255.139404296875,INFY.NS,2022-09-30
1237.6458740234375,INFY.NS,2022-10-03
1269.3031005859375,INFY.NS,2022-10-04
1292.1690673828125,INFY.NS,2022-10-06
1288.6614990234375,INFY.NS,2022-10-07
1298.8291015625,INFY.NS,2022-10-10
1264.330322265625,INFY.NS,2022-10-11
1268.6815185546875,INFY.NS,2022-10-12
1260.8671875,INFY.NS,2022-10-13
1309.1297607421875,INFY.NS,2022-10-14
1323.0711669921875,INFY.NS,2022-10-17
1335.2813720703125,INFY.NS,2022-10-18
1319.0753173828125,INFY.NS,2022-10-19
1332.7947998046875,INFY.NS,2022-10-20
1332.4398193359375,INFY.NS,2022-10-21
1347.846435546875,INFY.NS,2022-10-24
1355.3499755859375,INFY.NS,2022-10-25
1368.0523681640625,INFY.NS,2022-10-27
1358.447021484375,INFY.NS,2022-10-28
1380.3509521484375,INFY.NS,2022-10-31
1412.0845947265625,INFY.NS,2022-11-01
1394.4000244140625,INFY.NS,2022-11-02
1374.15673828125,INFY.NS,2022-11-03
1359.1202392578125,INFY.NS,2022-11-04
1353.2403564453125,INFY.NS,2022-11-07
1356.6065673828125,INFY.NS,2022-11-09
1348.3031005859375,INFY.NS,2022-11-10
1409.4813232421875,INFY.NS,2022-11-11
1423.1265869140625,INFY.NS,2022-11-14
1430.9365234375,INFY.NS,2022-11-15
1438.8363037109375,INFY.NS,2022-11-16
1425.0115966796875,INFY.NS,2022-11-17
1430.39794921875,INFY.NS,2022-11-18
1407.7757568359375,INFY.NS,2022-11-21
1422.902099609375,INFY.NS,2022-11-22
1421.196533203125,INFY.NS,2022-11-23
1463.0743408203125,INFY.NS,2022-11-24
1468.3258056640625,INFY.NS,2022-11-25
1457.3289794921875,INFY.NS,2022-11-28
1462.4010009765625,INFY.NS,2022-11-29
1467.697265625,INFY.NS,2022-11-30
1487.5814208984375,INFY.NS,2022-12-01
1470.345703125,INFY.NS,2022-12-02
1472.00634765625,INFY.NS,2022-12-05
1447.9029541015625,INFY.NS,2022-12-06
1441.260009765625,INFY.NS,2022-12-07
1454.411376953125,INFY.NS,2022-12-08
1408.7633056640625,INFY.NS,2022-12-09
1388.9239501953125,INFY.NS,2022-12-12
1411.321533203125,INFY.NS,2022-12-13
1417.8299560546875,INFY.NS,2022-12-14
1382.9093017578125,INFY.NS,2022-12-15
1366.4813232421875,INFY.NS,2022-12-16
1353.150634765625,INFY.NS,2022-12-19
1353.105712890625,INFY.NS,2022-12-20
1355.1256103515625,INFY.NS,2022-12-21
1366.3468017578125,INFY.NS,2022-12-22
1343.9490966796875,INFY.NS,2022-12-23
1348.7071533203125,INFY.NS,2022-12-26
1359.8834228515625,INFY.NS,2022-12-27
1355.6641845703125,INFY.NS,2022-12-28
1362.3072509765625,INFY.NS,2022-12-29
1353.91357421875,INFY.NS,2022-12-30
1368.0972900390625,INFY.NS,2023-01-02
1366.7957763671875,INFY.NS,2023-01-03
1341.884521484375,INFY.NS,2023-01-04
1324.28955078125,INFY.NS,2023-01-05
1300.3209228515625,INFY.NS,2023-01-06
1332.5931396484375,INFY.NS,2023-01-09
1319.3970947265625,INFY.NS,2023-01-10
1320.74365234375,INFY.NS,2023-01-11
1329.13720703125,INFY.NS,2023-01-12
1349.8292236328125,INFY.NS,2023-01-13
1369.4439697265625,INFY.NS,2023-01-16
1382.0115966796875,INFY.NS,2023-01-17
1387.30810546875,INFY.NS,2023-01-18
1381.472900390625,INFY.NS,2023-01-19
1369.48876953125,INFY.NS,2023-01-20
1389.6422119140625,INFY.NS,2023-01-23
1393.143310546875,INFY.NS,2023-01-24
1385.15380859375,INFY.NS,2023-01-25
1363.7435302734375,INFY.NS,2023-01-27
1381.3834228515625,INFY.NS,2023-01-30
1376.8499755859375,INFY.NS,2023-01-31
1392.4251708984375,INFY.NS,2023-02-01
1421.735107421875,INFY.NS,2023-02-02
1435.7841796875,INFY.NS,2023-02-03
1409.2568359375,INFY.NS,2023-02-06
1402.5692138671875,INFY.NS,2023-02-07
1427.7945556640625,INFY.NS,2023-02-08
1451.5836181640625,INFY.NS,2023-02-09
1443.9981689453125,INFY.NS,2023-02-10
1407.1025390625,INFY.NS,2023-02-13
1430.2630615234375,INFY.NS,2023-02-14
1433.674560546875,INFY.NS,2023-02-15
1437.9384765625,INFY.NS,2023-02-16
1421.7799072265625,INFY.NS,2023-02-17
1429.544921875,INFY.NS,2023-02-20
1417.9197998046875,INFY.NS,2023-02-21
1402.0306396484375,INFY.NS,2023-02-22
1392.0660400390625,INFY.NS,2023-02-23
1392.021240234375,INFY.NS,2023-02-24
1354.9012451171875,INFY.NS,2023-02-27
1335.376220703125,INFY.NS,2023-02-28
1343.0067138671875,INFY.NS,2023-03-01
1321.551513671875,INFY.NS,2023-03-02
1327.969970703125,INFY.NS,2023-03-03
1353.2403564453125,INFY.NS,2023-03-06
1339.9991455078125,INFY.NS,2023-03-08
1328.95751953125,INFY.NS,2023-03-09
1321.0130615234375,INFY.NS,2023-03-10
1288.291748046875,INFY.NS,2023-03-13
1274.7364501953125,INFY.NS,2023-03-14
1274.422119140625,INFY.NS,2023-03-15
1260.4630126953125,INFY.NS,2023-03-16
1275.36474609375,INFY.NS,2023-03-17
1260.058837890625,INFY.NS,2023-03-20
1248.4337158203125,INFY.NS,2023-03-21
1247.132080078125,INFY.NS,2023-03-22
1233.935791015625,INFY.NS,2023-03-23
1239.411865234375,INFY.NS,2023-03-24
1246.86279296875,INFY.NS,2023-03-27
1236.6737060546875,INFY.NS,2023-03-28
1242.01513671875,INFY.NS,2023-03-29
1281.873046875,INFY.NS,2023-03-31
1266.5223388671875,INFY.NS,2023-04-03
1277.9234619140625,INFY.NS,2023-04-05
1276.44189453125,INFY.NS,2023-04-06
1281.5587158203125,INFY.NS,2023-04-10
1262.3033447265625,INFY.NS,2023-04-11
1282.187255859375,INFY.NS,2023-04-12
1247.0870361328125,INFY.NS,2023-04-13
1129.578125,INFY.NS,2023-04-17
1130.5205078125,INFY.NS,2023-04-18
1106.1478271484375,INFY.NS,2023-04-19
1098.248291015625,INFY.NS,2023-04-20
1101.794189453125,INFY.NS,2023-04-21
1100.8515625,INFY.NS,2023-04-24
1099.5947265625,INFY.NS,2023-04-25
1101.9737548828125,INFY.NS,2023-04-26
1118.7606201171875,INFY.NS,2023-04-27
1124.5958251953125,INFY.NS,2023-04-28
1146.76904296875,INFY.NS,2023-05-02
1139.318115234375,INFY.NS,2023-05-03
1143.2679443359375,INFY.NS,2023-05-04
1130.2962646484375,INFY.NS,2023-05-05
1136.1312255859375,INFY.NS,2023-05-08
1140.709716796875,INFY.NS,2023-05-09
1134.0216064453125,INFY.NS,2023-05-10
1127.60302734375,INFY.NS,2023-05-11
1117.818115234375,INFY.NS,2023-05-12
1129.6229248046875,INFY.NS,2023-05-15
1134.9642333984375,INFY.NS,2023-05-16
1119.34423828125,INFY.NS,2023-05-17
1118.536376953125,INFY.NS,2023-05-18
1139.09375,INFY.NS,2023-05-19
1160.548828125,INFY.NS,2023-05-22
1167.0570068359375,INFY.NS,2023-05-23
1165.80029296875,INFY.NS,2023-05-24
1170.917236328125,INFY.NS,2023-05-25
1182.677001953125,INFY.NS,2023-05-26
1179.9390869140625,INFY.NS,2023-05-29
1188.42236328125,INFY.NS,2023-05-30
1183.440185546875,INFY.NS,2023-05-31
1184.517333984375,INFY.NS,2023-06-01
1181.7880859375,INFY.NS,2023-06-02
1186.791748046875,INFY.NS,2023-06-05
1163.5927734375,INFY.NS,2023-06-06
1172.644775390625,INFY.NS,2023-06-07
1167.0498046875,INFY.NS,2023-06-08
1151.72021484375,INFY.NS,2023-06-09
1175.374267578125,INFY.NS,2023-06-12
1187.1102294921875,INFY.NS,2023-06-13
1183.061767578125,INFY.NS,2023-06-14
1170.6890869140625,INFY.NS,2023-06-15
1175.101318359375,INFY.NS,2023-06-16
1177.2393798828125,INFY.NS,2023-06-19
1185.7911376953125,INFY.NS,2023-06-20
1182.1064453125,INFY.NS,2023-06-21
1165.9127197265625,INFY.NS,2023-06-22
1150.85595703125,INFY.NS,2023-06-23
1155.72314453125,INFY.NS,2023-06-26
1163.729248046875,INFY.NS,2023-06-27
1176.64794921875,INFY.NS,2023-06-28
1214.9945068359375,INFY.NS,2023-06-30
1213.3568115234375,INFY.NS,2023-07-03
1223.7738037109375,INFY.NS,2023-07-04
1225.7298583984375,INFY.NS,2023-07-05
1222.6365966796875,INFY.NS,2023-07-06
1210.1727294921875,INFY.NS,2023-07-07
1209.217529296875,INFY.NS,2023-07-10
1226.9124755859375,INFY.NS,2023-07-11
1212.9931640625,INFY.NS,2023-07-12
1241.9237060546875,INFY.NS,2023-07-13
1297.282958984375,INFY.NS,2023-07-14
1294.5538330078125,INFY.NS,2023-07-17
1342.089111328125,INFY.NS,2023-07-18
1341.861572265625,INFY.NS,2023-07-19
1318.7081298828125,INFY.NS,2023-07-20
1211.446533203125,INFY.NS,2023-07-21
1215.995361328125,INFY.NS,2023-07-24
1214.1756591796875,INFY.NS,2023-07-25
1227.139892578125,INFY.NS,2023-07-26
1231.0521240234375,INFY.NS,2023-07-27
1219.54345703125,INFY.NS,2023-07-28
1233.371826171875,INFY.NS,2023-07-31
1242.0145263671875,INFY.NS,2023-08-01
1234.418212890625,INFY.NS,2023-08-02
1241.19580078125,INFY.NS,2023-08-03
1253.9781494140625,INFY.NS,2023-08-04
1267.3062744140625,INFY.NS,2023-08-07
1264.7587890625,INFY.NS,2023-08-08
1268.579833984375,INFY.NS,2023-08-09
1263.7581787109375,INFY.NS,2023-08-10
1248.064697265625,INFY.NS,2023-08-11
1267.806640625,INFY.NS,2023-08-14
1290.50537109375,INFY.NS,2023-08-16
1284.1824951171875,INFY.NS,2023-08-17
1263.4852294921875,INFY.NS,2023-08-18
1278.58740234375,INFY.NS,2023-08-21
1277.0863037109375,INFY.NS,2023-08-22
1280.9071044921875,INFY.NS,2023-08-23
1295.1451416015625,INFY.NS,2023-08-24
1291.9609375,INFY.NS,2023-08-25
1287.91259765625,INFY.NS,2023-08-28
1289.7320556640625,INFY.NS,2023-08-29
1305.653076171875,INFY.NS,2023-08-30
1305.9259033203125,INFY.NS,2023-08-31
1313.5679931640625,INFY.NS,2023-09-01
1332.9005126953125,INFY.NS,2023-09-04
1345.4552001953125,INFY.NS,2023-09-05
1344.135986328125,INFY.NS,2023-09-06
1333.9013671875,INFY.NS,2023-09-07
1336.994384765625,INFY.NS,2023-09-08
1343.2261962890625,INFY.NS,2023-09-11
1365.652099609375,INFY.NS,2023-09-12
1363.1502685546875,INFY.NS,2023-09-13
1370.9742431640625,INFY.NS,2023-09-14
1375.2047119140625,INFY.NS,2023-09-15
1357.19140625,INFY.NS,2023-09-18
1355.7811279296875,INFY.NS,2023-09-20
1366.2435302734375,INFY.NS,2023-09-21
1361.148681640625,INFY.NS,2023-09-22
1341.1337890625,INFY.NS,2023-09-25
1328.8519287109375,INFY.NS,2023-09-26
1334.62890625,INFY.NS,2023-09-27
1309.565185546875,INFY.NS,2023-09-28
1305.9259033203125,INFY.NS,2023-09-29
1304.606689453125,INFY.NS,2023-10-03
1314.022705078125,INFY.NS,2023-10-04
1331.3992919921875,INFY.NS,2023-10-05
1345.2734375,INFY.NS,2023-10-06
1342.31640625,INFY.NS,2023-10-09
1360.2391357421875,INFY.NS,2023-10-10
1359.556640625,INFY.NS,2023-10-11
1333.264404296875,INFY.NS,2023-10-12
1302.0137939453125,INFY.NS,2023-10-13
1304.7431640625,INFY.NS,2023-10-16
1312.294189453125,INFY.NS,2023-10-17
1310.565673828125,INFY.NS,2023-10-18
1304.288330078125,INFY.NS,2023-10-19
1298.4658203125,INFY.NS,2023-10-20
1281.5440673828125,INFY.NS,2023-10-23
1262.560302734375,INFY.NS,2023-10-25
1252.7919921875,INFY.NS,2023-10-26
1272.052001953125,INFY.NS,2023-10-27
1269.01123046875,INFY.NS,2023-10-30
1261.039794921875,INFY.NS,2023-10-31
1247.90771484375,INFY.NS,2023-11-01
1262.6524658203125,INFY.NS,2023-11-02
1280.0697021484375,INFY.NS,2023-11-03
1293.20166015625,INFY.NS,2023-11-06
1294.1231689453125,INFY.NS,2023-11-07
1281.8665771484375,INFY.NS,2023-11-08
1266.9376220703125,INFY.NS,2023-11-09
1261.4544677734375,INFY.NS,2023-11-10
1265.7857666015625,INFY.NS,2023-11-13
1299.8365478515625,INFY.NS,2023-11-15
1331.5377197265625,INFY.NS,2023-11-16
1324.764404296875,INFY.NS,2023-11-17
1323.8887939453125,INFY.NS,2023-11-20
1326.1005859375,INFY.NS,2023-11-21
1343.4256591796875,INFY.NS,2023-11-22
1335.546630859375,INFY.NS,2023-11-23
1324.6263427734375,INFY.NS,2023-11-24
1329.5103759765625,INFY.NS,2023-11-28
1345.08447265625,INFY.NS,2023-11-29
1340.983642578125,INFY.NS,2023-11-30
1338.3572998046875,INFY.NS,2023-12-01
1349.461669921875,INFY.NS,2023-12-04
1339.877685546875,INFY.NS,2023-12-05
1358.63134765625,INFY.NS,2023-12-06
1350.8902587890625,INFY.NS,2023-12-07
1374.1593017578125,INFY.NS,2023-12-08
1371.717041015625,INFY.NS,2023-12-11
1360.243896484375,INFY.NS,2023-12-12
1335.316162109375,INFY.NS,2023-12-13
1383.6510009765625,INFY.NS,2023-12-14
1454.5638427734375,INFY.NS,2023-12-15
1441.6160888671875,INFY.NS,2023-12-18
1436.0408935546875,INFY.NS,2023-12-19
1415.8590087890625,INFY.NS,2023-12-20
1415.4903564453125,INFY.NS,2023-12-21
1440.2799072265625,INFY.NS,2023-12-22
1422.8165283203125,INFY.NS,2023-12-26
1444.1502685546875,INFY.NS,2023-12-27
1440.049560546875,INFY.NS,2023-12-28
1421.8489990234375,INFY.NS,2023-12-29
1429.63623046875,INFY.NS,2024-01-01
1414.0159912109375,INFY.NS,2024-01-02
1373.099365234375,INFY.NS,2024-01-03
1394.0184326171875,INFY.NS,2024-01-04
1412.31103515625,INFY.NS,2024-01-05
1403.326171875,INFY.NS,2024-01-08
1409.3160400390625,INFY.NS,2024-01-09
1400.653564453125,INFY.NS,2024-01-10
1376.9698486328125,INFY.NS,2024-01-11
1486.2188720703125,INFY.NS,2024-01-12
1522.4815673828125,INFY.NS,2024-01-15
1503.5438232421875,INFY.NS,2024-01-16
1511.5150146484375,INFY.NS,2024-01-17
1513.7269287109375,INFY.NS,2024-01-18
1529.0245361328125,INFY.NS,2024-01-19
1513.312255859375,INFY.NS,2024-01-23
1543.95361328125,INFY.NS,2024-01-24
1538.1478271484375,INFY.NS,2024-01-25
1526.6285400390625,INFY.NS,2024-01-29
1521.882568359375,INFY.NS,2024-01-30
1530.5911865234375,INFY.NS,2024-01-31
1527.0430908203125,INFY.NS,2024-02-01
1560.4951171875,INFY.NS,2024-02-02
1554.8277587890625,INFY.NS,2024-02-05
1593.7628173828125,INFY.NS,2024-02-06
1560.86376953125,INFY.NS,2024-02-07
1559.3431396484375,INFY.NS,2024-02-08
1538.378173828125,INFY.NS,2024-02-09
1548.2847900390625,INFY.NS,2024-02-12
1552.3856201171875,INFY.NS,2024-02-13
1535.4752197265625,INFY.NS,2024-02-14
1544.828857421875,INFY.NS,2024-02-15
1568.1439208984375,INFY.NS,2024-02-16
1566.39306640625,INFY.NS,2024-02-19
1553.03076171875,INFY.NS,2024-02-20
1525.6610107421875,INFY.NS,2024-02-21
1549.4366455078125,INFY.NS,2024-02-22
1545.2896728515625,INFY.NS,2024-02-23
1529.9000244140625,INFY.NS,2024-02-26
1533.0792236328125,INFY.NS,2024-02-27
1540.1290283203125,INFY.NS,2024-02-28
1542.5711669921875,INFY.NS,2024-02-29
1524.8775634765625,INFY.NS,2024-03-01
1508.75048828125,INFY.NS,2024-03-04
1480.4591064453125,INFY.NS,2024-03-05
1490.6422119140625,INFY.NS,2024-03-06
1489.6285400390625,INFY.NS,2024-03-07
1475.0220947265625,INFY.NS,2024-03-11
1486.403076171875,INFY.NS,2024-03-12
1484.9747314453125,INFY.NS,2024-03-13
1523.58740234375,INFY.NS,2024-03-14
1505.801513671875,INFY.NS,2024-03-15
1476.9112548828125,INFY.NS,2024-03-18
1438.943603515625,INFY.NS,2024-03-19
1432.95361328125,INFY.NS,2024-03-20
1432.7232666015625,INFY.NS,2024-03-21
1390.4703369140625,INFY.NS,2024-03-22
1375.5413818359375,INFY.NS,2024-03-26
1367.4317626953125,INFY.NS,2024-03-27
1380.517822265625,INFY.NS,2024-03-28
1378.1217041015625,INFY.NS,2024-04-01
1366.5103759765625,INFY.NS,2024-04-02
1364.48291015625,INFY.NS,2024-04-03
1370.0582275390625,INFY.NS,2024-04-04
1363.054443359375,INFY.NS,2024-04-05
1360.8428955078125,INFY.NS,2024-04-08
1377.56884765625,INFY.NS,2024-04-09
1388.581298828125,INFY.NS,2024-04-10
1368.26123046875,INFY.NS,2024-04-12
1352.9637451171875,INFY.NS,2024-04-15
1303.476806640625,INFY.NS,2024-04-16
1307.9002685546875,INFY.NS,2024-04-18
1300.52783203125,INFY.NS,2024-04-19
1320.3409423828125,INFY.NS,2024-04-22
1329.234130859375,INFY.NS,2024-04-23
1318.4979248046875,INFY.NS,2024-04-24
1325.59375,INFY.NS,2024-04-25
1318.037109375,INFY.NS,2024-04-26
1322.1842041015625,INFY.NS,2024-04-29
1309.09814453125,INFY.NS,2024-04-30
1303.476806640625,INFY.NS,2024-05-02
1305.1817626953125,INFY.NS,2024-05-03
1314.0284423828125,INFY.NS,2024-05-06
1327.897705078125,INFY.NS,2024-05-07
1315.318603515625,INFY.NS,2024-05-08
1326.6075439453125,INFY.NS,2024-05-09
1313.10693359375,INFY.NS,2024-05-10
1311.770751953125,INFY.NS,2024-05-13
1312.9224853515625,INFY.NS,2024-05-14
1308.545166015625,INFY.NS,2024-05-15
1339.3248291015625,INFY.NS,2024-05-16
1330.9847412109375,INFY.NS,2024-05-17
1321.63134765625,INFY.NS,2024-05-21
1340.6611328125,INFY.NS,2024-05-22
1356.880126953125,INFY.NS,2024-05-23
1350.1529541015625,INFY.NS,2024-05-24
1355.91259765625,INFY.NS,2024-05-27
1351.949951171875,INFY.NS,2024-05-28
1337.113037109375,INFY.NS,2024-05-29
1315.456787109375,INFY.NS,2024-05-30
1322.4598388671875,INFY.NS,2024-05-31
1321.519775390625,INFY.NS,2024-06-03
1310.0050048828125,INFY.NS,2024-06-04
1344.2672119140625,INFY.NS,2024-06-05
1383.887451171875,INFY.NS,2024-06-06
1441.555419921875,INFY.NS,2024-06-07
1409.7369384765625,INFY.NS,2024-06-10
1405.97705078125,INFY.NS,2024-06-11
1396.060302734375,INFY.NS,2024-06-12
1404.28515625,INFY.NS,2024-06-13
1399.5382080078125,INFY.NS,2024-06-14
1408.2799072265625,INFY.NS,2024-06-18
1420.6407470703125,INFY.NS,2024-06-19
1424.4476318359375,INFY.NS,2024-06-20
1440.70947265625,INFY.NS,2024-06-21
1435.492431640625,INFY.NS,2024-06-24
1449.4041748046875,INFY.NS,2024-06-25
1448.229248046875,INFY.NS,2024-06-26
1478.9195556640625,INFY.NS,2024-06-27
1472.7156982421875,INFY.NS,2024-06-28
1495.322265625,INFY.NS,2024-07-01
1523.7569580078125,INFY.NS,2024-07-02
1529.7257080078125,INFY.NS,2024-07-03
1551.580322265625,INFY.NS,2024-07-04
1548.572265625,INFY.NS,2024-07-05
1561.9200439453125,INFY.NS,2024-07-08
1557.6900634765625,INFY.NS,2024-07-09
1549.32421875,INFY.NS,2024-07-10
1553.5072021484375,INFY.NS,2024-07-11
1609.0130615234375,INFY.NS,2024-07-12
1604.59521484375,INFY.NS,2024-07-15
1622.454833984375,INFY.NS,2024-07-16
1652.5341796875,INFY.NS,2024-07-18
1685.3394775390625,INFY.NS,2024-07-19
1702.1650390625,INFY.NS,2024-07-22
1726.65185546875,INFY.NS,2024-07-23
1723.878662109375,INFY.NS,2024-07-24
1715.324951171875,INFY.NS,2024-07-25
1766.1309814453125,INFY.NS,2024-07-26
1758.799072265625,INFY.NS,2024-07-29
1764.4859619140625,INFY.NS,2024-07-30
1756.1201171875,INFY.NS,2024-07-31
1741.409423828125,INFY.NS,2024-08-01
1711.89404296875,INFY.NS,2024-08-02
1646.7532958984375,INFY.NS,2024-08-05
1646.0013427734375,INFY.NS,2024-08-06
1684.11767578125,INFY.NS,2024-08-07
1638.528564453125,INFY.NS,2024-08-08
1664.471923828125,INFY.NS,2024-08-09
1689.5225830078125,INFY.NS,2024-08-12
1689.5693359375,INFY.NS,2024-08-13
1713.821044921875,INFY.NS,2024-08-14
1747.378173828125,INFY.NS,2024-08-16
1752.8773193359375,INFY.NS,2024-08-19
1759.8331298828125,INFY.NS,2024-08-20
1760.3028564453125,INFY.NS,2024-08-21
1767.39990234375,INFY.NS,2024-08-22
1750.33935546875,INFY.NS,2024-08-23
1763.5460205078125,INFY.NS,2024-08-26
1786.0584716796875,INFY.NS,2024-08-27
1822.7177734375,INFY.NS,2024-08-28
1817.3128662109375,INFY.NS,2024-08-29
1827.041748046875,INFY.NS,2024-08-30
1846.5933837890625,INFY.NS,2024-09-02
1824.7388916015625,INFY.NS,2024-09-03
1807.0670166015625,INFY.NS,2024-09-04
1817.1248779296875,INFY.NS,2024-09-05
1787.7034912109375,INFY.NS,2024-09-06
1780.935791015625,INFY.NS,2024-09-09
1797.5263671875,INFY.NS,2024-09-10
1795.50537109375,INFY.NS,2024-09-11
1833.38671875,INFY.NS,2024-09-12
1827.4176025390625,INFY.NS,2024-09-13
1833.1986083984375,INFY.NS,2024-09-16
1835.3607177734375,INFY.NS,2024-09-17
1778.585693359375,INFY.NS,2024-09-18
1780.5125732421875,INFY.NS,2024-09-19
1791.369384765625,INFY.NS,2024-09-20
1782.6275634765625,INFY.NS,2024-09-23
1784.6485595703125,INFY.NS,2024-09-24
1781.5467529296875,INFY.NS,2024-09-25
1786.199462890625,INFY.NS,2024-09-26
1792.3094482421875,INFY.NS,2024-09-27
1763.029052734375,INFY.NS,2024-09-30
1790.053466796875,INFY.NS,2024-10-01
1779.7606201171875,INFY.NS,2024-10-03
1803.0252685546875,INFY.NS,2024-10-04
1818.2060546875,INFY.NS,2024-10-07
1831.6005859375,INFY.NS,2024-10-08
1835.5484619140625,INFY.NS,2024-10-09
1803.8240966796875,INFY.NS,2024-10-10
1818.9578857421875,INFY.NS,2024-10-11
1841.3294677734375,INFY.NS,2024-10-14
1841.7054443359375,INFY.NS,2024-10-15
1804.858154296875,INFY.NS,2024-10-16
1849.977294921875,INFY.NS,2024-10-17
1766.7889404296875,INFY.NS,2024-10-18
1741.550537109375,INFY.NS,2024-10-21
1740.4693603515625,INFY.NS,2024-10-22
1760.9610595703125,INFY.NS,2024-10-23
1751.5140380859375,INFY.NS,2024-10-24
1750.292236328125,INFY.NS,2024-10-25
1753.3941650390625,INFY.NS,2024-10-28
1748.59326171875,INFY.NS,2024-10-29
1713.227783203125,INFY.NS,2024-10-30
1670.5897216796875,INFY.NS,2024-10-31
1674.011962890625,INFY.NS,2024-11-01
1676.6739501953125,INFY.NS,2024-11-04
1667.68994140625,INFY.NS,2024-11-05
1733.7625732421875,INFY.NS,2024-11-06
1714.1309814453125,INFY.NS,2024-11-07
1739.704345703125,INFY.NS,2024-11-08
1768.367431640625,INFY.NS,2024-11-11
1776.6383056640625,INFY.NS,2024-11-12
1776.2581787109375,INFY.NS,2024-11-13
1772.5980224609375,INFY.NS,2024-11-14
1722.11669921875,INFY.NS,2024-11-18
1734.7607421875,INFY.NS,2024-11-19
1743.6021728515625,INFY.NS,2024-11-21
1808.438720703125,INFY.NS,2024-11-22
1796.5076904296875,INFY.NS,2024-11-25
1829.2586669921875,INFY.NS,2024-11-26
1829.591552734375,INFY.NS,2024-11-27
1765.0875244140625,INFY.NS,2024-11-28
1766.2283935546875,INFY.NS,2024-11-29
1787.0960693359375,INFY.NS,2024-12-02
1798.789306640625,INFY.NS,2024-12-03
1796.079833984375,INFY.NS,2024-12-04
1839.4310302734375,INFY.NS,2024-12-05
1827.5950927734375,INFY.NS,2024-12-06
1828.783447265625,INFY.NS,2024-12-09
1852.4554443359375,INFY.NS,2024-12-10
1876.79296875,INFY.NS,2024-12-11
1889.00927734375,INFY.NS,2024-12-12
1901.0828857421875,INFY.NS,2024-12-13
1882.402099609375,INFY.NS,2024-12-16
1879.1221923828125,INFY.NS,2024-12-17
1881.54638671875,INFY.NS,2024-12-18
1850.2213134765625,INFY.NS,2024-12-19
1827.357421875,INFY.NS,2024-12-20
1829.4013671875,INFY.NS,2024-12-23
1814.9034423828125,INFY.NS,2024-12-24
1813.3348388671875,INFY.NS,2024-12-26
1822.2237548828125,INFY.NS,2024-12-27
1812.0037841796875,INFY.NS,2024-12-30
1787.2860107421875,INFY.NS,2024-12-31
1789.662841796875,INFY.NS,2025-01-01
1861.296875,INFY.NS,2025-01-02
1843.1387939453125,INFY.NS,2025-01-03
1842.283203125,INFY.NS,2025-01-06
1835.6282958984375,INFY.NS,2025-01-07
1837.81494140625,INFY.NS,2025-01-08
1822.7467041015625,INFY.NS,2025-01-09
1869.947998046875,INFY.NS,2025-01-10
1865.4322509765625,INFY.NS,2025-01-13
1844.374755859375,INFY.NS,2025-01-14
1853.501220703125,INFY.NS,2025-01-15
1833.3466796875,INFY.NS,2025-01-16
1725.9193115234375,INFY.NS,2025-01-17
1723.8756103515625,INFY.NS,2025-01-20
1711.896728515625,INFY.NS,2025-01-21
1764.8974609375,INFY.NS,2025-01-22
1773.4534912109375,INFY.NS,2025-01-23
1782.96044921875,INFY.NS,2025-01-24
1732.146484375,INFY.NS,2025-01-27
1739.51416015625,INFY.NS,2025-01-28
1788.474365234375,INFY.NS,2025-01-29
1768.2247314453125,INFY.NS,2025-01-30
1787.0960693359375,INFY.NS,2025-01-31
1760.0489501953125,INFY.NS,2025-02-01
1771.40966796875,INFY.NS,2025-02-03
1805.1590576171875,INFY.NS,2025-02-04
1803.4952392578125,INFY.NS,2025-02-05
1821.177978515625,INFY.NS,2025-02-06
1809.7696533203125,INFY.NS,2025-02-07
1787.5712890625,INFY.NS,2025-02-10
1783.150634765625,INFY.NS,2025-02-11
1771.2672119140625,INFY.NS,2025-02-12
1752.3485107421875,INFY.NS,2025-02-13
1764.8499755859375,INFY.NS,2025-02-14
1751.4451904296875,INFY.NS,2025-02-17
1760.619384765625,INFY.NS,2025-02-18
1721.498779296875,INFY.NS,2025-02-19
1735.14111328125,INFY.NS,2025-02-20
1725.4915771484375,INFY.NS,2025-02-21
1677.1016845703125,INFY.NS,2025-02-24
1680.5242919921875,INFY.NS,2025-02-25
1677.2919921875,INFY.NS,2025-02-27
1604.469482421875,INFY.NS,2025-02-28
1624.3388671875,INFY.NS,2025-03-03
1605.0400390625,INFY.NS,2025-03-04
1627.0958251953125,INFY.NS,2025-03-05
1631.2313232421875,INFY.NS,2025-03-06
1602.853271484375,INFY.NS,2025-03-07
1617.5413818359375,INFY.NS,2025-03-10
1579.656494140625,INFY.NS,2025-03-11
1512.395751953125,INFY.NS,2025-03-12
1501.938232421875,INFY.NS,2025-03-13
1511.6353759765625,INFY.NS,2025-03-17
1511.6353759765625,INFY.NS,2025-03-18
1508.307861328125,INFY.NS,2025-03-19
1535.8778076171875,INFY.NS,2025-03-20
1514.011962890625,INFY.NS,2025-03-21
1514.2021484375,INFY.NS,2025-03-24
1548.141357421875,INFY.NS,2025-03-25
1520.5716552734375,INFY.NS,2025-03-26
1524.469482421875,INFY.NS,2025-03-27
1493.1920166015625,INFY.NS,2025-03-28
1451.21923828125,INFY.NS,2025-04-01
1473.7030029296875,INFY.NS,2025-04-02
1422.6986083984375,INFY.NS,2025-04-03
1380.060546875,INFY.NS,2025-04-04
1327.8680419921875,INFY.NS,2025-04-07
1358.3375244140625,INFY.NS,2025-04-08
1334.4752197265625,INFY.NS,2025-04-09
1339.9417724609375,INFY.NS,2025-04-11
1355.675537109375,INFY.NS,2025-04-15
1343.4117431640625,INFY.NS,2025-04-16
1349.4959716796875,INFY.NS,2025-04-17
1379.442626953125,INFY.NS,2025-04-21
1352.6334228515625,INFY.NS,2025-04-22
1402.1639404296875,INFY.NS,2025-04-23
1398.8365478515625,INFY.NS,2025-04-24
1407.2025146484375,INFY.NS,2025-04-25
1409.0087890625,INFY.NS,2025-04-28
1423.6495361328125,INFY.NS,2025-04-29
1426.1212158203125,INFY.NS,2025-04-30
1432.5859375,INFY.NS,2025-05-02
1434.2020263671875,INFY.NS,2025-05-05
1436.9588623046875,INFY.NS,2025-05-06
1433.9168701171875,INFY.NS,2025-05-07
1436.864013671875,INFY.NS,2025-05-08
1433.2513427734375,INFY.NS,2025-05-09
1546.66796875,INFY.NS,2025-05-12
1491.2430419921875,INFY.NS,2025-05-13
1513.869384765625,INFY.NS,2025-05-14
1533.453369140625,INFY.NS,2025-05-15
1511.49267578125,INFY.NS,2025-05-16
1482.8770751953125,INFY.NS,2025-05-19
1483.6375732421875,INFY.NS,2025-05-20
1491.14794921875,INFY.NS,2025-05-21
1471.1834716796875,INFY.NS,2025-05-22
1487.6304931640625,INFY.NS,2025-05-23
1502.55615234375,INFY.NS,2025-05-26
1492.669189453125,INFY.NS,2025-05-27
1494.2852783203125,INFY.NS,2025-05-28
1507.40478515625,INFY.NS,2025-05-29
1506.5369873046875,INFY.NS,2025-05-30
1497.9569091796875,INFY.NS,2025-06-02
1487.5450439453125,INFY.NS,2025-06-03
1495.4503173828125,INFY.NS,2025-06-04
1498.43896484375,INFY.NS,2025-06-05
1507.5975341796875,INFY.NS,2025-06-06
1516.3704833984375,INFY.NS,2025-06-09
1538.6402587890625,INFY.NS,2025-06-10
1572.478759765625,INFY.NS,2025-06-11
1550.787353515625,INFY.NS,2025-06-12
1544.424560546875,INFY.NS,2025-06-13
1565.441162109375,INFY.NS,2025-06-16
1580.9625244140625,INFY.NS,2025-06-17
1574.214111328125,INFY.NS,2025-06-18
1560.2352294921875,INFY.NS,2025-06-19
1564.573486328125,INFY.NS,2025-06-20
1527.071533203125,INFY.NS,2025-06-23
1524.7576904296875,INFY.NS,2025-06-24
1556.8609619140625,INFY.NS,2025-06-25
1557.92138671875,INFY.NS,2025-06-26
1550.208984375,INFY.NS,2025-06-27
1544.2318115234375,INFY.NS,2025-06-30
1549.05224609375,INFY.NS,2025-07-01
1552.619140625,INFY.NS,2025-07-02
1560.5244140625,INFY.NS,2025-07-03
1581.733642578125,INFY.NS,2025-07-04
1568.5262451171875,INFY.NS,2025-07-07
1579.8055419921875,INFY.NS,2025-07-08
1574.9853515625,INFY.NS,2025-07-09
1557.728759765625,INFY.NS,2025-07-10
1537.5797119140625,INFY.NS,2025-07-11
1513.8638916015625,INFY.NS,2025-07-14
1528.614013671875,INFY.NS,2025-07-15
1550.1126708984375,INFY.NS,2025-07-16
1526.589599609375,INFY.NS,2025-07-17
1529.095947265625,INFY.NS,2025-07-18
1527.36083984375,INFY.NS,2025-07-21
1514.4423828125,INFY.NS,2025-07-22
1517.9129638671875,INFY.NS,2025-07-23
1496.70361328125,INFY.NS,2025-07-24
1461.2261962890625,INFY.NS,2025-07-25
1461.515380859375,INFY.NS,2025-07-28
1459.2979736328125,INFY.NS,2025-07-29
1464.40771484375,INFY.NS,2025-07-30
1454.76708984375,INFY.NS,2025-07-31
1416.782958984375,INFY.NS,2025-08-01
1427.291259765625,INFY.NS,2025-08-04
1407.8172607421875,INFY.NS,2025-08-05
1385.0654296875,INFY.NS,2025-08-06
1385.2581787109375,INFY.NS,2025-08-07
1371.9542236328125,INFY.NS,2025-08-08
1376.870849609375,INFY.NS,2025-08-11
1372.9183349609375,INFY.NS,2025-08-12
1375.3284912109375,INFY.NS,2025-08-13
1395.6700439453125,INFY.NS,2025-08-14
1384.19775390625,INFY.NS,2025-08-18
1388.2469482421875,INFY.NS,2025-08-19
1442.427001953125,INFY.NS,2025-08-20
1442.619873046875,INFY.NS,2025-08-21
1434.0396728515625,INFY.NS,2025-08-22
1477.0367431640625,INFY.NS,2025-08-25
1474.6265869140625,INFY.NS,2025-08-26
1446.1868896484375,INFY.NS,2025-08-28
1416.782958984375,INFY.NS,2025-08-29
1445.5120849609375,INFY.NS,2025-09-01
1444.837158203125,INFY.NS,2025-09-02
1425.9415283203125,INFY.NS,2025-09-03
1410.4202880859375,INFY.NS,2025-09-04
1392.681396484375,INFY.NS,2025-09-05
1381.402099609375,INFY.NS,2025-09-08
1450.2359619140625,INFY.NS,2025-09-09
1477.518798828125,INFY.NS,2025-09-10
1455.4417724609375,INFY.NS,2025-09-11
1470.7703857421875,INFY.NS,2025-09-12
1454.1885986328125,INFY.NS,2025-09-15
1456.9844970703125,INFY.NS,2025-09-16
1467.685546875,INFY.NS,2025-09-17
1485.2313232421875,INFY.NS,2025-09-18
1484.845703125,INFY.NS,2025-09-19
1445.6083984375,INFY.NS,2025-09-22
1443.6802978515625,INFY.NS,2025-09-23
1440.884521484375,INFY.NS,2025-09-24
1431.436767578125,INFY.NS,2025-09-25
1396.8270263671875,INFY.NS,2025-09-26
1389.982177734375,INFY.NS,2025-09-29
1389.982177734375,INFY.NS,2025-09-30
1393.83837890625,INFY.NS,2025-10-01
1394.609619140625,INFY.NS,2025-10-03
1422.9530029296875,INFY.NS,2025-10-06
1406.0819091796875,INFY.NS,2025-10-07
1441.2701416015625,INFY.NS,2025-10-08
1455.0562744140625,INFY.NS,2025-10-09
1460.4549560546875,INFY.NS,2025-10-10
1439.5347900390625,INFY.NS,2025-10-13
1436.353515625,INFY.NS,2025-10-14
1421.41064453125,INFY.NS,2025-10-15
1418.61474609375,INFY.NS,2025-10-16
1389.307373046875,INFY.NS,2025-10-17
1408.395751953125,INFY.NS,2025-10-20
1419.482421875,INFY.NS,2025-10-21
1473.566162109375,INFY.NS,2025-10-23
1470.57763671875,INFY.NS,2025-10-24
1472.633056640625,INFY.NS,2025-10-27
1468.4241943359375,INFY.NS,2025-10-28
1478.408203125,INFY.NS,2025-10-29
1462.1597900390625,INFY.NS,2025-10-30
1450.9034423828125,INFY.NS,2025-10-31
1454.0355224609375,INFY.NS,2025-11-03
1436.808349609375,INFY.NS,2025-11-04
1435.6336669921875,INFY.NS,2025-11-06
1445.5198974609375,INFY.NS,2025-11-07
1481.4425048828125,INFY.NS,2025-11-10
1497.88671875,INFY.NS,2025-11-11
1518.8333740234375,INFY.NS,2025-11-12
1509.14306640625,INFY.NS,2025-11-13
1470.9691162109375,INFY.NS,2025-11-14
1475.66748046875,INFY.NS,2025-11-17
1454.91650390625,INFY.NS,2025-11-18
1508.4578857421875,INFY.NS,2025-11-19
1503.955322265625,INFY.NS,2025-11-20
1512.2752685546875,INFY.NS,2025-11-21
1515.2117919921875,INFY.NS,2025-11-24
1498.1802978515625,INFY.NS,2025-11-25
1524.902099609375,INFY.NS,2025-11-26
1533.2220458984375,INFY.NS,2025-11-27
1527.055419921875,INFY.NS,2025-11-28
1530.872802734375,INFY.NS,2025-12-01
1527.9364013671875,INFY.NS,2025-12-02
1545.261474609375,INFY.NS,2025-12-03
1563.7611083984375,INFY.NS,2025-12-04
1581.9671630859375,INFY.NS,2025-12-05
1576.681640625,INFY.NS,2025-12-08
1565.1314697265625,INFY.NS,2025-12-09
1551.2322998046875,INFY.NS,2025-12-10
1564.1527099609375,INFY.NS,2025-12-11
1564.348388671875,INFY.NS,2025-12-12
1572.766357421875,INFY.NS,2025-12-15
1559.1607666015625,INFY.NS,2025-12-16
1568.0679931640625,INFY.NS,2025-12-17
1592.3427734375,INFY.NS,2025-12-18
1603.9906005859375,INFY.NS,2025-12-19
1653.8125,INFY.NS,2025-12-22
1632.9637451171875,INFY.NS,2025-12-23
1628.16748046875,INFY.NS,2025-12-24
1621.0220947265625,INFY.NS,2025-12-26
1609.863525390625,INFY.NS,2025-12-29
1587.2528076171875,INFY.NS,2025-12-30
1581.1842041015625,INFY.NS,2025-12-31
1595.2791748046875,INFY.NS,2026-01-01
1605.6546630859375,INFY.NS,2026-01-02
1572.374755859375,INFY.NS,2026-01-05
1578.0518798828125,INFY.NS,2026-01-06
1604.2843017578125,INFY.NS,2026-01-07
1579.128662109375,INFY.NS,2026-01-08
1579.91162109375,INFY.NS,2026-01-09
1562.09716796875,INFY.NS,2026-01-12
1565.1314697265625,INFY.NS,2026-01-13
1565.91455078125,INFY.NS,2026-01-14
1565.91455078125,INFY.NS,2026-01-15
1654.00830078125,INFY.NS,2026-01-16
1645.59033203125,INFY.NS,2026-01-19
1623.7628173828125,INFY.NS,2026-01-20
1619.358154296875,INFY.NS,2026-01-21
1628.265380859375,INFY.NS,2026-01-22
1635.4107666015625,INFY.NS,2026-01-23
1647.05859375,INFY.NS,2026-01-27
1631.2017822265625,INFY.NS,2026-01-28
1624.35009765625,INFY.NS,2026-01-29
1606.241943359375,INFY.NS,2026-01-30
1594.8875732421875,INFY.NS,2026-02-02
1620.9241943359375,INFY.NS,2026-02-03
1503.2701416015625,INFY.NS,2026-02-04
1488.00048828125,INFY.NS,2026-02-05
1475.177978515625,INFY.NS,2026-02-06
1465.4876708984375,INFY.NS,2026-02-09
1466.0750732421875,INFY.NS,2026-02-10
1440.7236328125,INFY.NS,2026-02-11
1356.64306640625,INFY.NS,2026-02-12
1340.1009521484375,INFY.NS,2026-02-13
1336.6751708984375,INFY.NS,2026-02-16
1361.73291015625,INFY.NS,2026-02-17
1344.603515625,INFY.NS,2026-02-18
1341.471435546875,INFY.NS,2026-02-19
1324.5377197265625,INFY.NS,2026-02-20
1299.3822021484375,INFY.NS,2026-02-23
1248.4835205078125,INFY.NS,2026-02-24
1262.7742919921875,INFY.NS,2026-02-25
1261.7955322265625,INFY.NS,2026-02-26
1272.5625,INFY.NS,2026-02-27
1261.5997314453125,INFY.NS,2026-03-02
1279.7078857421875,INFY.NS,2026-03-04
1278.141845703125,INFY.NS,2026-03-05
1280.686767578125,INFY.NS,2026-03-06
1287.14697265625,INFY.NS,2026-03-09
1268.1578369140625,INFY.NS,2026-03-10
1249.2667236328125,INFY.NS,2026-03-11
1238.9891357421875,INFY.NS,2026-03-12
1221.8597412109375,INFY.NS,2026-03-13
1223.3280029296875,INFY.NS,2026-03-16
1206.785888671875,INFY.NS,2026-03-17
1240.261474609375,INFY.NS,2026-03-18
1194.9422607421875,INFY.NS,2026-03-19
1229.2987060546875,INFY.NS,2026-03-20
1230.1796875,INFY.NS,2026-03-23
1251.224365234375,INFY.NS,2026-03-24
1252.00732421875,INFY.NS,2026-03-25
1242.806396484375,INFY.NS,2026-03-27
1224.1109619140625,INFY.NS,2026-03-30
1248.6793212890625,INFY.NS,2026-04-01
1273.247802734375,INFY.NS,2026-04-02
1278.5333251953125,INFY.NS,2026-04-06
1311.0301513671875,INFY.NS,2026-04-07
1317.68603515625,INFY.NS,2026-04-08
1303.395263671875,INFY.NS,2026-04-09
1265.12353515625,INFY.NS,2026-04-10
1249.756103515625,INFY.NS,2026-04-13
1277.6524658203125,INFY.NS,2026-04-15
1291.2579345703125,INFY.NS,2026-04-16
1290.7685546875,INFY.NS,2026-04-17
1284.7977294921875,INFY.NS,2026-04-20
1285.385009765625,INFY.NS,2026-04-21
1241.729736328125,INFY.NS,2026-04-22
1214.32275390625,INFY.NS,2026-04-23
1130.144287109375,INFY.NS,2026-04-24
1145.5118408203125,INFY.NS,2026-04-27
1127.697265625,INFY.NS,2026-04-28
1142.7711181640625,INFY.NS,2026-04-29
1156.768310546875,INFY.NS,2026-04-30
1156.768310546875,INFY.NS,2026-05-01
1143.652099609375,INFY.NS,2026-05-04
1153.1466064453125,INFY.NS,2026-05-05
1142.4774169921875,INFY.NS,2026-05-06
1138.07275390625,INFY.NS,2026-05-07
1154.2232666015625,INFY.NS,2026-05-08
1152.0699462890625,INFY.NS,2026-05-11
1116.1473388671875,INFY.NS,2026-05-12
1099.3115234375,INFY.NS,2026-05-13
1071.8067626953125,INFY.NS,2026-05-14
1095.2984619140625,INFY.NS,2026-05-15
1118.3006591796875,INFY.NS,2026-05-18
1171.5484619140625,INFY.NS,2026-05-19
1168.4161376953125,INFY.NS,2026-05-20
1156.180908203125,INFY.NS,2026-05-21
1149.622802734375,INFY.NS,2026-05-22
1143.75,INFY.NS,2026-05-25
1142.966796875,INFY.NS,2026-05-26
1135.3321533203125,INFY.NS,2026-05-27
1135.3321533203125,INFY.NS,2026-05-28
1136.3109130859375,INFY.NS,2026-05-29
1177.02978515625,INFY.NS,2026-06-01
1243.8831787109375,INFY.NS,2026-06-02
1196.7039794921875,INFY.NS,2026-06-03
1175.855224609375,INFY.NS,2026-06-04
1172.1357421875,INFY.NS,2026-06-05
1162.4453125,INFY.NS,2026-06-08
1155.300048828125,INFY.NS,2026-06-09
1145.300048828125,INFY.NS,2026-06-10
1114.5999755859375,INFY.NS,2026-06-11
1116.4000244140625,INFY.NS,2026-06-12
1134.9000244140625,INFY.NS,2026-06-15
1143.5999755859375,INFY.NS,2026-06-16
1157.699951171875,INFY.NS,2026-06-17
1127.5,INFY.NS,2026-06-18
1051.4000244140625,INFY.NS,2026-06-19
1065.4000244140625,INFY.NS,2026-06-22
1029.300048828125,INFY.NS,2026-06-23
1056.5999755859375,INFY.NS,2026-06-24
1041.199951171875,INFY.NS,2026-06-25
1041.199951171875,INFY.NS,2026-06-26
1036.699951171875,INFY.NS,2026-06-29
663.9696655273438,BHARTIARTL.NS,2022-05-20
661.990966796875,BHARTIARTL.NS,2022-05-23
654.6071166992188,BHARTIARTL.NS,2022-05-24
664.2592163085938,BHARTIARTL.NS,2022-05-25
669.51953125,BHARTIARTL.NS,2022-05-26
660.5914916992188,BHARTIARTL.NS,2022-05-27
674.7317504882812,BHARTIARTL.NS,2022-05-30
675.841796875,BHARTIARTL.NS,2022-05-31
670.48486328125,BHARTIARTL.NS,2022-06-01
671.7396240234375,BHARTIARTL.NS,2022-06-02
662.6183471679688,BHARTIARTL.NS,2022-06-03
659.19189453125,BHARTIARTL.NS,2022-06-06
661.4600830078125,BHARTIARTL.NS,2022-06-07
640.2254028320312,BHARTIARTL.NS,2022-06-08
652.8213500976562,BHARTIARTL.NS,2022-06-09
649.92578125,BHARTIARTL.NS,2022-06-10
647.9470825195312,BHARTIARTL.NS,2022-06-13
658.3231811523438,BHARTIARTL.NS,2022-06-14
658.371337890625,BHARTIARTL.NS,2022-06-15
631.4420166015625,BHARTIARTL.NS,2022-06-16
621.259033203125,BHARTIARTL.NS,2022-06-17
618.6046142578125,BHARTIARTL.NS,2022-06-20
631.5385131835938,BHARTIARTL.NS,2022-06-21
620.4867553710938,BHARTIARTL.NS,2022-06-22
637.2332763671875,BHARTIARTL.NS,2022-06-23
647.8505249023438,BHARTIARTL.NS,2022-06-24
660.1570434570312,BHARTIARTL.NS,2022-06-27
657.4544677734375,BHARTIARTL.NS,2022-06-28
663.8731689453125,BHARTIARTL.NS,2022-06-29
661.122314453125,BHARTIARTL.NS,2022-06-30
650.0223999023438,BHARTIARTL.NS,2022-07-01
658.1784057617188,BHARTIARTL.NS,2022-07-04
660.6396484375,BHARTIARTL.NS,2022-07-05
669.80908203125,BHARTIARTL.NS,2022-07-06
662.9078369140625,BHARTIARTL.NS,2022-07-07
670.9674682617188,BHARTIARTL.NS,2022-07-08
637.5711059570312,BHARTIARTL.NS,2022-07-11
639.9358520507812,BHARTIARTL.NS,2022-07-12
621.1141967773438,BHARTIARTL.NS,2022-07-13
619.3284912109375,BHARTIARTL.NS,2022-07-14
629.12548828125,BHARTIARTL.NS,2022-07-15
639.984130859375,BHARTIARTL.NS,2022-07-18
649.4915161132812,BHARTIARTL.NS,2022-07-19
647.3197631835938,BHARTIARTL.NS,2022-07-20
654.7518310546875,BHARTIARTL.NS,2022-07-21
655.2344360351562,BHARTIARTL.NS,2022-07-22
654.8001098632812,BHARTIARTL.NS,2022-07-25
660.3018188476562,BHARTIARTL.NS,2022-07-26
651.4219360351562,BHARTIARTL.NS,2022-07-27
643.65185546875,BHARTIARTL.NS,2022-07-28
654.3657836914062,BHARTIARTL.NS,2022-07-29
673.2711181640625,BHARTIARTL.NS,2022-08-01
665.8543090820312,BHARTIARTL.NS,2022-08-02
672.0107421875,BHARTIARTL.NS,2022-08-03
673.1256713867188,BHARTIARTL.NS,2022-08-04
682.1904907226562,BHARTIARTL.NS,2022-08-05
682.869140625,BHARTIARTL.NS,2022-08-08
693.4367065429688,BHARTIARTL.NS,2022-08-10
688.1529541015625,BHARTIARTL.NS,2022-08-11
688.0560302734375,BHARTIARTL.NS,2022-08-12
682.6267700195312,BHARTIARTL.NS,2022-08-16
700.9019165039062,BHARTIARTL.NS,2022-08-17
710.83935546875,BHARTIARTL.NS,2022-08-18
709.9667358398438,BHARTIARTL.NS,2022-08-19
705.4100952148438,BHARTIARTL.NS,2022-08-22
715.1051025390625,BHARTIARTL.NS,2022-08-23
716.2200317382812,BHARTIARTL.NS,2022-08-24
718.4014282226562,BHARTIARTL.NS,2022-08-25
708.5609130859375,BHARTIARTL.NS,2022-08-26
698.6235961914062,BHARTIARTL.NS,2022-08-29
704.4406127929688,BHARTIARTL.NS,2022-08-30
712.6328735351562,BHARTIARTL.NS,2022-09-01
712.5843505859375,BHARTIARTL.NS,2022-09-02
717.8197631835938,BHARTIARTL.NS,2022-09-05
738.0338745117188,BHARTIARTL.NS,2022-09-06
730.13232421875,BHARTIARTL.NS,2022-09-07
746.3231201171875,BHARTIARTL.NS,2022-09-08
742.3966064453125,BHARTIARTL.NS,2022-09-09
745.6929931640625,BHARTIARTL.NS,2022-09-12
760.3323974609375,BHARTIARTL.NS,2022-09-13
759.4598388671875,BHARTIARTL.NS,2022-09-14
761.1564331054688,BHARTIARTL.NS,2022-09-15
755.8727416992188,BHARTIARTL.NS,2022-09-16
758.8782348632812,BHARTIARTL.NS,2022-09-19
767.991455078125,BHARTIARTL.NS,2022-09-20
756.4059448242188,BHARTIARTL.NS,2022-09-21
760.18701171875,BHARTIARTL.NS,2022-09-22
747.8258056640625,BHARTIARTL.NS,2022-09-23
732.0228881835938,BHARTIARTL.NS,2022-09-26
737.4036865234375,BHARTIARTL.NS,2022-09-27
738.227783203125,BHARTIARTL.NS,2022-09-28
741.3302001953125,BHARTIARTL.NS,2022-09-29
775.505126953125,BHARTIARTL.NS,2022-09-30
778.849853515625,BHARTIARTL.NS,2022-10-03
784.0368041992188,BHARTIARTL.NS,2022-10-04
764.5497436523438,BHARTIARTL.NS,2022-10-06
768.9124755859375,BHARTIARTL.NS,2022-10-07
768.1854248046875,BHARTIARTL.NS,2022-10-10
756.5028686523438,BHARTIARTL.NS,2022-10-11
751.8977661132812,BHARTIARTL.NS,2022-10-12
745.4505615234375,BHARTIARTL.NS,2022-10-13
742.5905151367188,BHARTIARTL.NS,2022-10-14
742.6390380859375,BHARTIARTL.NS,2022-10-17
759.2659912109375,BHARTIARTL.NS,2022-10-18
759.50830078125,BHARTIARTL.NS,2022-10-19
768.7186279296875,BHARTIARTL.NS,2022-10-20
773.1298217773438,BHARTIARTL.NS,2022-10-21
777.637939453125,BHARTIARTL.NS,2022-10-24
777.8319702148438,BHARTIARTL.NS,2022-10-25
792.1805419921875,BHARTIARTL.NS,2022-10-27
791.9381713867188,BHARTIARTL.NS,2022-10-28
806.6261596679688,BHARTIARTL.NS,2022-10-31
810.06787109375,BHARTIARTL.NS,2022-11-01
785.1516723632812,BHARTIARTL.NS,2022-11-02
793.6832885742188,BHARTIARTL.NS,2022-11-03
791.5018920898438,BHARTIARTL.NS,2022-11-04
797.6098022460938,BHARTIARTL.NS,2022-11-07
794.0711059570312,BHARTIARTL.NS,2022-11-09
800.5667724609375,BHARTIARTL.NS,2022-11-10
801.6817626953125,BHARTIARTL.NS,2022-11-11
796.834228515625,BHARTIARTL.NS,2022-11-14
809.7770385742188,BHARTIARTL.NS,2022-11-15
815.5455932617188,BHARTIARTL.NS,2022-11-16
820.3446044921875,BHARTIARTL.NS,2022-11-17
811.7645263671875,BHARTIARTL.NS,2022-11-18
825.2406616210938,BHARTIARTL.NS,2022-11-21
821.7503662109375,BHARTIARTL.NS,2022-11-22
817.5331420898438,BHARTIARTL.NS,2022-11-23
822.4774780273438,BHARTIARTL.NS,2022-11-24
821.0233154296875,BHARTIARTL.NS,2022-11-25
811.8615112304688,BHARTIARTL.NS,2022-11-28
810.3587036132812,BHARTIARTL.NS,2022-11-29
822.8652954101562,BHARTIARTL.NS,2022-11-30
822.7198486328125,BHARTIARTL.NS,2022-12-01
822.7683715820312,BHARTIARTL.NS,2022-12-02
818.3571166992188,BHARTIARTL.NS,2022-12-05
807.9349365234375,BHARTIARTL.NS,2022-12-06
808.5651245117188,BHARTIARTL.NS,2022-12-07
807.2078857421875,BHARTIARTL.NS,2022-12-08
809.4376831054688,BHARTIARTL.NS,2022-12-09
803.135986328125,BHARTIARTL.NS,2022-12-12
812.4916381835938,BHARTIARTL.NS,2022-12-13
803.9115600585938,BHARTIARTL.NS,2022-12-14
801.1484375,BHARTIARTL.NS,2022-12-15
797.6582641601562,BHARTIARTL.NS,2022-12-16
814.7699584960938,BHARTIARTL.NS,2022-12-19
803.6692504882812,BHARTIARTL.NS,2022-12-20
789.1751098632812,BHARTIARTL.NS,2022-12-21
791.6958618164062,BHARTIARTL.NS,2022-12-22
783.98828125,BHARTIARTL.NS,2022-12-23
786.2666015625,BHARTIARTL.NS,2022-12-26
789.9507446289062,BHARTIARTL.NS,2022-12-27
779.2861328125,BHARTIARTL.NS,2022-12-28
795.71923828125,BHARTIARTL.NS,2022-12-29
781.5160522460938,BHARTIARTL.NS,2022-12-30
788.6903686523438,BHARTIARTL.NS,2023-01-02
792.6653442382812,BHARTIARTL.NS,2023-01-03
787.042236328125,BHARTIARTL.NS,2023-01-04
782.4854736328125,BHARTIARTL.NS,2023-01-05
771.7240600585938,BHARTIARTL.NS,2023-01-06
794.4104614257812,BHARTIARTL.NS,2023-01-09
768.6701049804688,BHARTIARTL.NS,2023-01-10
742.2026977539062,BHARTIARTL.NS,2023-01-11
733.8165893554688,BHARTIARTL.NS,2023-01-12
740.9908447265625,BHARTIARTL.NS,2023-01-13
735.9978637695312,BHARTIARTL.NS,2023-01-16
742.34814453125,BHARTIARTL.NS,2023-01-17
752.8672485351562,BHARTIARTL.NS,2023-01-18
748.4560546875,BHARTIARTL.NS,2023-01-19
741.1362915039062,BHARTIARTL.NS,2023-01-20
749.1346435546875,BHARTIARTL.NS,2023-01-23
751.99462890625,BHARTIARTL.NS,2023-01-24
752.8187866210938,BHARTIARTL.NS,2023-01-25
750.8797607421875,BHARTIARTL.NS,2023-01-27
746.7108764648438,BHARTIARTL.NS,2023-01-30
746.807861328125,BHARTIARTL.NS,2023-01-31
745.6444091796875,BHARTIARTL.NS,2023-02-01
754.0307006835938,BHARTIARTL.NS,2023-02-02
768.7186279296875,BHARTIARTL.NS,2023-02-03
765.179931640625,BHARTIARTL.NS,2023-02-06
761.9320678710938,BHARTIARTL.NS,2023-02-07
751.46142578125,BHARTIARTL.NS,2023-02-08
743.2691650390625,BHARTIARTL.NS,2023-02-09
748.4075927734375,BHARTIARTL.NS,2023-02-10
745.15966796875,BHARTIARTL.NS,2023-02-13
751.5584106445312,BHARTIARTL.NS,2023-02-14
761.4473876953125,BHARTIARTL.NS,2023-02-15
760.5263061523438,BHARTIARTL.NS,2023-02-16
753.109619140625,BHARTIARTL.NS,2023-02-17
755.3880004882812,BHARTIARTL.NS,2023-02-20
755.2909545898438,BHARTIARTL.NS,2023-02-21
748.6014404296875,BHARTIARTL.NS,2023-02-22
739.6820678710938,BHARTIARTL.NS,2023-02-23
734.0104370117188,BHARTIARTL.NS,2023-02-24
729.9384765625,BHARTIARTL.NS,2023-02-27
719.6133422851562,BHARTIARTL.NS,2023-02-28
727.3208618164062,BHARTIARTL.NS,2023-03-01
717.5288696289062,BHARTIARTL.NS,2023-03-02
741.0877685546875,BHARTIARTL.NS,2023-03-03
743.2206420898438,BHARTIARTL.NS,2023-03-06
743.1722412109375,BHARTIARTL.NS,2023-03-08
749.8133544921875,BHARTIARTL.NS,2023-03-09
750.1526489257812,BHARTIARTL.NS,2023-03-10
741.9603271484375,BHARTIARTL.NS,2023-03-13
748.2620849609375,BHARTIARTL.NS,2023-03-14
733.5740966796875,BHARTIARTL.NS,2023-03-15
723.200439453125,BHARTIARTL.NS,2023-03-16
734.1558227539062,BHARTIARTL.NS,2023-03-17
731.780517578125,BHARTIARTL.NS,2023-03-20
733.864990234375,BHARTIARTL.NS,2023-03-21
733.6226196289062,BHARTIARTL.NS,2023-03-22
740.263671875,BHARTIARTL.NS,2023-03-23
739.197265625,BHARTIARTL.NS,2023-03-24
738.5186157226562,BHARTIARTL.NS,2023-03-27
725.6242065429688,BHARTIARTL.NS,2023-03-28
720.9220581054688,BHARTIARTL.NS,2023-03-29
726.1574096679688,BHARTIARTL.NS,2023-03-31
737.3551635742188,BHARTIARTL.NS,2023-04-03
740.166748046875,BHARTIARTL.NS,2023-04-05
742.5905151367188,BHARTIARTL.NS,2023-04-06
746.2745971679688,BHARTIARTL.NS,2023-04-10
750.54052734375,BHARTIARTL.NS,2023-04-11
747.5834350585938,BHARTIARTL.NS,2023-04-12
743.6569213867188,BHARTIARTL.NS,2023-04-13
736.4827270507812,BHARTIARTL.NS,2023-04-17
736.57958984375,BHARTIARTL.NS,2023-04-18
741.3302001953125,BHARTIARTL.NS,2023-04-19
748.7468872070312,BHARTIARTL.NS,2023-04-20
741.8633422851562,BHARTIARTL.NS,2023-04-21
737.0642700195312,BHARTIARTL.NS,2023-04-24
749.0377197265625,BHARTIARTL.NS,2023-04-25
749.86181640625,BHARTIARTL.NS,2023-04-26
762.5137939453125,BHARTIARTL.NS,2023-04-27
774.9234619140625,BHARTIARTL.NS,2023-04-28
766.1010131835938,BHARTIARTL.NS,2023-05-02
755.5333862304688,BHARTIARTL.NS,2023-05-03
765.0344848632812,BHARTIARTL.NS,2023-05-04
763.2893676757812,BHARTIARTL.NS,2023-05-05
769.542724609375,BHARTIARTL.NS,2023-05-08
769.3972778320312,BHARTIARTL.NS,2023-05-09
771.7724609375,BHARTIARTL.NS,2023-05-10
764.5497436523438,BHARTIARTL.NS,2023-05-11
767.797607421875,BHARTIARTL.NS,2023-05-12
772.7420654296875,BHARTIARTL.NS,2023-05-15
763.337890625,BHARTIARTL.NS,2023-05-16
768.0884399414062,BHARTIARTL.NS,2023-05-17
774.9718627929688,BHARTIARTL.NS,2023-05-18
781.1766967773438,BHARTIARTL.NS,2023-05-19
777.3956298828125,BHARTIARTL.NS,2023-05-22
775.5536499023438,BHARTIARTL.NS,2023-05-23
776.9594116210938,BHARTIARTL.NS,2023-05-24
797.6098022460938,BHARTIARTL.NS,2023-05-25
793.004638671875,BHARTIARTL.NS,2023-05-26
796.2039794921875,BHARTIARTL.NS,2023-05-29
793.4893798828125,BHARTIARTL.NS,2023-05-30
823.9803466796875,BHARTIARTL.NS,2023-05-31
802.6995849609375,BHARTIARTL.NS,2023-06-01
810.9888916015625,BHARTIARTL.NS,2023-06-02
809.0499877929688,BHARTIARTL.NS,2023-06-05
804.1539306640625,BHARTIARTL.NS,2023-06-06
818.5025634765625,BHARTIARTL.NS,2023-06-07
810.504150390625,BHARTIARTL.NS,2023-06-08
808.0803833007812,BHARTIARTL.NS,2023-06-09
810.8434448242188,BHARTIARTL.NS,2023-06-12
808.904541015625,BHARTIARTL.NS,2023-06-13
802.6995849609375,BHARTIARTL.NS,2023-06-14
804.3963623046875,BHARTIARTL.NS,2023-06-15
812.249267578125,BHARTIARTL.NS,2023-06-16
802.8936767578125,BHARTIARTL.NS,2023-06-19
805.8505859375,BHARTIARTL.NS,2023-06-20
813.4126586914062,BHARTIARTL.NS,2023-06-21
817.0967407226562,BHARTIARTL.NS,2023-06-22
828.7308349609375,BHARTIARTL.NS,2023-06-23
825.9677124023438,BHARTIARTL.NS,2023-06-26
838.5228271484375,BHARTIARTL.NS,2023-06-27
845.6002197265625,BHARTIARTL.NS,2023-06-28
851.950439453125,BHARTIARTL.NS,2023-06-30
852.338134765625,BHARTIARTL.NS,2023-07-03
838.7652587890625,BHARTIARTL.NS,2023-07-04
840.2194213867188,BHARTIARTL.NS,2023-07-05
843.1279296875,BHARTIARTL.NS,2023-07-06
843.903564453125,BHARTIARTL.NS,2023-07-07
858.397705078125,BHARTIARTL.NS,2023-07-10
864.6993408203125,BHARTIARTL.NS,2023-07-11
862.808837890625,BHARTIARTL.NS,2023-07-12
858.0582275390625,BHARTIARTL.NS,2023-07-13
859.4640502929688,BHARTIARTL.NS,2023-07-14
851.3202514648438,BHARTIARTL.NS,2023-07-17
848.7510986328125,BHARTIARTL.NS,2023-07-18
844.1944580078125,BHARTIARTL.NS,2023-07-19
857.8643798828125,BHARTIARTL.NS,2023-07-20
858.9793090820312,BHARTIARTL.NS,2023-07-21
861.063720703125,BHARTIARTL.NS,2023-07-24
856.7009887695312,BHARTIARTL.NS,2023-07-25
862.2755737304688,BHARTIARTL.NS,2023-07-26
867.8502807617188,BHARTIARTL.NS,2023-07-27
867.8016967773438,BHARTIARTL.NS,2023-07-28
862.7603759765625,BHARTIARTL.NS,2023-07-31
864.45703125,BHARTIARTL.NS,2023-08-01
851.3202514648438,BHARTIARTL.NS,2023-08-02
845.1154174804688,BHARTIARTL.NS,2023-08-03
862.5180053710938,BHARTIARTL.NS,2023-08-04
864.2146606445312,BHARTIARTL.NS,2023-08-07
858.397705078125,BHARTIARTL.NS,2023-08-08
856.7494506835938,BHARTIARTL.NS,2023-08-09
848.120849609375,BHARTIARTL.NS,2023-08-10
847.8773803710938,BHARTIARTL.NS,2023-08-11
844.4684448242188,BHARTIARTL.NS,2023-08-14
834.631591796875,BHARTIARTL.NS,2023-08-16
834.3880615234375,BHARTIARTL.NS,2023-08-17
833.9498291015625,BHARTIARTL.NS,2023-08-18
849.240966796875,BHARTIARTL.NS,2023-08-21
854.79248046875,BHARTIARTL.NS,2023-08-22
845.5399169921875,BHARTIARTL.NS,2023-08-23
846.8060302734375,BHARTIARTL.NS,2023-08-24
850.7505493164062,BHARTIARTL.NS,2023-08-25
847.6824951171875,BHARTIARTL.NS,2023-08-28
832.9271240234375,BHARTIARTL.NS,2023-08-29
835.4107055664062,BHARTIARTL.NS,2023-08-30
834.0958862304688,BHARTIARTL.NS,2023-08-31
843.3971557617188,BHARTIARTL.NS,2023-09-01
842.7640991210938,BHARTIARTL.NS,2023-09-04
843.3484497070312,BHARTIARTL.NS,2023-09-05
857.3734130859375,BHARTIARTL.NS,2023-09-06
852.503662109375,BHARTIARTL.NS,2023-09-07
862.7788696289062,BHARTIARTL.NS,2023-09-08
867.5999755859375,BHARTIARTL.NS,2023-09-11
867.2103881835938,BHARTIARTL.NS,2023-09-12
891.3158569335938,BHARTIARTL.NS,2023-09-13
891.1209716796875,BHARTIARTL.NS,2023-09-14
911.7688598632812,BHARTIARTL.NS,2023-09-15
896.2342529296875,BHARTIARTL.NS,2023-09-18
886.981689453125,BHARTIARTL.NS,2023-09-20
894.0428466796875,BHARTIARTL.NS,2023-09-21
887.6634521484375,BHARTIARTL.NS,2023-09-22
886.6895141601562,BHARTIARTL.NS,2023-09-25
888.9296264648438,BHARTIARTL.NS,2023-09-26
896.282958984375,BHARTIARTL.NS,2023-09-27
901.5423583984375,BHARTIARTL.NS,2023-09-28
902.2728271484375,BHARTIARTL.NS,2023-09-29
901.2014770507812,BHARTIARTL.NS,2023-10-03
900.1787719726562,BHARTIARTL.NS,2023-10-04
904.6589965820312,BHARTIARTL.NS,2023-10-05
901.9319458007812,BHARTIARTL.NS,2023-10-06
900.470947265625,BHARTIARTL.NS,2023-10-09
923.651123046875,BHARTIARTL.NS,2023-10-10
930.7123413085938,BHARTIARTL.NS,2023-10-11
925.5990600585938,BHARTIARTL.NS,2023-10-12
929.3488159179688,BHARTIARTL.NS,2023-10-13
921.8980102539062,BHARTIARTL.NS,2023-10-16
928.8131713867188,BHARTIARTL.NS,2023-10-17
928.0339965820312,BHARTIARTL.NS,2023-10-18
918.3917846679688,BHARTIARTL.NS,2023-10-19
920.5831909179688,BHARTIARTL.NS,2023-10-20
914.8368530273438,BHARTIARTL.NS,2023-10-23
898.5717163085938,BHARTIARTL.NS,2023-10-25
881.9171752929688,BHARTIARTL.NS,2023-10-26
890.7801513671875,BHARTIARTL.NS,2023-10-27
902.126708984375,BHARTIARTL.NS,2023-10-30
890.5853271484375,BHARTIARTL.NS,2023-10-31
889.66015625,BHARTIARTL.NS,2023-11-01
899.7891845703125,BHARTIARTL.NS,2023-11-02
906.509521484375,BHARTIARTL.NS,2023-11-03
914.7394409179688,BHARTIARTL.NS,2023-11-06
912.7428588867188,BHARTIARTL.NS,2023-11-07
912.3532104492188,BHARTIARTL.NS,2023-11-08
908.0678100585938,BHARTIARTL.NS,2023-11-09
911.1358032226562,BHARTIARTL.NS,2023-11-10
910.6488037109375,BHARTIARTL.NS,2023-11-13
925.2581787109375,BHARTIARTL.NS,2023-11-15
924.8199462890625,BHARTIARTL.NS,2023-11-16
922.6284790039062,BHARTIARTL.NS,2023-11-17
936.3612670898438,BHARTIARTL.NS,2023-11-20
945.5651245117188,BHARTIARTL.NS,2023-11-21
944.4937744140625,BHARTIARTL.NS,2023-11-22
951.214111328125,BHARTIARTL.NS,2023-11-23
947.8052368164062,BHARTIARTL.NS,2023-11-24
959.249267578125,BHARTIARTL.NS,2023-11-28
969.4757690429688,BHARTIARTL.NS,2023-11-29
988.273193359375,BHARTIARTL.NS,2023-11-30
988.273193359375,BHARTIARTL.NS,2023-12-01
1005.9992065429688,BHARTIARTL.NS,2023-12-04
1004.2459716796875,BHARTIARTL.NS,2023-12-05
997.7691040039062,BHARTIARTL.NS,2023-12-06
973.9559936523438,BHARTIARTL.NS,2023-12-07
974.1994018554688,BHARTIARTL.NS,2023-12-08
974.7837524414062,BHARTIARTL.NS,2023-12-11
969.3296508789062,BHARTIARTL.NS,2023-12-12
973.858642578125,BHARTIARTL.NS,2023-12-13
979.0205078125,BHARTIARTL.NS,2023-12-14
966.699951171875,BHARTIARTL.NS,2023-12-15
964.4598999023438,BHARTIARTL.NS,2023-12-18
962.7067260742188,BHARTIARTL.NS,2023-12-19
946.2469482421875,BHARTIARTL.NS,2023-12-20
952.4315795898438,BHARTIARTL.NS,2023-12-21
963.7781372070312,BHARTIARTL.NS,2023-12-22
973.8098754882812,BHARTIARTL.NS,2023-12-26
994.6038818359375,BHARTIARTL.NS,2023-12-27
1009.7001342773438,BHARTIARTL.NS,2023-12-28
1005.3172607421875,BHARTIARTL.NS,2023-12-29
986.6660766601562,BHARTIARTL.NS,2024-01-01
995.0908203125,BHARTIARTL.NS,2024-01-02
1008.2391357421875,BHARTIARTL.NS,2024-01-03
1020.6084594726562,BHARTIARTL.NS,2024-01-04
1019.34228515625,BHARTIARTL.NS,2024-01-05
1021.7285766601562,BHARTIARTL.NS,2024-01-08
1036.776123046875,BHARTIARTL.NS,2024-01-09
1035.02294921875,BHARTIARTL.NS,2024-01-10
1035.1690673828125,BHARTIARTL.NS,2024-01-11
1048.3175048828125,BHARTIARTL.NS,2024-01-12
1073.6890869140625,BHARTIARTL.NS,2024-01-15
1067.3583984375,BHARTIARTL.NS,2024-01-16
1056.9857177734375,BHARTIARTL.NS,2024-01-17
1058.7388916015625,BHARTIARTL.NS,2024-01-18
1095.700439453125,BHARTIARTL.NS,2024-01-19
1127.841064453125,BHARTIARTL.NS,2024-01-23
1158.9588623046875,BHARTIARTL.NS,2024-01-24
1130.32470703125,BHARTIARTL.NS,2024-01-25
1131.8829345703125,BHARTIARTL.NS,2024-01-29
1128.47412109375,BHARTIARTL.NS,2024-01-30
1140.210205078125,BHARTIARTL.NS,2024-01-31
1121.218017578125,BHARTIARTL.NS,2024-02-01
1120.82861328125,BHARTIARTL.NS,2024-02-02
1084.5487060546875,BHARTIARTL.NS,2024-02-05
1104.514892578125,BHARTIARTL.NS,2024-02-06
1104.7581787109375,BHARTIARTL.NS,2024-02-07
1112.4039306640625,BHARTIARTL.NS,2024-02-08
1091.07421875,BHARTIARTL.NS,2024-02-09
1089.564453125,BHARTIARTL.NS,2024-02-12
1088.7366943359375,BHARTIARTL.NS,2024-02-13
1086.788818359375,BHARTIARTL.NS,2024-02-14
1091.512451171875,BHARTIARTL.NS,2024-02-15
1090.8306884765625,BHARTIARTL.NS,2024-02-16
1112.452392578125,BHARTIARTL.NS,2024-02-19
1114.156982421875,BHARTIARTL.NS,2024-02-20
1110.21240234375,BHARTIARTL.NS,2024-02-21
1105.9757080078125,BHARTIARTL.NS,2024-02-22
1096.4310302734375,BHARTIARTL.NS,2024-02-23
1081.139892578125,BHARTIARTL.NS,2024-02-26
1098.13525390625,BHARTIARTL.NS,2024-02-27
1099.352783203125,BHARTIARTL.NS,2024-02-28
1094.0933837890625,BHARTIARTL.NS,2024-02-29
1099.3040771484375,BHARTIARTL.NS,2024-03-01
1103.9791259765625,BHARTIARTL.NS,2024-03-04
1138.4571533203125,BHARTIARTL.NS,2024-03-05
1162.611083984375,BHARTIARTL.NS,2024-03-06
1168.454833984375,BHARTIARTL.NS,2024-03-07
1165.4356689453125,BHARTIARTL.NS,2024-03-11
1172.886474609375,BHARTIARTL.NS,2024-03-12
1138.3111572265625,BHARTIARTL.NS,2024-03-13
1163.48779296875,BHARTIARTL.NS,2024-03-14
1188.2261962890625,BHARTIARTL.NS,2024-03-15
1193.3883056640625,BHARTIARTL.NS,2024-03-18
1196.3587646484375,BHARTIARTL.NS,2024-03-19
1199.718994140625,BHARTIARTL.NS,2024-03-20
1189.0054931640625,BHARTIARTL.NS,2024-03-21
1203.9068603515625,BHARTIARTL.NS,2024-03-22
1181.505859375,BHARTIARTL.NS,2024-03-26
1192.9013671875,BHARTIARTL.NS,2024-03-27
1196.6024169921875,BHARTIARTL.NS,2024-03-28
1185.645263671875,BHARTIARTL.NS,2024-04-01
1176.7823486328125,BHARTIARTL.NS,2024-04-02
1193.77783203125,BHARTIARTL.NS,2024-04-03
1175.418701171875,BHARTIARTL.NS,2024-04-04
1159.9815673828125,BHARTIARTL.NS,2024-04-05
1173.32470703125,BHARTIARTL.NS,2024-04-08
1173.0811767578125,BHARTIARTL.NS,2024-04-09
1197.3814697265625,BHARTIARTL.NS,2024-04-10
1193.6317138671875,BHARTIARTL.NS,2024-04-12
1192.6578369140625,BHARTIARTL.NS,2024-04-15
1184.7686767578125,BHARTIARTL.NS,2024-04-16
1232.7847900390625,BHARTIARTL.NS,2024-04-18
1255.42919921875,BHARTIARTL.NS,2024-04-19
1263.756591796875,BHARTIARTL.NS,2024-04-22
1307.3897705078125,BHARTIARTL.NS,2024-04-23
1301.5947265625,BHARTIARTL.NS,2024-04-24
1303.8348388671875,BHARTIARTL.NS,2024-04-25
1291.4656982421875,BHARTIARTL.NS,2024-04-26
1297.74755859375,BHARTIARTL.NS,2024-04-29
1287.862060546875,BHARTIARTL.NS,2024-04-30
1270.08740234375,BHARTIARTL.NS,2024-05-02
1244.1314697265625,BHARTIARTL.NS,2024-05-03
1249.97509765625,BHARTIARTL.NS,2024-05-06
1252.6534423828125,BHARTIARTL.NS,2024-05-07
1255.0396728515625,BHARTIARTL.NS,2024-05-08
1242.232177734375,BHARTIARTL.NS,2024-05-09
1267.2628173828125,BHARTIARTL.NS,2024-05-10
1252.4586181640625,BHARTIARTL.NS,2024-05-13
1250.8516845703125,BHARTIARTL.NS,2024-05-14
1275.784912109375,BHARTIARTL.NS,2024-05-15
1310.068115234375,BHARTIARTL.NS,2024-05-16
1309.4349365234375,BHARTIARTL.NS,2024-05-17
1309.2890625,BHARTIARTL.NS,2024-05-21
1312.7952880859375,BHARTIARTL.NS,2024-05-22
1338.26416015625,BHARTIARTL.NS,2024-05-23
1352.3377685546875,BHARTIARTL.NS,2024-05-24
1348.2958984375,BHARTIARTL.NS,2024-05-27
1335.3424072265625,BHARTIARTL.NS,2024-05-28
1341.23486328125,BHARTIARTL.NS,2024-05-29
1341.283447265625,BHARTIARTL.NS,2024-05-30
1336.9981689453125,BHARTIARTL.NS,2024-05-31
1354.8702392578125,BHARTIARTL.NS,2024-06-03
1265.8505859375,BHARTIARTL.NS,2024-06-04
1309.337646484375,BHARTIARTL.NS,2024-06-05
1334.904052734375,BHARTIARTL.NS,2024-06-06
1388.1307373046875,BHARTIARTL.NS,2024-06-07
1388.9100341796875,BHARTIARTL.NS,2024-06-10
1390.07861328125,BHARTIARTL.NS,2024-06-11
1400.9383544921875,BHARTIARTL.NS,2024-06-12
1388.6177978515625,BHARTIARTL.NS,2024-06-13
1390.2247314453125,BHARTIARTL.NS,2024-06-14
1391.1500244140625,BHARTIARTL.NS,2024-06-18
1356.0875244140625,BHARTIARTL.NS,2024-06-19
1345.1793212890625,BHARTIARTL.NS,2024-06-20
1379.17041015625,BHARTIARTL.NS,2024-06-21
1382.8226318359375,BHARTIARTL.NS,2024-06-24
1378.0989990234375,BHARTIARTL.NS,2024-06-25
1421.4886474609375,BHARTIARTL.NS,2024-06-26
1437.3642578125,BHARTIARTL.NS,2024-06-27
1406.441162109375,BHARTIARTL.NS,2024-06-28
1416.1319580078125,BHARTIARTL.NS,2024-07-01
1381.9947509765625,BHARTIARTL.NS,2024-07-02
1382.871337890625,BHARTIARTL.NS,2024-07-03
1385.988037109375,BHARTIARTL.NS,2024-07-04
1392.4647216796875,BHARTIARTL.NS,2024-07-05
1397.77294921875,BHARTIARTL.NS,2024-07-08
1398.16259765625,BHARTIARTL.NS,2024-07-09
1407.4150390625,BHARTIARTL.NS,2024-07-10
1400.4998779296875,BHARTIARTL.NS,2024-07-11
1395.92236328125,BHARTIARTL.NS,2024-07-12
1400.1590576171875,BHARTIARTL.NS,2024-07-15
1428.306396484375,BHARTIARTL.NS,2024-07-16
1445.009765625,BHARTIARTL.NS,2024-07-18
1423.6800537109375,BHARTIARTL.NS,2024-07-19
1427.2352294921875,BHARTIARTL.NS,2024-07-22
1427.5272216796875,BHARTIARTL.NS,2024-07-23
1417.3006591796875,BHARTIARTL.NS,2024-07-24
1411.4083251953125,BHARTIARTL.NS,2024-07-25
1474.958984375,BHARTIARTL.NS,2024-07-26
1442.7696533203125,BHARTIARTL.NS,2024-07-29
1432.0562744140625,BHARTIARTL.NS,2024-07-30
1452.7041015625,BHARTIARTL.NS,2024-07-31
1466.290771484375,BHARTIARTL.NS,2024-08-01
1454.8955078125,BHARTIARTL.NS,2024-08-02
1427.5272216796875,BHARTIARTL.NS,2024-08-05
1405.9541015625,BHARTIARTL.NS,2024-08-06
1412.0262451171875,BHARTIARTL.NS,2024-08-07
1421.869140625,BHARTIARTL.NS,2024-08-08
1433.91552734375,BHARTIARTL.NS,2024-08-09
1428.5289306640625,BHARTIARTL.NS,2024-08-12
1429.606201171875,BHARTIARTL.NS,2024-08-13
1441.35888671875,BHARTIARTL.NS,2024-08-14
1452.9647216796875,BHARTIARTL.NS,2024-08-16
1439.3511962890625,BHARTIARTL.NS,2024-08-19
1419.2738037109375,BHARTIARTL.NS,2024-08-20
1433.2789306640625,BHARTIARTL.NS,2024-08-21
1455.706787109375,BHARTIARTL.NS,2024-08-22
1475.686279296875,BHARTIARTL.NS,2024-08-23
1482.34619140625,BHARTIARTL.NS,2024-08-26
1491.3564453125,BHARTIARTL.NS,2024-08-27
1524.263671875,BHARTIARTL.NS,2024-08-28
1533.6168212890625,BHARTIARTL.NS,2024-08-29
1556.2896728515625,BHARTIARTL.NS,2024-08-30
1538.9544677734375,BHARTIARTL.NS,2024-09-02
1528.4261474609375,BHARTIARTL.NS,2024-09-03
1529.6993408203125,BHARTIARTL.NS,2024-09-04
1515.3023681640625,BHARTIARTL.NS,2024-09-05
1507.5162353515625,BHARTIARTL.NS,2024-09-06
1510.84619140625,BHARTIARTL.NS,2024-09-09
1545.3204345703125,BHARTIARTL.NS,2024-09-10
1545.271484375,BHARTIARTL.NS,2024-09-11
1612.800048828125,BHARTIARTL.NS,2024-09-12
1600.7535400390625,BHARTIARTL.NS,2024-09-13
1601.73291015625,BHARTIARTL.NS,2024-09-16
1627.49072265625,BHARTIARTL.NS,2024-09-17
1620.781982421875,BHARTIARTL.NS,2024-09-18
1630.52685546875,BHARTIARTL.NS,2024-09-19
1676.4599609375,BHARTIARTL.NS,2024-09-20
1714.362060546875,BHARTIARTL.NS,2024-09-23
1720.4342041015625,BHARTIARTL.NS,2024-09-24
1724.1070556640625,BHARTIARTL.NS,2024-09-25
1734.5863037109375,BHARTIARTL.NS,2024-09-26
1698.8387451171875,BHARTIARTL.NS,2024-09-27
1674.3052978515625,BHARTIARTL.NS,2024-09-30
1663.678955078125,BHARTIARTL.NS,2024-10-01
1638.9495849609375,BHARTIARTL.NS,2024-10-03
1607.0706787109375,BHARTIARTL.NS,2024-10-04
1627.7845458984375,BHARTIARTL.NS,2024-10-07
1623.2794189453125,BHARTIARTL.NS,2024-10-08
1643.503662109375,BHARTIARTL.NS,2024-10-09
1643.503662109375,BHARTIARTL.NS,2024-10-10
1652.6119384765625,BHARTIARTL.NS,2024-10-11
1660.642822265625,BHARTIARTL.NS,2024-10-14
1681.8465576171875,BHARTIARTL.NS,2024-10-15
1698.2022705078125,BHARTIARTL.NS,2024-10-16
1666.0784912109375,BHARTIARTL.NS,2024-10-17
1672.6402587890625,BHARTIARTL.NS,2024-10-18
1657.6558837890625,BHARTIARTL.NS,2024-10-21
1657.3619384765625,BHARTIARTL.NS,2024-10-22
1651.044921875,BHARTIARTL.NS,2024-10-23
1643.8463134765625,BHARTIARTL.NS,2024-10-24
1631.653076171875,BHARTIARTL.NS,2024-10-25
1629.0577392578125,BHARTIARTL.NS,2024-10-28
1603.3489990234375,BHARTIARTL.NS,2024-10-29
1599.6761474609375,BHARTIARTL.NS,2024-10-30
1579.35400390625,BHARTIARTL.NS,2024-10-31
1583.1246337890625,BHARTIARTL.NS,2024-11-01
1558.4442138671875,BHARTIARTL.NS,2024-11-04
1545.859130859375,BHARTIARTL.NS,2024-11-05
1565.838623046875,BHARTIARTL.NS,2024-11-06
1543.312744140625,BHARTIARTL.NS,2024-11-07
1537.534423828125,BHARTIARTL.NS,2024-11-08
1528.377197265625,BHARTIARTL.NS,2024-11-11
1523.5782470703125,BHARTIARTL.NS,2024-11-12
1518.4853515625,BHARTIARTL.NS,2024-11-13
1518.5343017578125,BHARTIARTL.NS,2024-11-14
1505.3126220703125,BHARTIARTL.NS,2024-11-18
1494.0496826171875,BHARTIARTL.NS,2024-11-19
1493.70703125,BHARTIARTL.NS,2024-11-21
1536.94677734375,BHARTIARTL.NS,2024-11-22
1546.201904296875,BHARTIARTL.NS,2024-11-25
1544.7327880859375,BHARTIARTL.NS,2024-11-26
1545.1246337890625,BHARTIARTL.NS,2024-11-27
1528.230224609375,BHARTIARTL.NS,2024-11-28
1593.6041259765625,BHARTIARTL.NS,2024-11-29
1609.7149658203125,BHARTIARTL.NS,2024-12-02
1587.1402587890625,BHARTIARTL.NS,2024-12-03
1551.441650390625,BHARTIARTL.NS,2024-12-04
1582.04736328125,BHARTIARTL.NS,2024-12-05
1564.9080810546875,BHARTIARTL.NS,2024-12-06
1569.51123046875,BHARTIARTL.NS,2024-12-09
1546.10400390625,BHARTIARTL.NS,2024-12-10
1553.3023681640625,BHARTIARTL.NS,2024-12-11
1577.346435546875,BHARTIARTL.NS,2024-12-12
1647.078369140625,BHARTIARTL.NS,2024-12-13
1628.2742919921875,BHARTIARTL.NS,2024-12-16
1581.9984130859375,BHARTIARTL.NS,2024-12-17
1568.874755859375,BHARTIARTL.NS,2024-12-18
1567.3076171875,BHARTIARTL.NS,2024-12-19
1545.5653076171875,BHARTIARTL.NS,2024-12-20
1554.1839599609375,BHARTIARTL.NS,2024-12-23
1551.2457275390625,BHARTIARTL.NS,2024-12-24
1566.524169921875,BHARTIARTL.NS,2024-12-26
1566.8668212890625,BHARTIARTL.NS,2024-12-27
1554.1839599609375,BHARTIARTL.NS,2024-12-30
1555.016357421875,BHARTIARTL.NS,2024-12-31
1562.802490234375,BHARTIARTL.NS,2025-01-01
1576.5137939453125,BHARTIARTL.NS,2025-01-02
1565.887451171875,BHARTIARTL.NS,2025-01-03
1555.701904296875,BHARTIARTL.NS,2025-01-06
1558.052490234375,BHARTIARTL.NS,2025-01-07
1566.230224609375,BHARTIARTL.NS,2025-01-08
1573.91845703125,BHARTIARTL.NS,2025-01-09
1582.5860595703125,BHARTIARTL.NS,2025-01-10
1564.271484375,BHARTIARTL.NS,2025-01-13
1567.1116943359375,BHARTIARTL.NS,2025-01-14
1574.3101806640625,BHARTIARTL.NS,2025-01-15
1596.5911865234375,BHARTIARTL.NS,2025-01-16
1593.9468994140625,BHARTIARTL.NS,2025-01-17
1607.3154296875,BHARTIARTL.NS,2025-01-20
1592.6246337890625,BHARTIARTL.NS,2025-01-21
1598.1092529296875,BHARTIARTL.NS,2025-01-22
1602.271728515625,BHARTIARTL.NS,2025-01-23
1610.8902587890625,BHARTIARTL.NS,2025-01-24
1569.5601806640625,BHARTIARTL.NS,2025-01-27
1584.9854736328125,BHARTIARTL.NS,2025-01-28
1567.4544677734375,BHARTIARTL.NS,2025-01-29
1606.9237060546875,BHARTIARTL.NS,2025-01-30
1592.7716064453125,BHARTIARTL.NS,2025-01-31
1589.7845458984375,BHARTIARTL.NS,2025-02-01
1618.2845458984375,BHARTIARTL.NS,2025-02-03
1627.1968994140625,BHARTIARTL.NS,2025-02-04
1626.217529296875,BHARTIARTL.NS,2025-02-05
1586.356689453125,BHARTIARTL.NS,2025-02-06
1642.1815185546875,BHARTIARTL.NS,2025-02-07
1658.1455078125,BHARTIARTL.NS,2025-02-10
1661.7691650390625,BHARTIARTL.NS,2025-02-11
1676.2640380859375,BHARTIARTL.NS,2025-02-12
1679.251220703125,BHARTIARTL.NS,2025-02-13
1681.650634765625,BHARTIARTL.NS,2025-02-14
1641.00634765625,BHARTIARTL.NS,2025-02-17
1634.493408203125,BHARTIARTL.NS,2025-02-18
1611.281982421875,BHARTIARTL.NS,2025-02-19
1609.6170654296875,BHARTIARTL.NS,2025-02-20
1605.4547119140625,BHARTIARTL.NS,2025-02-21
1568.287109375,BHARTIARTL.NS,2025-02-24
1607.560302734375,BHARTIARTL.NS,2025-02-25
1616.374755859375,BHARTIARTL.NS,2025-02-27
1537.828125,BHARTIARTL.NS,2025-02-28
1562.9005126953125,BHARTIARTL.NS,2025-03-03
1542.8720703125,BHARTIARTL.NS,2025-03-04
1584.8875732421875,BHARTIARTL.NS,2025-03-05
1593.3592529296875,BHARTIARTL.NS,2025-03-06
1597.080810546875,BHARTIARTL.NS,2025-03-07
1597.32568359375,BHARTIARTL.NS,2025-03-10
1628.666015625,BHARTIARTL.NS,2025-03-11
1608.9803466796875,BHARTIARTL.NS,2025-03-12
1598.84375,BHARTIARTL.NS,2025-03-13
1605.356689453125,BHARTIARTL.NS,2025-03-17
1605.356689453125,BHARTIARTL.NS,2025-03-18
1603.3978271484375,BHARTIARTL.NS,2025-03-19
1670.093994140625,BHARTIARTL.NS,2025-03-20
1690.22021484375,BHARTIARTL.NS,2025-03-21
1683.3646240234375,BHARTIARTL.NS,2025-03-24
1694.8233642578125,BHARTIARTL.NS,2025-03-25
1702.7073974609375,BHARTIARTL.NS,2025-03-26
1689.142822265625,BHARTIARTL.NS,2025-03-27
1697.6636962890625,BHARTIARTL.NS,2025-03-28
1688.604248046875,BHARTIARTL.NS,2025-04-01
1718.426513671875,BHARTIARTL.NS,2025-04-02
1710.00390625,BHARTIARTL.NS,2025-04-03
1707.50634765625,BHARTIARTL.NS,2025-04-04
1651.87744140625,BHARTIARTL.NS,2025-04-07
1684.931640625,BHARTIARTL.NS,2025-04-08
1680.181640625,BHARTIARTL.NS,2025-04-09
1720.38525390625,BHARTIARTL.NS,2025-04-11
1761.71533203125,BHARTIARTL.NS,2025-04-15
1785.024658203125,BHARTIARTL.NS,2025-04-16
1850.1536865234375,BHARTIARTL.NS,2025-04-17
1844.5711669921875,BHARTIARTL.NS,2025-04-21
1814.014404296875,BHARTIARTL.NS,2025-04-22
1842.8082275390625,BHARTIARTL.NS,2025-04-23
1807.5504150390625,BHARTIARTL.NS,2025-04-24
1779.73583984375,BHARTIARTL.NS,2025-04-25
1784.2412109375,BHARTIARTL.NS,2025-04-28
1786.1998291015625,BHARTIARTL.NS,2025-04-29
1826.060791015625,BHARTIARTL.NS,2025-04-30
1810.0968017578125,BHARTIARTL.NS,2025-05-02
1827.5299072265625,BHARTIARTL.NS,2025-05-05
1861.8082275390625,BHARTIARTL.NS,2025-05-06
1857.6949462890625,BHARTIARTL.NS,2025-05-07
1836.2464599609375,BHARTIARTL.NS,2025-05-08
1810.292724609375,BHARTIARTL.NS,2025-05-09
1832.23095703125,BHARTIARTL.NS,2025-05-12
1783.0657958984375,BHARTIARTL.NS,2025-05-13
1796.3853759765625,BHARTIARTL.NS,2025-05-14
1828.7049560546875,BHARTIARTL.NS,2025-05-15
1776.6019287109375,BHARTIARTL.NS,2025-05-16
1780.813232421875,BHARTIARTL.NS,2025-05-19
1771.6070556640625,BHARTIARTL.NS,2025-05-20
1784.9267578125,BHARTIARTL.NS,2025-05-21
1793.643310546875,BHARTIARTL.NS,2025-05-22
1793.93701171875,BHARTIARTL.NS,2025-05-23
1809.313232421875,BHARTIARTL.NS,2025-05-26
1805.78759765625,BHARTIARTL.NS,2025-05-27
1817.833984375,BHARTIARTL.NS,2025-05-28
1825.1793212890625,BHARTIARTL.NS,2025-05-29
1817.9317626953125,BHARTIARTL.NS,2025-05-30
1815.8751220703125,BHARTIARTL.NS,2025-06-02
1803.3392333984375,BHARTIARTL.NS,2025-06-03
1836.736083984375,BHARTIARTL.NS,2025-06-04
1840.06591796875,BHARTIARTL.NS,2025-06-05
1831.6431884765625,BHARTIARTL.NS,2025-06-06
1826.6483154296875,BHARTIARTL.NS,2025-06-09
1818.8133544921875,BHARTIARTL.NS,2025-06-10
1821.849365234375,BHARTIARTL.NS,2025-06-11
1806.17919921875,BHARTIARTL.NS,2025-06-12
1802.4576416015625,BHARTIARTL.NS,2025-06-13
1822.9267578125,BHARTIARTL.NS,2025-06-16
1816.560791015625,BHARTIARTL.NS,2025-06-17
1827.4320068359375,BHARTIARTL.NS,2025-06-18
1838.3031005859375,BHARTIARTL.NS,2025-06-19
1896.772216796875,BHARTIARTL.NS,2025-06-20
1896.380615234375,BHARTIARTL.NS,2025-06-23
1893.7362060546875,BHARTIARTL.NS,2025-06-24
1925.0765380859375,BHARTIARTL.NS,2025-06-25
1972.7724609375,BHARTIARTL.NS,2025-06-26
1985.30859375,BHARTIARTL.NS,2025-06-27
1968.1693115234375,BHARTIARTL.NS,2025-06-30
1977.767333984375,BHARTIARTL.NS,2025-07-01
1991.380859375,BHARTIARTL.NS,2025-07-02
1977.66943359375,BHARTIARTL.NS,2025-07-03
1975.6126708984375,BHARTIARTL.NS,2025-07-04
1991.9683837890625,BHARTIARTL.NS,2025-07-07
1988.1488037109375,BHARTIARTL.NS,2025-07-08
1978.06103515625,BHARTIARTL.NS,2025-07-09
1923.9991455078125,BHARTIARTL.NS,2025-07-10
1882.2774658203125,BHARTIARTL.NS,2025-07-11
1881.298095703125,BHARTIARTL.NS,2025-07-14
1894.3238525390625,BHARTIARTL.NS,2025-07-15
1896.67431640625,BHARTIARTL.NS,2025-07-16
1890.112548828125,BHARTIARTL.NS,2025-07-17
1877.372802734375,BHARTIARTL.NS,2025-07-18
1885.4708251953125,BHARTIARTL.NS,2025-07-21
1883.100830078125,BHARTIARTL.NS,2025-07-22
1919.640869140625,BHARTIARTL.NS,2025-07-23
1912.0364990234375,BHARTIARTL.NS,2025-07-24
1913.814208984375,BHARTIARTL.NS,2025-07-25
1866.805908203125,BHARTIARTL.NS,2025-07-28
1894.4578857421875,BHARTIARTL.NS,2025-07-29
1908.580078125,BHARTIARTL.NS,2025-07-30
1890.507568359375,BHARTIARTL.NS,2025-07-31
1860.9791259765625,BHARTIARTL.NS,2025-08-01
1890.8037109375,BHARTIARTL.NS,2025-08-04
1907.7900390625,BHARTIARTL.NS,2025-08-05
1905.716064453125,BHARTIARTL.NS,2025-08-06
1898.704345703125,BHARTIARTL.NS,2025-08-07
1835.499755859375,BHARTIARTL.NS,2025-08-08
1834.314697265625,BHARTIARTL.NS,2025-08-11
1827.302978515625,BHARTIARTL.NS,2025-08-12
1844.1904296875,BHARTIARTL.NS,2025-08-13
1850.5108642578125,BHARTIARTL.NS,2025-08-14
1868.781005859375,BHARTIARTL.NS,2025-08-18
1885.964599609375,BHARTIARTL.NS,2025-08-19
1904.4322509765625,BHARTIARTL.NS,2025-08-20
1905.9136962890625,BHARTIARTL.NS,2025-08-21
1909.2713623046875,BHARTIARTL.NS,2025-08-22
1906.70361328125,BHARTIARTL.NS,2025-08-25
1881.0267333984375,BHARTIARTL.NS,2025-08-26
1857.7200927734375,BHARTIARTL.NS,2025-08-28
1865.324462890625,BHARTIARTL.NS,2025-08-29
1876.977783203125,BHARTIARTL.NS,2025-09-01
1863.7442626953125,BHARTIARTL.NS,2025-09-02
1860.4853515625,BHARTIARTL.NS,2025-09-03
1857.0289306640625,BHARTIARTL.NS,2025-09-04
1871.74365234375,BHARTIARTL.NS,2025-09-05
1864.238037109375,BHARTIARTL.NS,2025-09-08
1870.1634521484375,BHARTIARTL.NS,2025-09-09
1867.8922119140625,BHARTIARTL.NS,2025-09-10
1889.2236328125,BHARTIARTL.NS,2025-09-11
1878.952880859375,BHARTIARTL.NS,2025-09-12
1880.829345703125,BHARTIARTL.NS,2025-09-15
1915.394287109375,BHARTIARTL.NS,2025-09-16
1917.1719970703125,BHARTIARTL.NS,2025-09-17
1916.974365234375,BHARTIARTL.NS,2025-09-18
1938.009765625,BHARTIARTL.NS,2025-09-19
1931.88671875,BHARTIARTL.NS,2025-09-22
1914.604248046875,BHARTIARTL.NS,2025-09-23
1907.0986328125,BHARTIARTL.NS,2025-09-24
1911.542724609375,BHARTIARTL.NS,2025-09-25
1892.7789306640625,BHARTIARTL.NS,2025-09-26
1878.557861328125,BHARTIARTL.NS,2025-09-29
1855.0537109375,BHARTIARTL.NS,2025-09-30
1844.387939453125,BHARTIARTL.NS,2025-10-01
1873.126220703125,BHARTIARTL.NS,2025-10-03
1879.4466552734375,BHARTIARTL.NS,2025-10-06
1905.0247802734375,BHARTIARTL.NS,2025-10-07
1919.3446044921875,BHARTIARTL.NS,2025-10-08
1917.86328125,BHARTIARTL.NS,2025-10-09
1915.789306640625,BHARTIARTL.NS,2025-10-10
1930.6029052734375,BHARTIARTL.NS,2025-10-13
1922.406005859375,BHARTIARTL.NS,2025-10-14
1944.0338134765625,BHARTIARTL.NS,2025-10-15
1942.947509765625,BHARTIARTL.NS,2025-10-16
1986.9931640625,BHARTIARTL.NS,2025-10-17
2026.0023193359375,BHARTIARTL.NS,2025-10-20
2018.1016845703125,BHARTIARTL.NS,2025-10-21
1982.9442138671875,BHARTIARTL.NS,2025-10-23
2004.0782470703125,BHARTIARTL.NS,2025-10-24
2054.246826171875,BHARTIARTL.NS,2025-10-27
2064.22119140625,BHARTIARTL.NS,2025-10-28
2074.4921875,BHARTIARTL.NS,2025-10-29
2040.618408203125,BHARTIARTL.NS,2025-10-30
2028.9649658203125,BHARTIARTL.NS,2025-10-31
2048.22265625,BHARTIARTL.NS,2025-11-03
2087.0341796875,BHARTIARTL.NS,2025-11-04
2068.86279296875,BHARTIARTL.NS,2025-11-06
1976.327392578125,BHARTIARTL.NS,2025-11-07
1994.6962890625,BHARTIARTL.NS,2025-11-10
2016.9166259765625,BHARTIARTL.NS,2025-11-11
2048.025146484375,BHARTIARTL.NS,2025-11-12
2065.801513671875,BHARTIARTL.NS,2025-11-13
2074.5908203125,BHARTIARTL.NS,2025-11-14
2085.94775390625,BHARTIARTL.NS,2025-11-17
2122.488037109375,BHARTIARTL.NS,2025-11-18
2132.956298828125,BHARTIARTL.NS,2025-11-19
2131.474853515625,BHARTIARTL.NS,2025-11-20
2135.820068359375,BHARTIARTL.NS,2025-11-21
2125.35205078125,BHARTIARTL.NS,2025-11-24
2134.73388671875,BHARTIARTL.NS,2025-11-25
2100.366455078125,BHARTIARTL.NS,2025-11-26
2089.3056640625,BHARTIARTL.NS,2025-11-27
2075.479736328125,BHARTIARTL.NS,2025-11-28
2063.7275390625,BHARTIARTL.NS,2025-12-01
2077.849853515625,BHARTIARTL.NS,2025-12-02
2060.073486328125,BHARTIARTL.NS,2025-12-03
2077.65234375,BHARTIARTL.NS,2025-12-04
2082.590087890625,BHARTIARTL.NS,2025-12-05
2060.27099609375,BHARTIARTL.NS,2025-12-08
2063.7275390625,BHARTIARTL.NS,2025-12-09
2041.3095703125,BHARTIARTL.NS,2025-12-10
2027.68115234375,BHARTIARTL.NS,2025-12-11
2057.505615234375,BHARTIARTL.NS,2025-12-12
2043.97607421875,BHARTIARTL.NS,2025-12-15
2075.87451171875,BHARTIARTL.NS,2025-12-16
2081.800048828125,BHARTIARTL.NS,2025-12-17
2065.9990234375,BHARTIARTL.NS,2025-12-18
2071.6279296875,BHARTIARTL.NS,2025-12-19
2120.907958984375,BHARTIARTL.NS,2025-12-22
2096.5146484375,BHARTIARTL.NS,2025-12-23
2097.304931640625,BHARTIARTL.NS,2025-12-24
2079.232177734375,BHARTIARTL.NS,2025-12-26
2055.728271484375,BHARTIARTL.NS,2025-12-29
2073.701904296875,BHARTIARTL.NS,2025-12-30
2079.429931640625,BHARTIARTL.NS,2025-12-31
2084.170166015625,BHARTIARTL.NS,2026-01-01
2080.121337890625,BHARTIARTL.NS,2026-01-02
2078.83740234375,BHARTIARTL.NS,2026-01-05
2079.133544921875,BHARTIARTL.NS,2026-01-06
2058.2958984375,BHARTIARTL.NS,2026-01-07
2040.618408203125,BHARTIARTL.NS,2026-01-08
2001.905517578125,BHARTIARTL.NS,2026-01-09
2018.595458984375,BHARTIARTL.NS,2026-01-12
2001.7080078125,BHARTIARTL.NS,2026-01-13
1997.3626708984375,BHARTIARTL.NS,2026-01-14
1997.3626708984375,BHARTIARTL.NS,2026-01-15
1991.3385009765625,BHARTIARTL.NS,2026-01-16
1985.01806640625,BHARTIARTL.NS,2026-01-19
1971.1920166015625,BHARTIARTL.NS,2026-01-20
1971.290771484375,BHARTIARTL.NS,2026-01-21
1977.31494140625,BHARTIARTL.NS,2026-01-22
1960.032470703125,BHARTIARTL.NS,2026-01-23
1948.873046875,BHARTIARTL.NS,2026-01-27
1933.3680419921875,BHARTIARTL.NS,2026-01-28
1943.44140625,BHARTIARTL.NS,2026-01-29
1944.2313232421875,BHARTIARTL.NS,2026-01-30
1940.972412109375,BHARTIARTL.NS,2026-02-02
1972.4759521484375,BHARTIARTL.NS,2026-02-03
2000.6217041015625,BHARTIARTL.NS,2026-02-04
1967.6368408203125,BHARTIARTL.NS,2026-02-05
2013.0650634765625,BHARTIARTL.NS,2026-02-06
2012.8675537109375,BHARTIARTL.NS,2026-02-09
1986.302001953125,BHARTIARTL.NS,2026-02-10
1987.0919189453125,BHARTIARTL.NS,2026-02-11
1989.462158203125,BHARTIARTL.NS,2026-02-12
1979.783935546875,BHARTIARTL.NS,2026-02-13
2004.177001953125,BHARTIARTL.NS,2026-02-16
1995.1900634765625,BHARTIARTL.NS,2026-02-17
1996.6715087890625,BHARTIARTL.NS,2026-02-18
1963.884033203125,BHARTIARTL.NS,2026-02-19
1952.8232421875,BHARTIARTL.NS,2026-02-20
1972.4759521484375,BHARTIARTL.NS,2026-02-23
1916.8756103515625,BHARTIARTL.NS,2026-02-24
1889.6187744140625,BHARTIARTL.NS,2026-02-25
1905.6173095703125,BHARTIARTL.NS,2026-02-26
1855.942626953125,BHARTIARTL.NS,2026-02-27
1849.9183349609375,BHARTIARTL.NS,2026-03-02
1882.2119140625,BHARTIARTL.NS,2026-03-04
1883.2982177734375,BHARTIARTL.NS,2026-03-05
1847.5482177734375,BHARTIARTL.NS,2026-03-06
1843.4990234375,BHARTIARTL.NS,2026-03-09
1827.4017333984375,BHARTIARTL.NS,2026-03-10
1784.5411376953125,BHARTIARTL.NS,2026-03-11
1778.9119873046875,BHARTIARTL.NS,2026-03-12
1780.98583984375,BHARTIARTL.NS,2026-03-13
1766.5673828125,BHARTIARTL.NS,2026-03-16
1804.2926025390625,BHARTIARTL.NS,2026-03-17
1832.339599609375,BHARTIARTL.NS,2026-03-18
1804.2926025390625,BHARTIARTL.NS,2026-03-19
1823.1551513671875,BHARTIARTL.NS,2026-03-20
1773.5791015625,BHARTIARTL.NS,2026-03-23
1779.7020263671875,BHARTIARTL.NS,2026-03-24
1812.0943603515625,BHARTIARTL.NS,2026-03-25
1820.9825439453125,BHARTIARTL.NS,2026-03-27
1760.2469482421875,BHARTIARTL.NS,2026-03-30
1759.7530517578125,BHARTIARTL.NS,2026-04-01
1767.4560546875,BHARTIARTL.NS,2026-04-02
1770.5177001953125,BHARTIARTL.NS,2026-04-06
1807.5516357421875,BHARTIARTL.NS,2026-04-07
1838.4625244140625,BHARTIARTL.NS,2026-04-08
1836.2899169921875,BHARTIARTL.NS,2026-04-09
1846.758056640625,BHARTIARTL.NS,2026-04-10
1847.64697265625,BHARTIARTL.NS,2026-04-13
1832.6357421875,BHARTIARTL.NS,2026-04-15
1817.7235107421875,BHARTIARTL.NS,2026-04-16
1823.9451904296875,BHARTIARTL.NS,2026-04-17
1823.1551513671875,BHARTIARTL.NS,2026-04-20
1831.944580078125,BHARTIARTL.NS,2026-04-21
1806.2677001953125,BHARTIARTL.NS,2026-04-22
1818.3160400390625,BHARTIARTL.NS,2026-04-23
1791.9478759765625,BHARTIARTL.NS,2026-04-24
1797.478271484375,BHARTIARTL.NS,2026-04-27
1820.8837890625,BHARTIARTL.NS,2026-04-28
1864.6331787109375,BHARTIARTL.NS,2026-04-29
1863.349365234375,BHARTIARTL.NS,2026-04-30
1863.349365234375,BHARTIARTL.NS,2026-05-01
1804.3912353515625,BHARTIARTL.NS,2026-05-04
1783.65234375,BHARTIARTL.NS,2026-05-05
1810.9091796875,BHARTIARTL.NS,2026-05-06
1803.8974609375,BHARTIARTL.NS,2026-05-07
1811.6993408203125,BHARTIARTL.NS,2026-05-08
1737.9278564453125,BHARTIARTL.NS,2026-05-11
1734.965087890625,BHARTIARTL.NS,2026-05-12
1766.9622802734375,BHARTIARTL.NS,2026-05-13
1860.09033203125,BHARTIARTL.NS,2026-05-14
1881.7181396484375,BHARTIARTL.NS,2026-05-15
1914.01171875,BHARTIARTL.NS,2026-05-18
1889.7174072265625,BHARTIARTL.NS,2026-05-19
1881.224365234375,BHARTIARTL.NS,2026-05-20
1861.8680419921875,BHARTIARTL.NS,2026-05-21
1848.1407470703125,BHARTIARTL.NS,2026-05-22
1851.49853515625,BHARTIARTL.NS,2026-05-25
1823.9451904296875,BHARTIARTL.NS,2026-05-26
1829.1793212890625,BHARTIARTL.NS,2026-05-27
1829.1793212890625,BHARTIARTL.NS,2026-05-28
1806.2677001953125,BHARTIARTL.NS,2026-05-29
1788.0963134765625,BHARTIARTL.NS,2026-06-01
1791.651611328125,BHARTIARTL.NS,2026-06-02
1801.4285888671875,BHARTIARTL.NS,2026-06-03
1796.293212890625,BHARTIARTL.NS,2026-06-04
1775.8504638671875,BHARTIARTL.NS,2026-06-05
1790.7628173828125,BHARTIARTL.NS,2026-06-08
1776.6405029296875,BHARTIARTL.NS,2026-06-09
1753.1363525390625,BHARTIARTL.NS,2026-06-10
1760.4443359375,BHARTIARTL.NS,2026-06-11
1799.8485107421875,BHARTIARTL.NS,2026-06-12
1818.3160400390625,BHARTIARTL.NS,2026-06-15
1829.9693603515625,BHARTIARTL.NS,2026-06-16
1852.38720703125,BHARTIARTL.NS,2026-06-17
1851.49853515625,BHARTIARTL.NS,2026-06-18
1887.051025390625,BHARTIARTL.NS,2026-06-19
1892.7789306640625,BHARTIARTL.NS,2026-06-22
1877.96533203125,BHARTIARTL.NS,2026-06-23
1853.9674072265625,BHARTIARTL.NS,2026-06-24
1827.6978759765625,BHARTIARTL.NS,2026-06-25
1827.6978759765625,BHARTIARTL.NS,2026-06-26
1818.21728515625,BHARTIARTL.NS,2026-06-29
1188.660400390625,RELIANCE.NS,2022-05-20
1180.7117919921875,RELIANCE.NS,2022-05-23
1184.7652587890625,RELIANCE.NS,2022-05-24
1183.0216064453125,RELIANCE.NS,2022-05-25
1171.7440185546875,RELIANCE.NS,2022-05-26
1166.308837890625,RELIANCE.NS,2022-05-27
1206.935791015625,RELIANCE.NS,2022-05-30
1192.374267578125,RELIANCE.NS,2022-05-31
1192.75927734375,RELIANCE.NS,2022-06-01
1233.8841552734375,RELIANCE.NS,2022-06-02
1258.8853759765625,RELIANCE.NS,2022-06-03
1253.4730224609375,RELIANCE.NS,2022-06-06
1255.8280029296875,RELIANCE.NS,2022-06-07
1233.77099609375,RELIANCE.NS,2022-06-08
1267.60400390625,RELIANCE.NS,2022-06-09
1229.33251953125,RELIANCE.NS,2022-06-10
1206.0750732421875,RELIANCE.NS,2022-06-13
1190.3135986328125,RELIANCE.NS,2022-06-14
1175.9110107421875,RELIANCE.NS,2022-06-15
1159.4697265625,RELIANCE.NS,2022-06-16
1173.0572509765625,RELIANCE.NS,2022-06-17
1151.7928466796875,RELIANCE.NS,2022-06-20
1170.38525390625,RELIANCE.NS,2022-06-21
1134.8310546875,RELIANCE.NS,2022-06-22
1116.419921875,RELIANCE.NS,2022-06-23
1132.3175048828125,RELIANCE.NS,2022-06-24
1128.9658203125,RELIANCE.NS,2022-06-27
1144.840576171875,RELIANCE.NS,2022-06-28
1168.59619140625,RELIANCE.NS,2022-06-29
1175.616455078125,RELIANCE.NS,2022-06-30
1090.943359375,RELIANCE.NS,2022-07-01
1093.2080078125,RELIANCE.NS,2022-07-04
1102.0625,RELIANCE.NS,2022-07-05
1092.3699951171875,RELIANCE.NS,2022-07-06
1081.61328125,RELIANCE.NS,2022-07-07
1083.1080322265625,RELIANCE.NS,2022-07-08
1097.82763671875,RELIANCE.NS,2022-07-11
1096.26513671875,RELIANCE.NS,2022-07-12
1076.8350830078125,RELIANCE.NS,2022-07-13
1085.7122802734375,RELIANCE.NS,2022-07-14
1087.8182373046875,RELIANCE.NS,2022-07-15
1097.08056640625,RELIANCE.NS,2022-07-18
1103.8062744140625,RELIANCE.NS,2022-07-19
1133.653564453125,RELIANCE.NS,2022-07-20
1126.0897216796875,RELIANCE.NS,2022-07-21
1133.6988525390625,RELIANCE.NS,2022-07-22
1096.242431640625,RELIANCE.NS,2022-07-25
1096.7408447265625,RELIANCE.NS,2022-07-26
1095.6990966796875,RELIANCE.NS,2022-07-27
1112.8646240234375,RELIANCE.NS,2022-07-28
1136.5748291015625,RELIANCE.NS,2022-07-29
1166.19580078125,RELIANCE.NS,2022-08-01
1170.63427734375,RELIANCE.NS,2022-08-02
1180.462646484375,RELIANCE.NS,2022-08-03
1164.8594970703125,RELIANCE.NS,2022-08-04
1147.694091796875,RELIANCE.NS,2022-08-05
1162.708251953125,RELIANCE.NS,2022-08-08
1169.66064453125,RELIANCE.NS,2022-08-10
1173.5556640625,RELIANCE.NS,2022-08-11
1192.5328369140625,RELIANCE.NS,2022-08-12
1200.8212890625,RELIANCE.NS,2022-08-16
1207.09423828125,RELIANCE.NS,2022-08-17
1209.2833251953125,RELIANCE.NS,2022-08-18
1187.72216796875,RELIANCE.NS,2022-08-19
1184.4276123046875,RELIANCE.NS,2022-08-22
1202.694580078125,RELIANCE.NS,2022-08-23
1199.4908447265625,RELIANCE.NS,2022-08-24
1195.9921875,RELIANCE.NS,2022-08-25
1189.6077880859375,RELIANCE.NS,2022-08-26
1180.36083984375,RELIANCE.NS,2022-08-29
1198.6729736328125,RELIANCE.NS,2022-08-30
1163.4346923828125,RELIANCE.NS,2022-09-01
1149.84814453125,RELIANCE.NS,2022-09-02
1167.7060546875,RELIANCE.NS,2022-09-05
1179.997314453125,RELIANCE.NS,2022-09-06
1173.1361083984375,RELIANCE.NS,2022-09-07
1174.79443359375,RELIANCE.NS,2022-09-08
1167.478759765625,RELIANCE.NS,2022-09-09
1180.542724609375,RELIANCE.NS,2022-09-12
1190.403076171875,RELIANCE.NS,2022-09-13
1176.135009765625,RELIANCE.NS,2022-09-14
1164.4798583984375,RELIANCE.NS,2022-09-15
1135.6256103515625,RELIANCE.NS,2022-09-16
1137.1025390625,RELIANCE.NS,2022-09-19
1137.2841796875,RELIANCE.NS,2022-09-20
1140.419677734375,RELIANCE.NS,2022-09-21
1129.673095703125,RELIANCE.NS,2022-09-22
1108.498291015625,RELIANCE.NS,2022-09-23
1080.257568359375,RELIANCE.NS,2022-09-26
1088.8455810546875,RELIANCE.NS,2022-09-27
1059.8551025390625,RELIANCE.NS,2022-09-28
1056.6063232421875,RELIANCE.NS,2022-09-29
1080.439208984375,RELIANCE.NS,2022-09-30
1076.6905517578125,RELIANCE.NS,2022-10-03
1096.5474853515625,RELIANCE.NS,2022-10-04
1100.591796875,RELIANCE.NS,2022-10-06
1105.2493896484375,RELIANCE.NS,2022-10-07
1093.1851806640625,RELIANCE.NS,2022-10-10
1071.41943359375,RELIANCE.NS,2022-10-11
1079.3033447265625,RELIANCE.NS,2022-10-12
1082.7340087890625,RELIANCE.NS,2022-10-13
1077.2357177734375,RELIANCE.NS,2022-10-14
1094.525634765625,RELIANCE.NS,2022-10-17
1113.83740234375,RELIANCE.NS,2022-10-18
1133.21728515625,RELIANCE.NS,2022-10-19
1136.2618408203125,RELIANCE.NS,2022-10-20
1123.084228515625,RELIANCE.NS,2022-10-21
1126.8331298828125,RELIANCE.NS,2022-10-24
1109.4296875,RELIANCE.NS,2022-10-25
1113.7918701171875,RELIANCE.NS,2022-10-27
1147.87158203125,RELIANCE.NS,2022-10-28
1158.5272216796875,RELIANCE.NS,2022-10-31
1149.5528564453125,RELIANCE.NS,2022-11-01
1156.7322998046875,RELIANCE.NS,2022-11-02
1161.0491943359375,RELIANCE.NS,2022-11-03
1178.1343994140625,RELIANCE.NS,2022-11-04
1184.4276123046875,RELIANCE.NS,2022-11-07
1183.2464599609375,RELIANCE.NS,2022-11-09
1168.9329833984375,RELIANCE.NS,2022-11-10
1195.878662109375,RELIANCE.NS,2022-11-11
1190.0850830078125,RELIANCE.NS,2022-11-14
1184.7459716796875,RELIANCE.NS,2022-11-15
1177.9527587890625,RELIANCE.NS,2022-11-16
1180.997314453125,RELIANCE.NS,2022-11-17
1180.36083984375,RELIANCE.NS,2022-11-18
1159.1180419921875,RELIANCE.NS,2022-11-21
1165.547607421875,RELIANCE.NS,2022-11-22
1161.9124755859375,RELIANCE.NS,2022-11-23
1171.931884765625,RELIANCE.NS,2022-11-24
1189.4261474609375,RELIANCE.NS,2022-11-25
1230.299072265625,RELIANCE.NS,2022-11-28
1232.411865234375,RELIANCE.NS,2022-11-29
1241.1136474609375,RELIANCE.NS,2022-11-30
1237.455810546875,RELIANCE.NS,2022-12-01
1236.9332275390625,RELIANCE.NS,2022-12-02
1218.8936767578125,RELIANCE.NS,2022-12-05
1222.415283203125,RELIANCE.NS,2022-12-06
1204.3758544921875,RELIANCE.NS,2022-12-07
1203.8077392578125,RELIANCE.NS,2022-12-08
1185.5638427734375,RELIANCE.NS,2022-12-09
1187.38134765625,RELIANCE.NS,2022-12-12
1192.78857421875,RELIANCE.NS,2022-12-13
1188.471923828125,RELIANCE.NS,2022-12-14
1171.591064453125,RELIANCE.NS,2022-12-15
1165.7974853515625,RELIANCE.NS,2022-12-16
1181.110595703125,RELIANCE.NS,2022-12-19
1191.3345947265625,RELIANCE.NS,2022-12-20
1174.3857421875,RELIANCE.NS,2022-12-21
1171.3411865234375,RELIANCE.NS,2022-12-22
1136.9888916015625,RELIANCE.NS,2022-12-23
1146.91748046875,RELIANCE.NS,2022-12-26
1156.300537109375,RELIANCE.NS,2022-12-27
1156.1871337890625,RELIANCE.NS,2022-12-28
1155.66455078125,RELIANCE.NS,2022-12-29
1157.4366455078125,RELIANCE.NS,2022-12-30
1170.4779052734375,RELIANCE.NS,2023-01-02
1161.9124755859375,RELIANCE.NS,2023-01-03
1144.418212890625,RELIANCE.NS,2023-01-04
1142.3734130859375,RELIANCE.NS,2023-01-05
1152.7564697265625,RELIANCE.NS,2023-01-06
1179.974609375,RELIANCE.NS,2023-01-09
1162.52587890625,RELIANCE.NS,2023-01-10
1147.87158203125,RELIANCE.NS,2023-01-11
1123.084228515625,RELIANCE.NS,2023-01-12
1121.266845703125,RELIANCE.NS,2023-01-13
1110.5885009765625,RELIANCE.NS,2023-01-16
1126.3560791015625,RELIANCE.NS,2023-01-17
1124.492919921875,RELIANCE.NS,2023-01-18
1123.2886962890625,RELIANCE.NS,2023-01-19
1109.9295654296875,RELIANCE.NS,2023-01-20
1104.3177490234375,RELIANCE.NS,2023-01-23
1097.7972412109375,RELIANCE.NS,2023-01-24
1082.620361328125,RELIANCE.NS,2023-01-25
1062.081787109375,RELIANCE.NS,2023-01-27
1072.26025390625,RELIANCE.NS,2023-01-30
1069.579345703125,RELIANCE.NS,2023-01-31
1063.240478515625,RELIANCE.NS,2023-02-01
1057.35595703125,RELIANCE.NS,2023-02-02
1058.2874755859375,RELIANCE.NS,2023-02-03
1050.312744140625,RELIANCE.NS,2023-02-06
1047.7908935546875,RELIANCE.NS,2023-02-07
1068.7159423828125,RELIANCE.NS,2023-02-08
1070.5789794921875,RELIANCE.NS,2023-02-09
1061.763671875,RELIANCE.NS,2023-02-10
1055.7203369140625,RELIANCE.NS,2023-02-13
1080.598388671875,RELIANCE.NS,2023-02-14
1105.067626953125,RELIANCE.NS,2023-02-15
1104.2042236328125,RELIANCE.NS,2023-02-16
1108.81640625,RELIANCE.NS,2023-02-17
1097.093017578125,RELIANCE.NS,2023-02-20
1106.044677734375,RELIANCE.NS,2023-02-21
1080.9617919921875,RELIANCE.NS,2023-02-22
1075.78173828125,RELIANCE.NS,2023-02-23
1083.1429443359375,RELIANCE.NS,2023-02-24
1075.9407958984375,RELIANCE.NS,2023-02-27
1055.356689453125,RELIANCE.NS,2023-02-28
1065.0579833984375,RELIANCE.NS,2023-03-01
1056.9471435546875,RELIANCE.NS,2023-03-02
1083.9154052734375,RELIANCE.NS,2023-03-03
1094.5029296875,RELIANCE.NS,2023-03-06
1098.433349609375,RELIANCE.NS,2023-03-08
1072.032958984375,RELIANCE.NS,2023-03-09
1055.4248046875,RELIANCE.NS,2023-03-10
1038.0670166015625,RELIANCE.NS,2023-03-13
1034.181884765625,RELIANCE.NS,2023-03-14
1016.5057373046875,RELIANCE.NS,2023-03-15
1011.4393310546875,RELIANCE.NS,2023-03-16
1010.1670532226562,RELIANCE.NS,2023-03-17
1000.238525390625,RELIANCE.NS,2023-03-20
1031.341796875,RELIANCE.NS,2023-03-21
1034.4771728515625,RELIANCE.NS,2023-03-22
1021.390625,RELIANCE.NS,2023-03-23
1001.1699829101562,RELIANCE.NS,2023-03-24
1016.7330322265625,RELIANCE.NS,2023-03-27
1021.4815063476562,RELIANCE.NS,2023-03-28
1015.4380493164062,RELIANCE.NS,2023-03-29
1059.2191162109375,RELIANCE.NS,2023-03-31
1059.4007568359375,RELIANCE.NS,2023-04-03
1056.856201171875,RELIANCE.NS,2023-04-05
1063.94482421875,RELIANCE.NS,2023-04-06
1056.40185546875,RELIANCE.NS,2023-04-10
1061.6273193359375,RELIANCE.NS,2023-04-11
1066.3074951171875,RELIANCE.NS,2023-04-12
1070.3289794921875,RELIANCE.NS,2023-04-13
1075.759033203125,RELIANCE.NS,2023-04-17
1063.4449462890625,RELIANCE.NS,2023-04-18
1068.738525390625,RELIANCE.NS,2023-04-19
1066.034912109375,RELIANCE.NS,2023-04-20
1067.3753662109375,RELIANCE.NS,2023-04-21
1071.465087890625,RELIANCE.NS,2023-04-24
1079.6668701171875,RELIANCE.NS,2023-04-25
1073.328125,RELIANCE.NS,2023-04-26
1080.1212158203125,RELIANCE.NS,2023-04-27
1099.864501953125,RELIANCE.NS,2023-04-28
1109.20263671875,RELIANCE.NS,2023-05-02
1099.682861328125,RELIANCE.NS,2023-05-03
1112.360595703125,RELIANCE.NS,2023-05-04
1109.5206298828125,RELIANCE.NS,2023-05-05
1123.220703125,RELIANCE.NS,2023-05-08
1126.69677734375,RELIANCE.NS,2023-05-09
1134.4443359375,RELIANCE.NS,2023-05-10
1127.03759765625,RELIANCE.NS,2023-05-11
1128.8779296875,RELIANCE.NS,2023-05-12
1131.1043701171875,RELIANCE.NS,2023-05-15
1114.99609375,RELIANCE.NS,2023-05-16
1108.4073486328125,RELIANCE.NS,2023-05-17
1106.0218505859375,RELIANCE.NS,2023-05-18
1109.611328125,RELIANCE.NS,2023-05-19
1115.5413818359375,RELIANCE.NS,2023-05-22
1115.3369140625,RELIANCE.NS,2023-05-23
1108.839111328125,RELIANCE.NS,2023-05-24
1108.7027587890625,RELIANCE.NS,2023-05-25
1138.94287109375,RELIANCE.NS,2023-05-26
1145.3497314453125,RELIANCE.NS,2023-05-29
1145.054443359375,RELIANCE.NS,2023-05-30
1122.311767578125,RELIANCE.NS,2023-05-31
1119.2901611328125,RELIANCE.NS,2023-06-01
1115.63232421875,RELIANCE.NS,2023-06-02
1125.6517333984375,RELIANCE.NS,2023-06-05
1126.6058349609375,RELIANCE.NS,2023-06-06
1135.1485595703125,RELIANCE.NS,2023-06-07
1135.8302001953125,RELIANCE.NS,2023-06-08
1127.787353515625,RELIANCE.NS,2023-06-09
1128.7869873046875,RELIANCE.NS,2023-06-12
1145.4632568359375,RELIANCE.NS,2023-06-13
1159.549560546875,RELIANCE.NS,2023-06-14
1159.86767578125,RELIANCE.NS,2023-06-15
1171.159423828125,RELIANCE.NS,2023-06-16
1159.5269775390625,RELIANCE.NS,2023-06-19
1161.9351806640625,RELIANCE.NS,2023-06-20
1165.206787109375,RELIANCE.NS,2023-06-21
1152.1201171875,RELIANCE.NS,2023-06-22
1142.691650390625,RELIANCE.NS,2023-06-23
1133.9671630859375,RELIANCE.NS,2023-06-26
1134.376220703125,RELIANCE.NS,2023-06-27
1149.3939208984375,RELIANCE.NS,2023-06-28
1158.8226318359375,RELIANCE.NS,2023-06-30
1188.5628662109375,RELIANCE.NS,2023-07-03
1176.31689453125,RELIANCE.NS,2023-07-04
1174.3857421875,RELIANCE.NS,2023-07-05
1199.03662109375,RELIANCE.NS,2023-07-06
1196.696533203125,RELIANCE.NS,2023-07-07
1242.7947998046875,RELIANCE.NS,2023-07-10
1256.2677001953125,RELIANCE.NS,2023-07-11
1257.653564453125,RELIANCE.NS,2023-07-12
1246.4073486328125,RELIANCE.NS,2023-07-13
1245.3621826171875,RELIANCE.NS,2023-07-14
1270.80859375,RELIANCE.NS,2023-07-17
1281.60009765625,RELIANCE.NS,2023-07-18
1291.3243408203125,RELIANCE.NS,2023-07-19
1289.760498046875,RELIANCE.NS,2023-07-20
1249.834716796875,RELIANCE.NS,2023-07-21
1224.5548095703125,RELIANCE.NS,2023-07-24
1223.7672119140625,RELIANCE.NS,2023-07-25
1243.6561279296875,RELIANCE.NS,2023-07-26
1232.0870361328125,RELIANCE.NS,2023-07-27
1244.4686279296875,RELIANCE.NS,2023-07-28
1255.00390625,RELIANCE.NS,2023-07-31
1237.25634765625,RELIANCE.NS,2023-08-01
1224.0380859375,RELIANCE.NS,2023-08-02
1218.8934326171875,RELIANCE.NS,2023-08-03
1235.45947265625,RELIANCE.NS,2023-08-04
1242.49951171875,RELIANCE.NS,2023-08-07
1235.0162353515625,RELIANCE.NS,2023-08-08
1243.1639404296875,RELIANCE.NS,2023-08-09
1248.702392578125,RELIANCE.NS,2023-08-10
1253.969970703125,RELIANCE.NS,2023-08-11
1268.788330078125,RELIANCE.NS,2023-08-14
1267.7545166015625,RELIANCE.NS,2023-08-16
1249.465576171875,RELIANCE.NS,2023-08-17
1258.7208251953125,RELIANCE.NS,2023-08-18
1244.986328125,RELIANCE.NS,2023-08-21
1244.68994140625,RELIANCE.NS,2023-08-22
1246.0732421875,RELIANCE.NS,2023-08-23
1225.1258544921875,RELIANCE.NS,2023-08-24
1219.4691162109375,RELIANCE.NS,2023-08-25
1207.315673828125,RELIANCE.NS,2023-08-28
1195.755126953125,RELIANCE.NS,2023-08-29
1194.6187744140625,RELIANCE.NS,2023-08-30
1189.1595458984375,RELIANCE.NS,2023-08-31
1191.950927734375,RELIANCE.NS,2023-09-01
1190.987548828125,RELIANCE.NS,2023-09-04
1197.36083984375,RELIANCE.NS,2023-09-05
1199.8802490234375,RELIANCE.NS,2023-09-06
1201.5106201171875,RELIANCE.NS,2023-09-07
1209.51416015625,RELIANCE.NS,2023-09-08
1222.556884765625,RELIANCE.NS,2023-09-11
1204.8948974609375,RELIANCE.NS,2023-09-12
1210.9222412109375,RELIANCE.NS,2023-09-13
1212.033935546875,RELIANCE.NS,2023-09-14
1214.28173828125,RELIANCE.NS,2023-09-15
1203.7091064453125,RELIANCE.NS,2023-09-18
1176.8826904296875,RELIANCE.NS,2023-09-20
1168.31103515625,RELIANCE.NS,2023-09-21
1163.4447021484375,RELIANCE.NS,2023-09-22
1156.2811279296875,RELIANCE.NS,2023-09-25
1157.2939453125,RELIANCE.NS,2023-09-26
1170.336669921875,RELIANCE.NS,2023-09-27
1153.1439208984375,RELIANCE.NS,2023-09-28
1158.5289306640625,RELIANCE.NS,2023-09-29
1145.2637939453125,RELIANCE.NS,2023-10-03
1143.287841796875,RELIANCE.NS,2023-10-04
1143.26318359375,RELIANCE.NS,2023-10-05
1145.18994140625,RELIANCE.NS,2023-10-06
1135.4326171875,RELIANCE.NS,2023-10-09
1140.447021484375,RELIANCE.NS,2023-10-10
1158.5535888671875,RELIANCE.NS,2023-10-11
1160.70263671875,RELIANCE.NS,2023-10-12
1160.6534423828125,RELIANCE.NS,2023-10-13
1158.0596923828125,RELIANCE.NS,2023-10-16
1163.593017578125,RELIANCE.NS,2023-10-17
1148.1541748046875,RELIANCE.NS,2023-10-18
1139.33544921875,RELIANCE.NS,2023-10-19
1135.8524169921875,RELIANCE.NS,2023-10-20
1118.1162109375,RELIANCE.NS,2023-10-23
1115.5225830078125,RELIANCE.NS,2023-10-25
1099.9849853515625,RELIANCE.NS,2023-10-26
1119.4007568359375,RELIANCE.NS,2023-10-27
1142.47265625,RELIANCE.NS,2023-10-30
1130.3192138671875,RELIANCE.NS,2023-10-31
1135.0126953125,RELIANCE.NS,2023-11-01
1146.2767333984375,RELIANCE.NS,2023-11-02
1146.0296630859375,RELIANCE.NS,2023-11-03
1155.564697265625,RELIANCE.NS,2023-11-06
1148.055419921875,RELIANCE.NS,2023-11-07
1154.033203125,RELIANCE.NS,2023-11-08
1141.50927734375,RELIANCE.NS,2023-11-09
1143.6583251953125,RELIANCE.NS,2023-11-10
1143.5101318359375,RELIANCE.NS,2023-11-13
1164.1856689453125,RELIANCE.NS,2023-11-15
1166.285400390625,RELIANCE.NS,2023-11-16
1163.7412109375,RELIANCE.NS,2023-11-17
1160.6781005859375,RELIANCE.NS,2023-11-20
1175.2769775390625,RELIANCE.NS,2023-11-21
1179.87158203125,RELIANCE.NS,2023-11-22
1183.4781494140625,RELIANCE.NS,2023-11-23
1182.6876220703125,RELIANCE.NS,2023-11-24
1182.9346923828125,RELIANCE.NS,2023-11-28
1186.047119140625,RELIANCE.NS,2023-11-29
1174.560791015625,RELIANCE.NS,2023-11-30
1182.88525390625,RELIANCE.NS,2023-12-01
1195.6810302734375,RELIANCE.NS,2023-12-04
1204.3514404296875,RELIANCE.NS,2023-12-05
1215.887451171875,RELIANCE.NS,2023-12-06
1213.886474609375,RELIANCE.NS,2023-12-07
1213.244140625,RELIANCE.NS,2023-12-08
1215.0228271484375,RELIANCE.NS,2023-12-11
1197.5830078125,RELIANCE.NS,2023-12-12
1202.473876953125,RELIANCE.NS,2023-12-13
1217.39404296875,RELIANCE.NS,2023-12-14
1232.9317626953125,RELIANCE.NS,2023-12-15
1245.4803466796875,RELIANCE.NS,2023-12-18
1263.8094482421875,RELIANCE.NS,2023-12-19
1248.518798828125,RELIANCE.NS,2023-12-20
1266.0079345703125,RELIANCE.NS,2023-12-21
1267.242919921875,RELIANCE.NS,2023-12-22
1273.66552734375,RELIANCE.NS,2023-12-26
1278.01318359375,RELIANCE.NS,2023-12-27
1287.2518310546875,RELIANCE.NS,2023-12-28
1277.074462890625,RELIANCE.NS,2023-12-29
1279.69287109375,RELIANCE.NS,2024-01-01
1290.2900390625,RELIANCE.NS,2024-01-02
1276.25927734375,RELIANCE.NS,2024-01-03
1282.854736328125,RELIANCE.NS,2024-01-04
1288.3138427734375,RELIANCE.NS,2024-01-05
1278.26025390625,RELIANCE.NS,2024-01-08
1274.8759765625,RELIANCE.NS,2024-01-09
1309.261474609375,RELIANCE.NS,2024-01-10
1343.696044921875,RELIANCE.NS,2024-01-11
1354.39208984375,RELIANCE.NS,2024-01-12
1377.5130615234375,RELIANCE.NS,2024-01-15
1358.24560546875,RELIANCE.NS,2024-01-16
1345.35107421875,RELIANCE.NS,2024-01-17
1351.6500244140625,RELIANCE.NS,2024-01-18
1351.156005859375,RELIANCE.NS,2024-01-19
1312.7442626953125,RELIANCE.NS,2024-01-23
1327.8619384765625,RELIANCE.NS,2024-01-24
1336.952392578125,RELIANCE.NS,2024-01-25
1430.795654296875,RELIANCE.NS,2024-01-29
1390.8524169921875,RELIANCE.NS,2024-01-30
1409.6259765625,RELIANCE.NS,2024-01-31
1409.650634765625,RELIANCE.NS,2024-02-01
1440.3306884765625,RELIANCE.NS,2024-02-02
1421.8782958984375,RELIANCE.NS,2024-02-05
1410.7869873046875,RELIANCE.NS,2024-02-06
1424.966064453125,RELIANCE.NS,2024-02-07
1432.845947265625,RELIANCE.NS,2024-02-08
1443.344482421875,RELIANCE.NS,2024-02-09
1435.0443115234375,RELIANCE.NS,2024-02-12
1447.642578125,RELIANCE.NS,2024-02-13
1463.7236328125,RELIANCE.NS,2024-02-14
1453.076904296875,RELIANCE.NS,2024-02-15
1443.17138671875,RELIANCE.NS,2024-02-16
1456.4364013671875,RELIANCE.NS,2024-02-19
1453.496826171875,RELIANCE.NS,2024-02-20
1450.2115478515625,RELIANCE.NS,2024-02-21
1464.0941162109375,RELIANCE.NS,2024-02-22
1475.82763671875,RELIANCE.NS,2024-02-23
1469.6026611328125,RELIANCE.NS,2024-02-26
1467.94775390625,RELIANCE.NS,2024-02-27
1438.2803955078125,RELIANCE.NS,2024-02-28
1443.393798828125,RELIANCE.NS,2024-02-29
1474.345458984375,RELIANCE.NS,2024-03-01
1489.4384765625,RELIANCE.NS,2024-03-04
1482.32421875,RELIANCE.NS,2024-03-05
1485.0909423828125,RELIANCE.NS,2024-03-06
1461.302734375,RELIANCE.NS,2024-03-07
1449.12451171875,RELIANCE.NS,2024-03-11
1457.844482421875,RELIANCE.NS,2024-03-12
1415.10986328125,RELIANCE.NS,2024-03-13
1414.4180908203125,RELIANCE.NS,2024-03-14
1401.3260498046875,RELIANCE.NS,2024-03-15
1422.32275390625,RELIANCE.NS,2024-03-18
1408.267333984375,RELIANCE.NS,2024-03-19
1426.5469970703125,RELIANCE.NS,2024-03-20
1433.685791015625,RELIANCE.NS,2024-03-21
1437.6876220703125,RELIANCE.NS,2024-03-22
1424.3978271484375,RELIANCE.NS,2024-03-26
1475.061767578125,RELIANCE.NS,2024-03-27
1468.1451416015625,RELIANCE.NS,2024-03-28
1467.0831298828125,RELIANCE.NS,2024-04-01
1469.232177734375,RELIANCE.NS,2024-04-02
1454.0650634765625,RELIANCE.NS,2024-04-03
1445.4935302734375,RELIANCE.NS,2024-04-04
1442.7021484375,RELIANCE.NS,2024-04-05
1468.268798828125,RELIANCE.NS,2024-04-08
1446.2098388671875,RELIANCE.NS,2024-04-09
1461.9449462890625,RELIANCE.NS,2024-04-10
1449.6680908203125,RELIANCE.NS,2024-04-12
1447.3707275390625,RELIANCE.NS,2024-04-15
1448.2847900390625,RELIANCE.NS,2024-04-16
1446.876708984375,RELIANCE.NS,2024-04-18
1452.607666015625,RELIANCE.NS,2024-04-19
1462.2166748046875,RELIANCE.NS,2024-04-22
1441.936279296875,RELIANCE.NS,2024-04-23
1432.895263671875,RELIANCE.NS,2024-04-24
1442.57861328125,RELIANCE.NS,2024-04-25
1435.2421875,RELIANCE.NS,2024-04-26
1447.568359375,RELIANCE.NS,2024-04-29
1449.5198974609375,RELIANCE.NS,2024-04-30
1449.0753173828125,RELIANCE.NS,2024-05-02
1416.9129638671875,RELIANCE.NS,2024-05-03
1402.610595703125,RELIANCE.NS,2024-05-06
1384.775634765625,RELIANCE.NS,2024-05-07
1401.6473388671875,RELIANCE.NS,2024-05-08
1377.5130615234375,RELIANCE.NS,2024-05-09
1390.6546630859375,RELIANCE.NS,2024-05-10
1385.9859619140625,RELIANCE.NS,2024-05-13
1403.154052734375,RELIANCE.NS,2024-05-14
1399.399169921875,RELIANCE.NS,2024-05-15
1408.3660888671875,RELIANCE.NS,2024-05-16
1418.5927734375,RELIANCE.NS,2024-05-17
1419.0128173828125,RELIANCE.NS,2024-05-21
1443.2454833984375,RELIANCE.NS,2024-05-22
1468.343017578125,RELIANCE.NS,2024-05-23
1462.6119384765625,RELIANCE.NS,2024-05-24
1448.77880859375,RELIANCE.NS,2024-05-27
1438.8485107421875,RELIANCE.NS,2024-05-28
1423.607421875,RELIANCE.NS,2024-05-29
1407.8720703125,RELIANCE.NS,2024-05-30
1413.3560791015625,RELIANCE.NS,2024-05-31
1492.32861328125,RELIANCE.NS,2024-06-03
1380.625732421875,RELIANCE.NS,2024-06-04
1403.821044921875,RELIANCE.NS,2024-06-05
1414.541748046875,RELIANCE.NS,2024-06-06
1452.4346923828125,RELIANCE.NS,2024-06-07
1453.867431640625,RELIANCE.NS,2024-06-10
1439.31787109375,RELIANCE.NS,2024-06-11
1445.888671875,RELIANCE.NS,2024-06-12
1447.790771484375,RELIANCE.NS,2024-06-13
1459.944091796875,RELIANCE.NS,2024-06-14
1463.377685546875,RELIANCE.NS,2024-06-18
1441.2694091796875,RELIANCE.NS,2024-06-19
1456.139892578125,RELIANCE.NS,2024-06-20
1436.872314453125,RELIANCE.NS,2024-06-21
1424.2989501953125,RELIANCE.NS,2024-06-24
1436.822998046875,RELIANCE.NS,2024-06-25
1495.9844970703125,RELIANCE.NS,2024-06-26
1512.3126220703125,RELIANCE.NS,2024-06-27
1546.747314453125,RELIANCE.NS,2024-06-28
1541.5599365234375,RELIANCE.NS,2024-07-01
1546.525146484375,RELIANCE.NS,2024-07-02
1533.927001953125,RELIANCE.NS,2024-07-03
1535.5079345703125,RELIANCE.NS,2024-07-04
1569.6956787109375,RELIANCE.NS,2024-07-05
1581.824462890625,RELIANCE.NS,2024-07-08
1571.325927734375,RELIANCE.NS,2024-07-09
1565.3480224609375,RELIANCE.NS,2024-07-10
1561.815673828125,RELIANCE.NS,2024-07-11
1577.6990966796875,RELIANCE.NS,2024-07-12
1578.193115234375,RELIANCE.NS,2024-07-15
1557.4681396484375,RELIANCE.NS,2024-07-16
1567.7689208984375,RELIANCE.NS,2024-07-18
1536.61962890625,RELIANCE.NS,2024-07-19
1482.7935791015625,RELIANCE.NS,2024-07-22
1470.1708984375,RELIANCE.NS,2024-07-23
1477.8779296875,RELIANCE.NS,2024-07-24
1474.6171875,RELIANCE.NS,2024-07-25
1491.044189453125,RELIANCE.NS,2024-07-26
1501.9871826171875,RELIANCE.NS,2024-07-29
1495.1199951171875,RELIANCE.NS,2024-07-30
1487.4869384765625,RELIANCE.NS,2024-07-31
1497.244384765625,RELIANCE.NS,2024-08-01
1481.459716796875,RELIANCE.NS,2024-08-02
1430.079345703125,RELIANCE.NS,2024-08-05
1438.700439453125,RELIANCE.NS,2024-08-06
1447.3707275390625,RELIANCE.NS,2024-08-07
1431.8577880859375,RELIANCE.NS,2024-08-08
1456.7330322265625,RELIANCE.NS,2024-08-09
1443.2208251953125,RELIANCE.NS,2024-08-12
1446.18505859375,RELIANCE.NS,2024-08-13
1444.43115234375,RELIANCE.NS,2024-08-14
1460.5863037109375,RELIANCE.NS,2024-08-16
1475.65625,RELIANCE.NS,2024-08-19
1483.1416015625,RELIANCE.NS,2024-08-20
1485.8433837890625,RELIANCE.NS,2024-08-21
1485.2979736328125,RELIANCE.NS,2024-08-22
1487.1322021484375,RELIANCE.NS,2024-08-23
1499.6490478515625,RELIANCE.NS,2024-08-26
1487.6031494140625,RELIANCE.NS,2024-08-27
1485.4715576171875,RELIANCE.NS,2024-08-28
1507.90283203125,RELIANCE.NS,2024-08-29
1496.6995849609375,RELIANCE.NS,2024-08-30
1503.267822265625,RELIANCE.NS,2024-09-02
1496.203857421875,RELIANCE.NS,2024-09-03
1501.5823974609375,RELIANCE.NS,2024-09-04
1480.192138671875,RELIANCE.NS,2024-09-05
1452.2830810546875,RELIANCE.NS,2024-09-06
1449.9283447265625,RELIANCE.NS,2024-09-09
1449.0113525390625,RELIANCE.NS,2024-09-10
1439.0721435546875,RELIANCE.NS,2024-09-11
1467.1298828125,RELIANCE.NS,2024-09-12
1460.016357421875,RELIANCE.NS,2024-09-13
1458.752197265625,RELIANCE.NS,2024-09-16
1459.6942138671875,RELIANCE.NS,2024-09-17
1450.919921875,RELIANCE.NS,2024-09-18
1457.0916748046875,RELIANCE.NS,2024-09-19
1473.2025146484375,RELIANCE.NS,2024-09-20
1480.5887451171875,RELIANCE.NS,2024-09-23
1476.6229248046875,RELIANCE.NS,2024-09-24
1481.15869140625,RELIANCE.NS,2024-09-25
1485.12451171875,RELIANCE.NS,2024-09-26
1513.10791015625,RELIANCE.NS,2024-09-27
1463.9324951171875,RELIANCE.NS,2024-09-30
1452.2830810546875,RELIANCE.NS,2024-10-01
1394.928466796875,RELIANCE.NS,2024-10-03
1374.653564453125,RELIANCE.NS,2024-10-04
1358.9888916015625,RELIANCE.NS,2024-10-07
1385.3858642578125,RELIANCE.NS,2024-10-08
1362.8306884765625,RELIANCE.NS,2024-10-09
1359.31103515625,RELIANCE.NS,2024-10-10
1360.35205078125,RELIANCE.NS,2024-10-11
1360.7734375,RELIANCE.NS,2024-10-14
1332.5174560546875,RELIANCE.NS,2024-10-15
1342.4813232421875,RELIANCE.NS,2024-10-16
1344.811279296875,RELIANCE.NS,2024-10-17
1347.66162109375,RELIANCE.NS,2024-10-18
1357.476806640625,RELIANCE.NS,2024-10-21
1331.8482666015625,RELIANCE.NS,2024-10-22
1327.0645751953125,RELIANCE.NS,2024-10-23
1328.3287353515625,RELIANCE.NS,2024-10-24
1316.4808349609375,RELIANCE.NS,2024-10-25
1322.9251708984375,RELIANCE.NS,2024-10-28
1328.52685546875,RELIANCE.NS,2024-10-29
1332.3935546875,RELIANCE.NS,2024-10-30
1320.64501953125,RELIANCE.NS,2024-10-31
1327.1884765625,RELIANCE.NS,2024-11-01
1291.0009765625,RELIANCE.NS,2024-11-04
1294.1240234375,RELIANCE.NS,2024-11-05
1314.002197265625,RELIANCE.NS,2024-11-06
1294.470947265625,RELIANCE.NS,2024-11-07
1272.758544921875,RELIANCE.NS,2024-11-08
1261.802978515625,RELIANCE.NS,2024-11-11
1263.33984375,RELIANCE.NS,2024-11-12
1241.3299560546875,RELIANCE.NS,2024-11-13
1256.746826171875,RELIANCE.NS,2024-11-14
1249.9554443359375,RELIANCE.NS,2024-11-18
1231.0189208984375,RELIANCE.NS,2024-11-19
1212.528564453125,RELIANCE.NS,2024-11-21
1254.565673828125,RELIANCE.NS,2024-11-22
1275.9805908203125,RELIANCE.NS,2024-11-25
1284.6060791015625,RELIANCE.NS,2024-11-26
1282.1275634765625,RELIANCE.NS,2024-11-27
1259.91943359375,RELIANCE.NS,2024-11-28
1281.1361083984375,RELIANCE.NS,2024-11-29
1297.9410400390625,RELIANCE.NS,2024-12-02
1311.969970703125,RELIANCE.NS,2024-12-03
1297.74267578125,RELIANCE.NS,2024-12-04
1310.7305908203125,RELIANCE.NS,2024-12-05
1300.320556640625,RELIANCE.NS,2024-12-06
1284.0609130859375,RELIANCE.NS,2024-12-09
1273.8489990234375,RELIANCE.NS,2024-12-10
1267.2559814453125,RELIANCE.NS,2024-12-11
1252.0870361328125,RELIANCE.NS,2024-12-12
1261.9517822265625,RELIANCE.NS,2024-12-13
1257.4407958984375,RELIANCE.NS,2024-12-16
1234.6378173828125,RELIANCE.NS,2024-12-17
1242.5196533203125,RELIANCE.NS,2024-12-18
1219.914794921875,RELIANCE.NS,2024-12-19
1194.9803466796875,RELIANCE.NS,2024-12-20
1211.834716796875,RELIANCE.NS,2024-12-23
1212.2808837890625,RELIANCE.NS,2024-12-24
1206.1339111328125,RELIANCE.NS,2024-12-26
1210.595458984375,RELIANCE.NS,2024-12-27
1200.3338623046875,RELIANCE.NS,2024-12-30
1205.043212890625,RELIANCE.NS,2024-12-31
1210.7935791015625,RELIANCE.NS,2025-01-01
1231.167724609375,RELIANCE.NS,2025-01-02
1240.4376220703125,RELIANCE.NS,2025-01-03
1207.571533203125,RELIANCE.NS,2025-01-06
1230.2257080078125,RELIANCE.NS,2025-01-07
1254.664794921875,RELIANCE.NS,2025-01-08
1244.0068359375,RELIANCE.NS,2025-01-09
1231.266845703125,RELIANCE.NS,2025-01-10
1229.234375,RELIANCE.NS,2025-01-13
1228.143798828125,RELIANCE.NS,2025-01-14
1241.478515625,RELIANCE.NS,2025-01-15
1255.6065673828125,RELIANCE.NS,2025-01-16
1291.19921875,RELIANCE.NS,2025-01-17
1294.272705078125,RELIANCE.NS,2025-01-20
1262.7945556640625,RELIANCE.NS,2025-01-21
1266.16552734375,RELIANCE.NS,2025-01-22
1252.8306884765625,RELIANCE.NS,2025-01-23
1235.6292724609375,RELIANCE.NS,2025-01-24
1218.82421875,RELIANCE.NS,2025-01-27
1223.8310546875,RELIANCE.NS,2025-01-28
1224.921630859375,RELIANCE.NS,2025-01-29
1242.3214111328125,RELIANCE.NS,2025-01-30
1254.2681884765625,RELIANCE.NS,2025-01-31
1253.7724609375,RELIANCE.NS,2025-02-01
1235.232666015625,RELIANCE.NS,2025-02-03
1274.196044921875,RELIANCE.NS,2025-02-04
1267.2559814453125,RELIANCE.NS,2025-02-05
1270.577392578125,RELIANCE.NS,2025-02-06
1255.8544921875,RELIANCE.NS,2025-02-07
1242.916259765625,RELIANCE.NS,2025-02-10
1224.2772216796875,RELIANCE.NS,2025-02-11
1206.1339111328125,RELIANCE.NS,2025-02-12
1205.6876220703125,RELIANCE.NS,2025-02-13
1206.827880859375,RELIANCE.NS,2025-02-14
1214.4124755859375,RELIANCE.NS,2025-02-17
1214.908203125,RELIANCE.NS,2025-02-18
1216.9404296875,RELIANCE.NS,2025-02-19
1222.4429931640625,RELIANCE.NS,2025-02-20
1217.634521484375,RELIANCE.NS,2025-02-21
1204.151123046875,RELIANCE.NS,2025-02-24
1193.69140625,RELIANCE.NS,2025-02-25
1196.7647705078125,RELIANCE.NS,2025-02-27
1189.82470703125,RELIANCE.NS,2025-02-28
1161.2216796875,RELIANCE.NS,2025-03-03
1151.9517822265625,RELIANCE.NS,2025-03-04
1165.534423828125,RELIANCE.NS,2025-03-05
1199.2432861328125,RELIANCE.NS,2025-03-06
1239.0992431640625,RELIANCE.NS,2025-03-07
1227.796875,RELIANCE.NS,2025-03-10
1236.62060546875,RELIANCE.NS,2025-03-11
1246.2872314453125,RELIANCE.NS,2025-03-12
1237.2154541015625,RELIANCE.NS,2025-03-13
1228.242919921875,RELIANCE.NS,2025-03-17
1228.242919921875,RELIANCE.NS,2025-03-18
1236.471923828125,RELIANCE.NS,2025-03-19
1258.283447265625,RELIANCE.NS,2025-03-20
1265.421875,RELIANCE.NS,2025-03-21
1290.951416015625,RELIANCE.NS,2025-03-24
1274.4439697265625,RELIANCE.NS,2025-03-25
1262.150146484375,RELIANCE.NS,2025-03-26
1267.2559814453125,RELIANCE.NS,2025-03-27
1264.1824951171875,RELIANCE.NS,2025-03-28
1241.8751220703125,RELIANCE.NS,2025-04-01
1240.4376220703125,RELIANCE.NS,2025-04-02
1238.008544921875,RELIANCE.NS,2025-04-03
1194.38525390625,RELIANCE.NS,2025-04-04
1155.71923828125,RELIANCE.NS,2025-04-07
1172.0780029296875,RELIANCE.NS,2025-04-08
1175.2010498046875,RELIANCE.NS,2025-04-09
1208.5133056640625,RELIANCE.NS,2025-04-11
1229.4822998046875,RELIANCE.NS,2025-04-15
1228.689208984375,RELIANCE.NS,2025-04-16
1263.5877685546875,RELIANCE.NS,2025-04-17
1284.407958984375,RELIANCE.NS,2025-04-21
1280.1446533203125,RELIANCE.NS,2025-04-22
1288.869384765625,RELIANCE.NS,2025-04-23
1290.4556884765625,RELIANCE.NS,2025-04-24
1289.2659912109375,RELIANCE.NS,2025-04-25
1357.080322265625,RELIANCE.NS,2025-04-28
1387.7156982421875,RELIANCE.NS,2025-04-29
1392.9703369140625,RELIANCE.NS,2025-04-30
1407.6436767578125,RELIANCE.NS,2025-05-02
1419.0452880859375,RELIANCE.NS,2025-05-05
1408.7342529296875,RELIANCE.NS,2025-05-06
1393.9617919921875,RELIANCE.NS,2025-05-07
1394.9532470703125,RELIANCE.NS,2025-05-08
1365.408447265625,RELIANCE.NS,2025-05-09
1424.20068359375,RELIANCE.NS,2025-05-12
1403.5787353515625,RELIANCE.NS,2025-05-13
1412.2042236328125,RELIANCE.NS,2025-05-14
1441.7491455078125,RELIANCE.NS,2025-05-15
1443.9302978515625,RELIANCE.NS,2025-05-16
1428.4638671875,RELIANCE.NS,2025-05-19
1412.402587890625,RELIANCE.NS,2025-05-20
1416.963134765625,RELIANCE.NS,2025-05-21
1397.332763671875,RELIANCE.NS,2025-05-22
1414.5838623046875,RELIANCE.NS,2025-05-23
1422.5152587890625,RELIANCE.NS,2025-05-26
1409.9239501953125,RELIANCE.NS,2025-05-27
1400.802734375,RELIANCE.NS,2025-05-28
1405.660888671875,RELIANCE.NS,2025-05-29
1408.7342529296875,RELIANCE.NS,2025-05-30
1401.5958251953125,RELIANCE.NS,2025-06-02
1393.4661865234375,RELIANCE.NS,2025-06-03
1411.31201171875,RELIANCE.NS,2025-06-04
1430.0501708984375,RELIANCE.NS,2025-06-05
1431.1407470703125,RELIANCE.NS,2025-06-06
1436.3953857421875,RELIANCE.NS,2025-06-09
1426.1834716796875,RELIANCE.NS,2025-06-10
1436.4945068359375,RELIANCE.NS,2025-06-11
1429.257080078125,RELIANCE.NS,2025-06-12
1415.67431640625,RELIANCE.NS,2025-06-13
1425.4896240234375,RELIANCE.NS,2025-06-16
1418.946044921875,RELIANCE.NS,2025-06-17
1417.85546875,RELIANCE.NS,2025-06-18
1421.0281982421875,RELIANCE.NS,2025-06-19
1453.6463623046875,RELIANCE.NS,2025-06-20
1444.326904296875,RELIANCE.NS,2025-06-23
1438.3782958984375,RELIANCE.NS,2025-06-24
1454.737060546875,RELIANCE.NS,2025-06-25
1482.497314453125,RELIANCE.NS,2025-06-26
1502.4251708984375,RELIANCE.NS,2025-06-27
1487.7518310546875,RELIANCE.NS,2025-06-30
1515.3138427734375,RELIANCE.NS,2025-07-01
1505.7960205078125,RELIANCE.NS,2025-07-02
1504.8046875,RELIANCE.NS,2025-07-03
1514.223388671875,RELIANCE.NS,2025-07-04
1528.3016357421875,RELIANCE.NS,2025-07-07
1524.4349365234375,RELIANCE.NS,2025-07-08
1505.9942626953125,RELIANCE.NS,2025-07-09
1504.2095947265625,RELIANCE.NS,2025-07-10
1482.3980712890625,RELIANCE.NS,2025-07-11
1470.9964599609375,RELIANCE.NS,2025-07-14
1472.6820068359375,RELIANCE.NS,2025-07-15
1472.8802490234375,RELIANCE.NS,2025-07-16
1463.7591552734375,RELIANCE.NS,2025-07-17
1463.362548828125,RELIANCE.NS,2025-07-18
1416.3682861328125,RELIANCE.NS,2025-07-21
1400.70361328125,RELIANCE.NS,2025-07-22
1412.402587890625,RELIANCE.NS,2025-07-23
1390.888427734375,RELIANCE.NS,2025-07-24
1379.7841796875,RELIANCE.NS,2025-07-25
1375.71923828125,RELIANCE.NS,2025-07-28
1404.9666748046875,RELIANCE.NS,2025-07-29
1398.026611328125,RELIANCE.NS,2025-07-30
1378.2969970703125,RELIANCE.NS,2025-07-31
1381.76708984375,RELIANCE.NS,2025-08-01
1399.4146728515625,RELIANCE.NS,2025-08-04
1379.7841796875,RELIANCE.NS,2025-08-05
1380.874755859375,RELIANCE.NS,2025-08-06
1377.5040283203125,RELIANCE.NS,2025-08-07
1356.0888671875,RELIANCE.NS,2025-08-08
1374.331298828125,RELIANCE.NS,2025-08-11
1368.5810546875,RELIANCE.NS,2025-08-12
1370.7620849609375,RELIANCE.NS,2025-08-13
1367.4774169921875,RELIANCE.NS,2025-08-14
1375.3409423828125,RELIANCE.NS,2025-08-18
1413.564208984375,RELIANCE.NS,2025-08-19
1406.4969482421875,RELIANCE.NS,2025-08-20
1418.24267578125,RELIANCE.NS,2025-08-21
1402.71435546875,RELIANCE.NS,2025-08-22
1406.0987548828125,RELIANCE.NS,2025-08-25
1378.5262451171875,RELIANCE.NS,2025-08-26
1379.521728515625,RELIANCE.NS,2025-08-28
1350.9537353515625,RELIANCE.NS,2025-08-29
1347.6689453125,RELIANCE.NS,2025-09-01
1360.2109375,RELIANCE.NS,2025-09-02
1366.2828369140625,RELIANCE.NS,2025-09-03
1353.0440673828125,RELIANCE.NS,2025-09-04
1368.671875,RELIANCE.NS,2025-09-05
1372.15576171875,RELIANCE.NS,2025-09-08
1369.8662109375,RELIANCE.NS,2025-09-09
1370.66259765625,RELIANCE.NS,2025-09-10
1376.9337158203125,RELIANCE.NS,2025-09-11
1388.579833984375,RELIANCE.NS,2025-09-12
1392.8599853515625,RELIANCE.NS,2025-09-15
1398.8323974609375,RELIANCE.NS,2025-09-16
1407.2933349609375,RELIANCE.NS,2025-09-17
1408.4876708984375,RELIANCE.NS,2025-09-18
1400.9227294921875,RELIANCE.NS,2025-09-19
1384.199951171875,RELIANCE.NS,2025-09-22
1383.40380859375,RELIANCE.NS,2025-09-23
1376.635009765625,RELIANCE.NS,2025-09-24
1366.0838623046875,RELIANCE.NS,2025-09-25
1371.2598876953125,RELIANCE.NS,2025-09-26
1366.48193359375,RELIANCE.NS,2025-09-29
1357.722412109375,RELIANCE.NS,2025-09-30
1362.4007568359375,RELIANCE.NS,2025-10-01
1357.125244140625,RELIANCE.NS,2025-10-03
1368.671875,RELIANCE.NS,2025-10-06
1378.4267578125,RELIANCE.NS,2025-10-07
1361.1068115234375,RELIANCE.NS,2025-10-08
1371.458984375,RELIANCE.NS,2025-10-09
1375.3409423828125,RELIANCE.NS,2025-10-10
1368.671875,RELIANCE.NS,2025-10-13
1369.5677490234375,RELIANCE.NS,2025-10-14
1367.97509765625,RELIANCE.NS,2025-10-15
1391.8646240234375,RELIANCE.NS,2025-10-16
1410.279541015625,RELIANCE.NS,2025-10-17
1460.04931640625,RELIANCE.NS,2025-10-20
1458.4566650390625,RELIANCE.NS,2025-10-21
1441.7340087890625,RELIANCE.NS,2025-10-23
1444.9193115234375,RELIANCE.NS,2025-10-24
1477.2696533203125,RELIANCE.NS,2025-10-27
1480.056884765625,RELIANCE.NS,2025-10-28
1497.277099609375,RELIANCE.NS,2025-10-29
1481.6494140625,RELIANCE.NS,2025-10-30
1479.5592041015625,RELIANCE.NS,2025-10-31
1477.866943359375,RELIANCE.NS,2025-11-03
1466.3203125,RELIANCE.NS,2025-11-04
1489.2144775390625,RELIANCE.NS,2025-11-06
1471.19775390625,RELIANCE.NS,2025-11-07
1482.44580078125,RELIANCE.NS,2025-11-10
1486.5269775390625,RELIANCE.NS,2025-11-11
1504.5435791015625,RELIANCE.NS,2025-11-12
1503.9464111328125,RELIANCE.NS,2025-11-13
1511.9095458984375,RELIANCE.NS,2025-11-14
1511.3123779296875,RELIANCE.NS,2025-11-17
1512.4072265625,RELIANCE.NS,2025-11-18
1511.9095458984375,RELIANCE.NS,2025-11-19
1541.9705810546875,RELIANCE.NS,2025-11-20
1539.4820556640625,RELIANCE.NS,2025-11-21
1528.831298828125,RELIANCE.NS,2025-11-24
1532.61376953125,RELIANCE.NS,2025-11-25
1562.6748046875,RELIANCE.NS,2025-11-26
1556.2047119140625,RELIANCE.NS,2025-11-27
1560.285888671875,RELIANCE.NS,2025-11-28
1558.892333984375,RELIANCE.NS,2025-12-01
1539.1834716796875,RELIANCE.NS,2025-12-02
1531.718017578125,RELIANCE.NS,2025-12-03
1528.53271484375,RELIANCE.NS,2025-12-04
1533.5096435546875,RELIANCE.NS,2025-12-05
1535.898681640625,RELIANCE.NS,2025-12-08
1522.3612060546875,RELIANCE.NS,2025-12-09
1529.8267822265625,RELIANCE.NS,2025-12-10
1537.889404296875,RELIANCE.NS,2025-12-11
1549.3365478515625,RELIANCE.NS,2025-12-12
1549.037841796875,RELIANCE.NS,2025-12-15
1535.201904296875,RELIANCE.NS,2025-12-16
1537.292236328125,RELIANCE.NS,2025-12-17
1537.292236328125,RELIANCE.NS,2025-12-18
1557.8968505859375,RELIANCE.NS,2025-12-19
1568.1495361328125,RELIANCE.NS,2025-12-22
1563.4710693359375,RELIANCE.NS,2025-12-23
1551.0286865234375,RELIANCE.NS,2025-12-24
1552.0240478515625,RELIANCE.NS,2025-12-26
1538.4866943359375,RELIANCE.NS,2025-12-29
1532.71337890625,RELIANCE.NS,2025-12-30
1563.172607421875,RELIANCE.NS,2025-12-31
1568.3485107421875,RELIANCE.NS,2026-01-01
1584.9718017578125,RELIANCE.NS,2026-01-02
1570.8370361328125,RELIANCE.NS,2026-01-05
1500.6614990234375,RELIANCE.NS,2026-01-06
1497.277099609375,RELIANCE.NS,2026-01-07
1463.831787109375,RELIANCE.NS,2026-01-08
1468.51025390625,RELIANCE.NS,2026-01-09
1476.373779296875,RELIANCE.NS,2026-01-12
1446.11376953125,RELIANCE.NS,2026-01-13
1452.086181640625,RELIANCE.NS,2026-01-14
1452.086181640625,RELIANCE.NS,2026-01-15
1451.1903076171875,RELIANCE.NS,2026-01-16
1407.0941162109375,RELIANCE.NS,2026-01-19
1387.5843505859375,RELIANCE.NS,2026-01-20
1398.1356201171875,RELIANCE.NS,2026-01-21
1396.0452880859375,RELIANCE.NS,2026-01-22
1379.720703125,RELIANCE.NS,2026-01-23
1374.146484375,RELIANCE.NS,2026-01-27
1390.2718505859375,RELIANCE.NS,2026-01-28
1384.59814453125,RELIANCE.NS,2026-01-29
1388.9779052734375,RELIANCE.NS,2026-01-30
1384.0009765625,RELIANCE.NS,2026-02-02
1430.4859619140625,RELIANCE.NS,2026-02-03
1450.095458984375,RELIANCE.NS,2026-02-04
1436.757080078125,RELIANCE.NS,2026-02-05
1444.123046875,RELIANCE.NS,2026-02-06
1454.873291015625,RELIANCE.NS,2026-02-09
1451.7874755859375,RELIANCE.NS,2026-02-10
1461.9405517578125,RELIANCE.NS,2026-02-11
1442.231689453125,RELIANCE.NS,2026-02-12
1413.0665283203125,RELIANCE.NS,2026-02-13
1430.4859619140625,RELIANCE.NS,2026-02-16
1416.450927734375,RELIANCE.NS,2026-02-17
1434.666748046875,RELIANCE.NS,2026-02-18
1403.0130615234375,RELIANCE.NS,2026-02-19
1412.8675537109375,RELIANCE.NS,2026-02-20
1421.4278564453125,RELIANCE.NS,2026-02-23
1422.2242431640625,RELIANCE.NS,2026-02-24
1392.063720703125,RELIANCE.NS,2026-02-25
1400.3255615234375,RELIANCE.NS,2026-02-26
1387.48486328125,RELIANCE.NS,2026-02-27
1351.75,RELIANCE.NS,2026-03-02
1338.8099365234375,RELIANCE.NS,2026-03-04
1383.005615234375,RELIANCE.NS,2026-03-05
1398.334716796875,RELIANCE.NS,2026-03-06
1417.4462890625,RELIANCE.NS,2026-03-09
1402.3162841796875,RELIANCE.NS,2026-03-10
1383.8017578125,RELIANCE.NS,2026-03-11
1385.7926025390625,RELIANCE.NS,2026-03-12
1374.3455810546875,RELIANCE.NS,2026-03-13
1388.6793212890625,RELIANCE.NS,2026-03-16
1391.167724609375,RELIANCE.NS,2026-03-17
1401.6195068359375,RELIANCE.NS,2026-03-18
1378.4267578125,RELIANCE.NS,2026-03-19
1407.8905029296875,RELIANCE.NS,2026-03-20
1401.3209228515625,RELIANCE.NS,2026-03-23
1405.302490234375,RELIANCE.NS,2026-03-24
1406.596435546875,RELIANCE.NS,2026-03-25
1341.8956298828125,RELIANCE.NS,2026-03-27
1337.7149658203125,RELIANCE.NS,2026-03-30
1362.8984375,RELIANCE.NS,2026-04-01
1344.2845458984375,RELIANCE.NS,2026-04-02
1298.6953125,RELIANCE.NS,2026-04-06
1298.5958251953125,RELIANCE.NS,2026-04-07
1341.5970458984375,RELIANCE.NS,2026-04-08
1323.87890625,RELIANCE.NS,2026-04-09
1343.9859619140625,RELIANCE.NS,2026-04-10
1309.0474853515625,RELIANCE.NS,2026-04-13
1337.9140625,RELIANCE.NS,2026-04-15
1337.1177978515625,RELIANCE.NS,2026-04-16
1358.7178955078125,RELIANCE.NS,2026-04-17
1357.0257568359375,RELIANCE.NS,2026-04-20
1347.07177734375,RELIANCE.NS,2026-04-21
1355.8311767578125,RELIANCE.NS,2026-04-22
1337.21728515625,RELIANCE.NS,2026-04-23
1321.6890869140625,RELIANCE.NS,2026-04-24
1359.51416015625,RELIANCE.NS,2026-04-27
1382.5078125,RELIANCE.NS,2026-04-28
1418.83984375,RELIANCE.NS,2026-04-29
1424.215087890625,RELIANCE.NS,2026-04-30
1424.215087890625,RELIANCE.NS,2026-05-01
1456.3663330078125,RELIANCE.NS,2026-05-04
1456.864013671875,RELIANCE.NS,2026-05-05
1431.2823486328125,RELIANCE.NS,2026-05-06
1429.590087890625,RELIANCE.NS,2026-05-07
1428.5947265625,RELIANCE.NS,2026-05-08
1381.81103515625,RELIANCE.NS,2026-05-11
1357.722412109375,RELIANCE.NS,2026-05-12
1352.54638671875,RELIANCE.NS,2026-05-13
1355.5325927734375,RELIANCE.NS,2026-05-14
1330.24951171875,RELIANCE.NS,2026-05-15
1329.7518310546875,RELIANCE.NS,2026-05-18
1316.6124267578125,RELIANCE.NS,2026-05-19
1353.442138671875,RELIANCE.NS,2026-05-20
1343.388671875,RELIANCE.NS,2026-05-21
1348.26611328125,RELIANCE.NS,2026-05-22
1360.7086181640625,RELIANCE.NS,2026-05-25
1350.0579833984375,RELIANCE.NS,2026-05-26
1344.2845458984375,RELIANCE.NS,2026-05-27
1344.2845458984375,RELIANCE.NS,2026-05-28
1315.119384765625,RELIANCE.NS,2026-05-29
1313.9249267578125,RELIANCE.NS,2026-06-01
1308.5498046875,RELIANCE.NS,2026-06-02
1307.15625,RELIANCE.NS,2026-06-03
1297.699951171875,RELIANCE.NS,2026-06-04
1291.0,RELIANCE.NS,2026-06-05
1263.300048828125,RELIANCE.NS,2026-06-08
1269.199951171875,RELIANCE.NS,2026-06-09
1258.800048828125,RELIANCE.NS,2026-06-10
1263.0,RELIANCE.NS,2026-06-11
1293.0,RELIANCE.NS,2026-06-12
1307.0,RELIANCE.NS,2026-06-15
1328.800048828125,RELIANCE.NS,2026-06-16
1332.699951171875,RELIANCE.NS,2026-06-17
1328.0999755859375,RELIANCE.NS,2026-06-18
1309.5,RELIANCE.NS,2026-06-19
1326.5,RELIANCE.NS,2026-06-22
1309.5,RELIANCE.NS,2026-06-23
1313.5999755859375,RELIANCE.NS,2026-06-24
1318.0999755859375,RELIANCE.NS,2026-06-25
1318.0999755859375,RELIANCE.NS,2026-06-26
1301.0,RELIANCE.NS,2026-06-29
862.8656005859375,M&M.NS,2022-05-20
899.239990234375,M&M.NS,2022-05-23
903.9658203125,M&M.NS,2022-05-24
886.3514404296875,M&M.NS,2022-05-25
887.68798828125,M&M.NS,2022-05-26
909.6939697265625,M&M.NS,2022-05-27
953.1331787109375,M&M.NS,2022-05-30
987.502685546875,M&M.NS,2022-05-31
999.9140014648438,M&M.NS,2022-06-01
997.2409057617188,M&M.NS,2022-06-02
982.0609741210938,M&M.NS,2022-06-03
989.0302124023438,M&M.NS,2022-06-06
995.3314819335938,M&M.NS,2022-06-07
997.6703491210938,M&M.NS,2022-06-08
997.7659301757812,M&M.NS,2022-06-09
989.555419921875,M&M.NS,2022-06-10
958.8137817382812,M&M.NS,2022-06-13
973.086669921875,M&M.NS,2022-06-14
979.0535888671875,M&M.NS,2022-06-15
959.7207641601562,M&M.NS,2022-06-16
952.4649658203125,M&M.NS,2022-06-17
938.1920776367188,M&M.NS,2022-06-20
952.7514038085938,M&M.NS,2022-06-21
939.2423095703125,M&M.NS,2022-06-22
981.1539306640625,M&M.NS,2022-06-23
1023.4953002929688,M&M.NS,2022-06-24
1033.662841796875,M&M.NS,2022-06-27
1061.635986328125,M&M.NS,2022-06-28
1061.3970947265625,M&M.NS,2022-06-29
1043.6396484375,M&M.NS,2022-06-30
1057.1964111328125,M&M.NS,2022-07-01
1041.77783203125,M&M.NS,2022-07-04
1032.9468994140625,M&M.NS,2022-07-05
1054.5233154296875,M&M.NS,2022-07-06
1081.9713134765625,M&M.NS,2022-07-07
1082.257568359375,M&M.NS,2022-07-08
1112.2833251953125,M&M.NS,2022-07-11
1094.7164306640625,M&M.NS,2022-07-12
1088.701904296875,M&M.NS,2022-07-13
1102.059814453125,M&M.NS,2022-07-14
1130.849609375,M&M.NS,2022-07-15
1122.07275390625,M&M.NS,2022-07-18
1144.1109619140625,M&M.NS,2022-07-19
1124.2427978515625,M&M.NS,2022-07-20
1133.405517578125,M&M.NS,2022-07-21
1139.14404296875,M&M.NS,2022-07-22
1095.50146484375,M&M.NS,2022-07-25
1095.6461181640625,M&M.NS,2022-07-26
1097.6715087890625,M&M.NS,2022-07-27
1108.3289794921875,M&M.NS,2022-07-28
1123.08544921875,M&M.NS,2022-07-29
1193.78173828125,M&M.NS,2022-08-01
1209.9366455078125,M&M.NS,2022-08-02
1209.1650390625,M&M.NS,2022-08-03
1216.9775390625,M&M.NS,2022-08-04
1191.9974365234375,M&M.NS,2022-08-05
1231.34814453125,M&M.NS,2022-08-08
1223.0054931640625,M&M.NS,2022-08-10
1221.220947265625,M&M.NS,2022-08-11
1214.7108154296875,M&M.NS,2022-08-12
1242.5361328125,M&M.NS,2022-08-16
1228.985107421875,M&M.NS,2022-08-17
1216.3504638671875,M&M.NS,2022-08-18
1195.3731689453125,M&M.NS,2022-08-19
1183.124267578125,M&M.NS,2022-08-22
1227.8759765625,M&M.NS,2022-08-23
1223.24658203125,M&M.NS,2022-08-24
1214.90380859375,M&M.NS,2022-08-25
1229.3709716796875,M&M.NS,2022-08-26
1231.444580078125,M&M.NS,2022-08-29
1262.2113037109375,M&M.NS,2022-08-30
1265.4423828125,M&M.NS,2022-09-01
1269.2037353515625,M&M.NS,2022-09-02
1273.6405029296875,M&M.NS,2022-09-05
1259.9930419921875,M&M.NS,2022-09-06
1243.88623046875,M&M.NS,2022-09-07
1274.942626953125,M&M.NS,2022-09-08
1255.026123046875,M&M.NS,2022-09-09
1250.975341796875,M&M.NS,2022-09-12
1253.67578125,M&M.NS,2022-09-13
1251.9398193359375,M&M.NS,2022-09-14
1250.975341796875,M&M.NS,2022-09-15
1205.693115234375,M&M.NS,2022-09-16
1242.87353515625,M&M.NS,2022-09-19
1256.6656494140625,M&M.NS,2022-09-20
1260.234130859375,M&M.NS,2022-09-21
1263.85107421875,M&M.NS,2022-09-22
1227.1043701171875,M&M.NS,2022-09-23
1192.479736328125,M&M.NS,2022-09-26
1191.852783203125,M&M.NS,2022-09-27
1198.2664794921875,M&M.NS,2022-09-28
1213.64990234375,M&M.NS,2022-09-29
1223.1500244140625,M&M.NS,2022-09-30
1206.8984375,M&M.NS,2022-10-03
1215.578857421875,M&M.NS,2022-10-04
1212.2513427734375,M&M.NS,2022-10-06
1194.842529296875,M&M.NS,2022-10-07
1198.84521484375,M&M.NS,2022-10-10
1185.873046875,M&M.NS,2022-10-11
1203.5712890625,M&M.NS,2022-10-12
1203.860595703125,M&M.NS,2022-10-13
1186.596435546875,M&M.NS,2022-10-14
1186.3070068359375,M&M.NS,2022-10-17
1209.26171875,M&M.NS,2022-10-18
1204.053466796875,M&M.NS,2022-10-19
1205.596435546875,M&M.NS,2022-10-20
1212.1068115234375,M&M.NS,2022-10-21
1225.80224609375,M&M.NS,2022-10-24
1235.881103515625,M&M.NS,2022-10-25
1248.17822265625,M&M.NS,2022-10-27
1265.0565185546875,M&M.NS,2022-10-28
1300.69384765625,M&M.NS,2022-10-31
1305.950439453125,M&M.NS,2022-11-01
1304.310791015625,M&M.NS,2022-11-02
1287.962890625,M&M.NS,2022-11-03
1290.7598876953125,M&M.NS,2022-11-04
1303.2982177734375,M&M.NS,2022-11-07
1290.03662109375,M&M.NS,2022-11-09
1252.0843505859375,M&M.NS,2022-11-10
1241.3785400390625,M&M.NS,2022-11-11
1232.74658203125,M&M.NS,2022-11-14
1245.815185546875,M&M.NS,2022-11-15
1240.9927978515625,M&M.NS,2022-11-16
1214.614501953125,M&M.NS,2022-11-17
1183.5582275390625,M&M.NS,2022-11-18
1174.9744873046875,M&M.NS,2022-11-21
1184.81201171875,M&M.NS,2022-11-22
1191.804443359375,M&M.NS,2022-11-23
1209.5028076171875,M&M.NS,2022-11-24
1216.012939453125,M&M.NS,2022-11-25
1206.271728515625,M&M.NS,2022-11-28
1212.4443359375,M&M.NS,2022-11-29
1259.221435546875,M&M.NS,2022-11-30
1247.503173828125,M&M.NS,2022-12-01
1219.677978515625,M&M.NS,2022-12-02
1215.0484619140625,M&M.NS,2022-12-05
1218.182861328125,M&M.NS,2022-12-06
1221.60693359375,M&M.NS,2022-12-07
1229.08154296875,M&M.NS,2022-12-08
1220.4495849609375,M&M.NS,2022-12-09
1219.099365234375,M&M.NS,2022-12-12
1237.7618408203125,M&M.NS,2022-12-13
1240.751708984375,M&M.NS,2022-12-14
1241.2340087890625,M&M.NS,2022-12-15
1207.1396484375,M&M.NS,2022-12-16
1244.802734375,M&M.NS,2022-12-19
1229.94970703125,M&M.NS,2022-12-20
1220.73876953125,M&M.NS,2022-12-21
1190.11669921875,M&M.NS,2022-12-22
1181.0987548828125,M&M.NS,2022-12-23
1193.106689453125,M&M.NS,2022-12-26
1190.4061279296875,M&M.NS,2022-12-27
1207.8629150390625,M&M.NS,2022-12-28
1217.5078125,M&M.NS,2022-12-29
1204.824951171875,M&M.NS,2022-12-30
1217.989990234375,M&M.NS,2023-01-02
1204.9215087890625,M&M.NS,2023-01-03
1192.286865234375,M&M.NS,2023-01-04
1208.1524658203125,M&M.NS,2023-01-05
1219.9671630859375,M&M.NS,2023-01-06
1263.802734375,M&M.NS,2023-01-09
1268.191162109375,M&M.NS,2023-01-10
1265.9727783203125,M&M.NS,2023-01-11
1273.013671875,M&M.NS,2023-01-12
1280.970458984375,M&M.NS,2023-01-13
1268.8662109375,M&M.NS,2023-01-16
1273.9298095703125,M&M.NS,2023-01-17
1275.1834716796875,M&M.NS,2023-01-18
1272.6759033203125,M&M.NS,2023-01-19
1268.0465087890625,M&M.NS,2023-01-20
1281.2596435546875,M&M.NS,2023-01-23
1276.8714599609375,M&M.NS,2023-01-24
1264.9119873046875,M&M.NS,2023-01-25
1273.302734375,M&M.NS,2023-01-27
1284.2979736328125,M&M.NS,2023-01-30
1329.77294921875,M&M.NS,2023-01-31
1304.021484375,M&M.NS,2023-02-01
1304.3590087890625,M&M.NS,2023-02-02
1338.6944580078125,M&M.NS,2023-02-03
1327.12060546875,M&M.NS,2023-02-06
1318.1510009765625,M&M.NS,2023-02-07
1324.275634765625,M&M.NS,2023-02-08
1323.45556640625,M&M.NS,2023-02-09
1316.9454345703125,M&M.NS,2023-02-10
1304.9376220703125,M&M.NS,2023-02-13
1314.7271728515625,M&M.NS,2023-02-14
1330.3515625,M&M.NS,2023-02-15
1319.5494384765625,M&M.NS,2023-02-16
1293.84619140625,M&M.NS,2023-02-17
1298.427490234375,M&M.NS,2023-02-20
1303.8284912109375,M&M.NS,2023-02-21
1272.86865234375,M&M.NS,2023-02-22
1267.2747802734375,M&M.NS,2023-02-23
1234.7236328125,M&M.NS,2023-02-24
1212.733642578125,M&M.NS,2023-02-27
1224.5003662109375,M&M.NS,2023-02-28
1226.959716796875,M&M.NS,2023-03-01
1207.091552734375,M&M.NS,2023-03-02
1223.5357666015625,M&M.NS,2023-03-03
1225.320068359375,M&M.NS,2023-03-06
1244.1273193359375,M&M.NS,2023-03-08
1203.812255859375,M&M.NS,2023-03-09
1183.124267578125,M&M.NS,2023-03-10
1151.0552978515625,M&M.NS,2023-03-13
1119.565185546875,M&M.NS,2023-03-14
1119.1312255859375,M&M.NS,2023-03-15
1125.5931396484375,M&M.NS,2023-03-16
1129.885009765625,M&M.NS,2023-03-17
1126.171875,M&M.NS,2023-03-20
1119.0830078125,M&M.NS,2023-03-21
1122.748046875,M&M.NS,2023-03-22
1123.56787109375,M&M.NS,2023-03-23
1109.92041015625,M&M.NS,2023-03-24
1097.4786376953125,M&M.NS,2023-03-27
1088.2197265625,M&M.NS,2023-03-28
1103.6513671875,M&M.NS,2023-03-29
1117.5396728515625,M&M.NS,2023-03-31
1128.3419189453125,M&M.NS,2023-04-03
1114.4051513671875,M&M.NS,2023-04-05
1129.64404296875,M&M.NS,2023-04-06
1146.377685546875,M&M.NS,2023-04-10
1159.0123291015625,M&M.NS,2023-04-11
1164.461669921875,M&M.NS,2023-04-12
1161.7611083984375,M&M.NS,2023-04-13
1169.8626708984375,M&M.NS,2023-04-17
1161.9056396484375,M&M.NS,2023-04-18
1172.322021484375,M&M.NS,2023-04-19
1175.31201171875,M&M.NS,2023-04-20
1169.669677734375,M&M.NS,2023-04-21
1164.847412109375,M&M.NS,2023-04-24
1166.8726806640625,M&M.NS,2023-04-25
1170.44140625,M&M.NS,2023-04-26
1180.5201416015625,M&M.NS,2023-04-27
1183.3172607421875,M&M.NS,2023-04-28
1193.3477783203125,M&M.NS,2023-05-02
1191.563232421875,M&M.NS,2023-05-03
1187.9466552734375,M&M.NS,2023-05-04
1168.1746826171875,M&M.NS,2023-05-05
1188.04296875,M&M.NS,2023-05-08
1201.2081298828125,M&M.NS,2023-05-09
1204.2945556640625,M&M.NS,2023-05-10
1206.850341796875,M&M.NS,2023-05-11
1230.6246337890625,M&M.NS,2023-05-12
1239.980224609375,M&M.NS,2023-05-15
1217.604248046875,M&M.NS,2023-05-16
1218.231201171875,M&M.NS,2023-05-17
1201.25634765625,M&M.NS,2023-05-18
1215.627197265625,M&M.NS,2023-05-19
1220.5941162109375,M&M.NS,2023-05-22
1223.4876708984375,M&M.NS,2023-05-23
1230.3836669921875,M&M.NS,2023-05-24
1232.4090576171875,M&M.NS,2023-05-25
1236.3150634765625,M&M.NS,2023-05-26
1282.8994140625,M&M.NS,2023-05-29
1281.2596435546875,M&M.NS,2023-05-30
1272.1455078125,M&M.NS,2023-05-31
1272.0489501953125,M&M.NS,2023-06-01
1293.7498779296875,M&M.NS,2023-06-02
1345.83154296875,M&M.NS,2023-06-05
1361.0703125,M&M.NS,2023-06-06
1356.4407958984375,M&M.NS,2023-06-07
1331.9913330078125,M&M.NS,2023-06-08
1321.9608154296875,M&M.NS,2023-06-09
1332.3289794921875,M&M.NS,2023-06-12
1324.3719482421875,M&M.NS,2023-06-13
1329.6766357421875,M&M.NS,2023-06-14
1343.275634765625,M&M.NS,2023-06-15
1353.981201171875,M&M.NS,2023-06-16
1352.7275390625,M&M.NS,2023-06-19
1346.84423828125,M&M.NS,2023-06-20
1325.4327392578125,M&M.NS,2023-06-21
1329.724609375,M&M.NS,2023-06-22
1324.4683837890625,M&M.NS,2023-06-23
1348.001708984375,M&M.NS,2023-06-26
1352.5830078125,M&M.NS,2023-06-27
1345.4456787109375,M&M.NS,2023-06-28
1401.964111328125,M&M.NS,2023-06-30
1415.804443359375,M&M.NS,2023-07-03
1412.4285888671875,M&M.NS,2023-07-04
1422.9415283203125,M&M.NS,2023-07-05
1493.7823486328125,M&M.NS,2023-07-06
1508.587158203125,M&M.NS,2023-07-07
1496.2900390625,M&M.NS,2023-07-10
1513.69873046875,M&M.NS,2023-07-11
1515.049072265625,M&M.NS,2023-07-12
1511.2393798828125,M&M.NS,2023-07-13
1507.24365234375,M&M.NS,2023-07-14
1497.254150390625,M&M.NS,2023-07-17
1495.69482421875,M&M.NS,2023-07-18
1505.1968994140625,M&M.NS,2023-07-19
1506.073974609375,M&M.NS,2023-07-20
1484.7794189453125,M&M.NS,2023-07-21
1507.535888671875,M&M.NS,2023-07-24
1525.95556640625,M&M.NS,2023-07-25
1505.5867919921875,M&M.NS,2023-07-26
1410.613525390625,M&M.NS,2023-07-27
1430.4951171875,M&M.NS,2023-07-28
1437.7069091796875,M&M.NS,2023-07-31
1455.3956298828125,M&M.NS,2023-08-01
1447.55029296875,M&M.NS,2023-08-02
1431.810791015625,M&M.NS,2023-08-03
1427.4251708984375,M&M.NS,2023-08-04
1488.0931396484375,M&M.NS,2023-08-07
1461.5843505859375,M&M.NS,2023-08-08
1495.7435302734375,M&M.NS,2023-08-09
1506.122802734375,M&M.NS,2023-08-10
1507.14599609375,M&M.NS,2023-08-11
1507.535888671875,M&M.NS,2023-08-14
1530.682373046875,M&M.NS,2023-08-16
1533.508544921875,M&M.NS,2023-08-17
1513.1885986328125,M&M.NS,2023-08-18
1499.447021484375,M&M.NS,2023-08-21
1511.0931396484375,M&M.NS,2023-08-22
1503.247802734375,M&M.NS,2023-08-23
1503.0040283203125,M&M.NS,2023-08-24
1481.4171142578125,M&M.NS,2023-08-25
1509.875,M&M.NS,2023-08-28
1521.1800537109375,M&M.NS,2023-08-29
1542.9620361328125,M&M.NS,2023-08-30
1535.3602294921875,M&M.NS,2023-08-31
1551.48974609375,M&M.NS,2023-09-01
1536.3349609375,M&M.NS,2023-09-04
1531.2183837890625,M&M.NS,2023-09-05
1536.919677734375,M&M.NS,2023-09-06
1525.95556640625,M&M.NS,2023-09-07
1527.7098388671875,M&M.NS,2023-09-08
1541.89013671875,M&M.NS,2023-09-11
1518.3538818359375,M&M.NS,2023-09-12
1497.8875732421875,M&M.NS,2023-09-13
1526.19921875,M&M.NS,2023-09-14
1560.4071044921875,M&M.NS,2023-09-15
1599.7315673828125,M&M.NS,2023-09-18
1592.470947265625,M&M.NS,2023-09-20
1543.0108642578125,M&M.NS,2023-09-21
1566.3033447265625,M&M.NS,2023-09-22
1549.05322265625,M&M.NS,2023-09-25
1554.6571044921875,M&M.NS,2023-09-26
1548.8095703125,M&M.NS,2023-09-27
1516.5023193359375,M&M.NS,2023-09-28
1514.7479248046875,M&M.NS,2023-09-29
1498.326171875,M&M.NS,2023-10-03
1483.4149169921875,M&M.NS,2023-10-04
1498.862060546875,M&M.NS,2023-10-05
1509.485107421875,M&M.NS,2023-10-06
1476.6904296875,M&M.NS,2023-10-09
1498.7647705078125,M&M.NS,2023-10-10
1516.745849609375,M&M.NS,2023-10-11
1526.832763671875,M&M.NS,2023-10-12
1522.7393798828125,M&M.NS,2023-10-13
1534.531982421875,M&M.NS,2023-10-16
1536.52978515625,M&M.NS,2023-10-17
1534.8243408203125,M&M.NS,2023-10-18
1529.658935546875,M&M.NS,2023-10-19
1518.646240234375,M&M.NS,2023-10-20
1525.3709716796875,M&M.NS,2023-10-23
1529.220458984375,M&M.NS,2023-10-25
1467.8216552734375,M&M.NS,2023-10-26
1472.4022216796875,M&M.NS,2023-10-27
1459.732666015625,M&M.NS,2023-10-30
1421.52880859375,M&M.NS,2023-10-31
1417.6304931640625,M&M.NS,2023-11-01
1432.3466796875,M&M.NS,2023-11-02
1431.6644287109375,M&M.NS,2023-11-03
1450.4739990234375,M&M.NS,2023-11-06
1442.141357421875,M&M.NS,2023-11-07
1449.5970458984375,M&M.NS,2023-11-08
1512.603759765625,M&M.NS,2023-11-09
1485.3641357421875,M&M.NS,2023-11-10
1501.1036376953125,M&M.NS,2023-11-13
1504.9046630859375,M&M.NS,2023-11-15
1529.6103515625,M&M.NS,2023-11-16
1544.2779541015625,M&M.NS,2023-11-17
1512.75,M&M.NS,2023-11-20
1520.1080322265625,M&M.NS,2023-11-21
1504.2222900390625,M&M.NS,2023-11-22
1506.5614013671875,M&M.NS,2023-11-23
1513.7244873046875,M&M.NS,2023-11-24
1526.248046875,M&M.NS,2023-11-28
1577.94970703125,M&M.NS,2023-11-29
1605.87158203125,M&M.NS,2023-11-30
1584.18701171875,M&M.NS,2023-12-01
1614.7401123046875,M&M.NS,2023-12-04
1643.1981201171875,M&M.NS,2023-12-05
1659.132568359375,M&M.NS,2023-12-06
1649.63037109375,M&M.NS,2023-12-07
1626.142822265625,M&M.NS,2023-12-08
1610.2083740234375,M&M.NS,2023-12-11
1593.83544921875,M&M.NS,2023-12-12
1623.8038330078125,M&M.NS,2023-12-13
1660.2532958984375,M&M.NS,2023-12-14
1681.109375,M&M.NS,2023-12-15
1667.319091796875,M&M.NS,2023-12-18
1656.16015625,M&M.NS,2023-12-19
1605.0919189453125,M&M.NS,2023-12-20
1592.3248291015625,M&M.NS,2023-12-21
1592.714599609375,M&M.NS,2023-12-22
1620.0029296875,M&M.NS,2023-12-26
1645.0498046875,M&M.NS,2023-12-27
1690.3680419921875,M&M.NS,2023-12-28
1685.4464111328125,M&M.NS,2023-12-29
1660.0098876953125,M&M.NS,2024-01-01
1614.106689453125,M&M.NS,2024-01-02
1613.1810302734375,M&M.NS,2024-01-03
1599.975341796875,M&M.NS,2024-01-04
1600.2677001953125,M&M.NS,2024-01-05
1575.07470703125,M&M.NS,2024-01-08
1588.4752197265625,M&M.NS,2024-01-09
1591.3016357421875,M&M.NS,2024-01-10
1587.257080078125,M&M.NS,2024-01-11
1583.1636962890625,M&M.NS,2024-01-12
1593.9815673828125,M&M.NS,2024-01-15
1579.1678466796875,M&M.NS,2024-01-16
1557.093505859375,M&M.NS,2024-01-17
1576.146728515625,M&M.NS,2024-01-18
1613.4732666015625,M&M.NS,2024-01-19
1554.6571044921875,M&M.NS,2024-01-23
1586.720947265625,M&M.NS,2024-01-24
1593.932861328125,M&M.NS,2024-01-25
1598.318603515625,M&M.NS,2024-01-29
1579.1678466796875,M&M.NS,2024-01-30
1609.574951171875,M&M.NS,2024-01-31
1609.1851806640625,M&M.NS,2024-02-01
1618.5411376953125,M&M.NS,2024-02-02
1660.2532958984375,M&M.NS,2024-02-05
1683.7408447265625,M&M.NS,2024-02-06
1677.2598876953125,M&M.NS,2024-02-07
1643.052001953125,M&M.NS,2024-02-08
1604.555908203125,M&M.NS,2024-02-09
1618.2486572265625,M&M.NS,2024-02-12
1604.8968505859375,M&M.NS,2024-02-13
1614.9351806640625,M&M.NS,2024-02-14
1720.1903076171875,M&M.NS,2024-02-15
1788.8985595703125,M&M.NS,2024-02-16
1801.568115234375,M&M.NS,2024-02-19
1806.53857421875,M&M.NS,2024-02-20
1812.385986328125,M&M.NS,2024-02-21
1861.79736328125,M&M.NS,2024-02-22
1880.8992919921875,M&M.NS,2024-02-23
1880.7530517578125,M&M.NS,2024-02-26
1901.0244140625,M&M.NS,2024-02-27
1853.318603515625,M&M.NS,2024-02-28
1883.287109375,M&M.NS,2024-02-29
1922.8062744140625,M&M.NS,2024-03-01
1872.2254638671875,M&M.NS,2024-03-04
1889.962890625,M&M.NS,2024-03-05
1920.5648193359375,M&M.NS,2024-03-06
1849.32275390625,M&M.NS,2024-03-07
1846.2039794921875,M&M.NS,2024-03-11
1846.9837646484375,M&M.NS,2024-03-12
1806.587158203125,M&M.NS,2024-03-13
1842.5006103515625,M&M.NS,2024-03-14
1753.7647705078125,M&M.NS,2024-03-15
1808.8775634765625,M&M.NS,2024-03-18
1797.0362548828125,M&M.NS,2024-03-19
1797.5235595703125,M&M.NS,2024-03-20
1818.4283447265625,M&M.NS,2024-03-21
1831.04931640625,M&M.NS,2024-03-22
1816.57666015625,M&M.NS,2024-03-26
1833.339599609375,M&M.NS,2024-03-27
1872.517822265625,M&M.NS,2024-03-28
1867.255126953125,M&M.NS,2024-04-01
1921.8316650390625,M&M.NS,2024-04-02
1938.740966796875,M&M.NS,2024-04-03
1951.8001708984375,M&M.NS,2024-04-04
1962.1309814453125,M&M.NS,2024-04-05
2025.2840576171875,M&M.NS,2024-04-08
2037.758544921875,M&M.NS,2024-04-09
2023.4322509765625,M&M.NS,2024-04-10
2018.3155517578125,M&M.NS,2024-04-12
2001.2603759765625,M&M.NS,2024-04-15
1979.67333984375,M&M.NS,2024-04-16
1973.4847412109375,M&M.NS,2024-04-18
2029.9617919921875,M&M.NS,2024-04-19
2037.5147705078125,M&M.NS,2024-04-22
2010.1781005859375,M&M.NS,2024-04-23
2006.13330078125,M&M.NS,2024-04-24
2043.5574951171875,M&M.NS,2024-04-25
1992.9276123046875,M&M.NS,2024-04-26
2009.6419677734375,M&M.NS,2024-04-29
2101.545166015625,M&M.NS,2024-04-30
2129.613037109375,M&M.NS,2024-05-02
2137.263671875,M&M.NS,2024-05-03
2168.401611328125,M&M.NS,2024-05-06
2135.802001953125,M&M.NS,2024-05-07
2126.93310546875,M&M.NS,2024-05-08
2156.31689453125,M&M.NS,2024-05-09
2137.312255859375,M&M.NS,2024-05-10
2128.736328125,M&M.NS,2024-05-13
2212.209228515625,M&M.NS,2024-05-14
2243.785888671875,M&M.NS,2024-05-15
2311.470703125,M&M.NS,2024-05-16
2450.690185546875,M&M.NS,2024-05-17
2458.535400390625,M&M.NS,2024-05-21
2456.97607421875,M&M.NS,2024-05-22
2542.8857421875,M&M.NS,2024-05-23
2514.184326171875,M&M.NS,2024-05-24
2484.313232421875,M&M.NS,2024-05-27
2487.919189453125,M&M.NS,2024-05-28
2469.255615234375,M&M.NS,2024-05-29
2430.12646484375,M&M.NS,2024-05-30
2442.55224609375,M&M.NS,2024-05-31
2567.055419921875,M&M.NS,2024-06-03
2507.50830078125,M&M.NS,2024-06-04
2671.287353515625,M&M.NS,2024-06-05
2631.23193359375,M&M.NS,2024-06-06
2784.826416015625,M&M.NS,2024-06-07
2736.194580078125,M&M.NS,2024-06-10
2763.483154296875,M&M.NS,2024-06-11
2716.703125,M&M.NS,2024-06-12
2788.96826171875,M&M.NS,2024-06-13
2854.16796875,M&M.NS,2024-06-14
2886.62158203125,M&M.NS,2024-06-18
2859.284912109375,M&M.NS,2024-06-19
2798.226806640625,M&M.NS,2024-06-20
2767.77099609375,M&M.NS,2024-06-21
2841.693359375,M&M.NS,2024-06-24
2835.455810546875,M&M.NS,2024-06-25
2779.027587890625,M&M.NS,2024-06-26
2815.525634765625,M&M.NS,2024-06-27
2793.792236328125,M&M.NS,2024-06-28
2802.7587890625,M&M.NS,2024-07-01
2792.33056640625,M&M.NS,2024-07-02
2804.805419921875,M&M.NS,2024-07-03
2829.023681640625,M&M.NS,2024-07-04
2827.94384765625,M&M.NS,2024-07-05
2799.228759765625,M&M.NS,2024-07-08
2872.02294921875,M&M.NS,2024-07-09
2682.06005859375,M&M.NS,2024-07-10
2648.730712890625,M&M.NS,2024-07-11
2654.52294921875,M&M.NS,2024-07-12
2681.127685546875,M&M.NS,2024-07-15
2706.357666015625,M&M.NS,2024-07-16
2767.91162109375,M&M.NS,2024-07-18
2699.0439453125,M&M.NS,2024-07-19
2753.480224609375,M&M.NS,2024-07-22
2769.77685546875,M&M.NS,2024-07-23
2754.216796875,M&M.NS,2024-07-24
2760.0087890625,M&M.NS,2024-07-25
2835.01220703125,M&M.NS,2024-07-26
2879.385986328125,M&M.NS,2024-07-29
2868.685302734375,M&M.NS,2024-07-30
2854.646728515625,M&M.NS,2024-07-31
2776.697998046875,M&M.NS,2024-08-01
2699.387451171875,M&M.NS,2024-08-02
2629.97998046875,M&M.NS,2024-08-05
2584.82080078125,M&M.NS,2024-08-06
2631.84521484375,M&M.NS,2024-08-07
2633.90673828125,M&M.NS,2024-08-08
2698.896484375,M&M.NS,2024-08-09
2667.972412109375,M&M.NS,2024-08-12
2668.365478515625,M&M.NS,2024-08-13
2695.068115234375,M&M.NS,2024-08-14
2788.52783203125,M&M.NS,2024-08-16
2714.604248046875,M&M.NS,2024-08-19
2720.641845703125,M&M.NS,2024-08-20
2718.7763671875,M&M.NS,2024-08-21
2682.99267578125,M&M.NS,2024-08-22
2708.566650390625,M&M.NS,2024-08-23
2742.04345703125,M&M.NS,2024-08-26
2729.96826171875,M&M.NS,2024-08-27
2746.853759765625,M&M.NS,2024-08-28
2707.192138671875,M&M.NS,2024-08-29
2754.118408203125,M&M.NS,2024-08-30
2726.237548828125,M&M.NS,2024-09-02
2733.9443359375,M&M.NS,2024-09-03
2699.338623046875,M&M.NS,2024-09-04
2673.322998046875,M&M.NS,2024-09-05
2648.780029296875,M&M.NS,2024-09-06
2659.33349609375,M&M.NS,2024-09-09
2640.827880859375,M&M.NS,2024-09-10
2605.7314453125,M&M.NS,2024-09-11
2690.797607421875,M&M.NS,2024-09-12
2689.030517578125,M&M.NS,2024-09-13
2706.995849609375,M&M.NS,2024-09-16
2736.692626953125,M&M.NS,2024-09-17
2756.867431640625,M&M.NS,2024-09-18
2746.363037109375,M&M.NS,2024-09-19
2896.909912109375,M&M.NS,2024-09-20
2994.05078125,M&M.NS,2024-09-23
3018.103271484375,M&M.NS,2024-09-24
3034.547119140625,M&M.NS,2024-09-25
3122.950927734375,M&M.NS,2024-09-26
3125.4541015625,M&M.NS,2024-09-27
3038.326416015625,M&M.NS,2024-09-30
3107.635986328125,M&M.NS,2024-10-01
3072.6376953125,M&M.NS,2024-10-03
2962.292236328125,M&M.NS,2024-10-04
3004.2607421875,M&M.NS,2024-10-07
3107.979736328125,M&M.NS,2024-10-08
3095.364501953125,M&M.NS,2024-10-09
3135.909423828125,M&M.NS,2024-10-10
3077.055419921875,M&M.NS,2024-10-11
3097.2294921875,M&M.NS,2024-10-14
3098.11328125,M&M.NS,2024-10-15
3011.918212890625,M&M.NS,2024-10-16
2910.408447265625,M&M.NS,2024-10-17
2910.064697265625,M&M.NS,2024-10-18
2943.39404296875,M&M.NS,2024-10-21
2834.42333984375,M&M.NS,2024-10-22
2742.435791015625,M&M.NS,2024-10-23
2774.685546875,M&M.NS,2024-10-24
2671.114013671875,M&M.NS,2024-10-25
2730.16455078125,M&M.NS,2024-10-28
2696.687744140625,M&M.NS,2024-10-29
2658.204345703125,M&M.NS,2024-10-30
2678.67333984375,M&M.NS,2024-10-31
2766.14453125,M&M.NS,2024-11-01
2831.232666015625,M&M.NS,2024-11-04
2846.44921875,M&M.NS,2024-11-05
2880.90771484375,M&M.NS,2024-11-06
2838.497314453125,M&M.NS,2024-11-07
2920.52001953125,M&M.NS,2024-11-08
2877.030029296875,M&M.NS,2024-11-11
2845.565673828125,M&M.NS,2024-11-12
2747.786376953125,M&M.NS,2024-11-13
2755.885498046875,M&M.NS,2024-11-14
2794.859619140625,M&M.NS,2024-11-18
2895.04443359375,M&M.NS,2024-11-19
2882.576416015625,M&M.NS,2024-11-21
2957.87451171875,M&M.NS,2024-11-22
2989.927978515625,M&M.NS,2024-11-25
2930.631591796875,M&M.NS,2024-11-26
2949.873779296875,M&M.NS,2024-11-27
2845.712890625,M&M.NS,2024-11-28
2911.881103515625,M&M.NS,2024-11-29
2961.261474609375,M&M.NS,2024-12-02
2971.96240234375,M&M.NS,2024-12-03
2976.3310546875,M&M.NS,2024-12-04
3015.45263671875,M&M.NS,2024-12-05
3016.826904296875,M&M.NS,2024-12-06
2995.474365234375,M&M.NS,2024-12-09
3010.838134765625,M&M.NS,2024-12-10
3015.894287109375,M&M.NS,2024-12-11
3011.378173828125,M&M.NS,2024-12-12
3025.0732421875,M&M.NS,2024-12-13
3028.460205078125,M&M.NS,2024-12-16
2985.902587890625,M&M.NS,2024-12-17
2995.42529296875,M&M.NS,2024-12-18
2959.54345703125,M&M.NS,2024-12-19
2853.22314453125,M&M.NS,2024-12-20
2856.119140625,M&M.NS,2024-12-23
2875.16455078125,M&M.NS,2024-12-24
2921.25634765625,M&M.NS,2024-12-26
2993.707275390625,M&M.NS,2024-12-27
2948.00830078125,M&M.NS,2024-12-30
2952.131591796875,M&M.NS,2024-12-31
3025.662353515625,M&M.NS,2025-01-01
3152.402587890625,M&M.NS,2025-01-02
3132.228271484375,M&M.NS,2025-01-03
3048.92919921875,M&M.NS,2025-01-06
3052.021728515625,M&M.NS,2025-01-07
3029.6875,M&M.NS,2025-01-08
3069.34912109375,M&M.NS,2025-01-09
3036.314208984375,M&M.NS,2025-01-10
2944.817626953125,M&M.NS,2025-01-13
2993.75634765625,M&M.NS,2025-01-14
2906.137939453125,M&M.NS,2025-01-15
2926.1162109375,M&M.NS,2025-01-16
2864.022216796875,M&M.NS,2025-01-17
2835.306884765625,M&M.NS,2025-01-20
2769.727783203125,M&M.NS,2025-01-21
2774.78369140625,M&M.NS,2025-01-22
2833.686767578125,M&M.NS,2025-01-23
2750.191650390625,M&M.NS,2025-01-24
2779.83984375,M&M.NS,2025-01-27
2818.126953125,M&M.NS,2025-01-28
2870.894287109375,M&M.NS,2025-01-29
2917.133056640625,M&M.NS,2025-01-30
2935.197021484375,M&M.NS,2025-01-31
3020.50830078125,M&M.NS,2025-02-01
3115.29345703125,M&M.NS,2025-02-03
3130.755615234375,M&M.NS,2025-02-04
3120.643798828125,M&M.NS,2025-02-05
3082.55322265625,M&M.NS,2025-02-06
3139.983642578125,M&M.NS,2025-02-07
3079.902587890625,M&M.NS,2025-02-10
3029.5400390625,M&M.NS,2025-02-11
2932.59521484375,M&M.NS,2025-02-12
2923.563232421875,M&M.NS,2025-02-13
2888.810546875,M&M.NS,2025-02-14
2780.18310546875,M&M.NS,2025-02-17
2739.049072265625,M&M.NS,2025-02-18
2706.995849609375,M&M.NS,2025-02-19
2787.5458984375,M&M.NS,2025-02-20
2620.555419921875,M&M.NS,2025-02-21
2659.6767578125,M&M.NS,2025-02-24
2727.072021484375,M&M.NS,2025-02-25
2676.7099609375,M&M.NS,2025-02-27
2537.845703125,M&M.NS,2025-02-28
2564.155517578125,M&M.NS,2025-03-03
2565.5791015625,M&M.NS,2025-03-04
2676.7587890625,M&M.NS,2025-03-05
2692.27001953125,M&M.NS,2025-03-06
2677.986328125,M&M.NS,2025-03-07
2653.19775390625,M&M.NS,2025-03-10
2597.23974609375,M&M.NS,2025-03-11
2604.798828125,M&M.NS,2025-03-12
2595.177978515625,M&M.NS,2025-03-13
2655.700927734375,M&M.NS,2025-03-17
2655.700927734375,M&M.NS,2025-03-18
2738.116455078125,M&M.NS,2025-03-19
2776.403564453125,M&M.NS,2025-03-20
2750.633544921875,M&M.NS,2025-03-21
2723.9794921875,M&M.NS,2025-03-24
2685.9873046875,M&M.NS,2025-03-25
2692.123046875,M&M.NS,2025-03-26
2683.041748046875,M&M.NS,2025-03-27
2617.0703125,M&M.NS,2025-03-28
2589.68017578125,M&M.NS,2025-04-01
2589.336669921875,M&M.NS,2025-04-02
2563.7138671875,M&M.NS,2025-04-03
2549.086181640625,M&M.NS,2025-04-04
2445.7109375,M&M.NS,2025-04-07
2477.518798828125,M&M.NS,2025-04-08
2476.97900390625,M&M.NS,2025-04-09
2533.182373046875,M&M.NS,2025-04-11
2597.63232421875,M&M.NS,2025-04-15
2586.440673828125,M&M.NS,2025-04-16
2630.421630859375,M&M.NS,2025-04-17
2713.47509765625,M&M.NS,2025-04-21
2765.604736328125,M&M.NS,2025-04-22
2864.4638671875,M&M.NS,2025-04-23
2848.363525390625,M&M.NS,2025-04-24
2811.843505859375,M&M.NS,2025-04-25
2877.030029296875,M&M.NS,2025-04-28
2856.413818359375,M&M.NS,2025-04-29
2875.262939453125,M&M.NS,2025-04-30
2863.874755859375,M&M.NS,2025-05-02
2966.26806640625,M&M.NS,2025-05-05
3012.310791015625,M&M.NS,2025-05-06
3062.869384765625,M&M.NS,2025-05-07
2977.656494140625,M&M.NS,2025-05-08
2927.588623046875,M&M.NS,2025-05-09
3047.947265625,M&M.NS,2025-05-12
2997.97802734375,M&M.NS,2025-05-13
3045.1005859375,M&M.NS,2025-05-14
3086.823486328125,M&M.NS,2025-05-15
3078.28271484375,M&M.NS,2025-05-16
3070.821533203125,M&M.NS,2025-05-19
3007.50048828125,M&M.NS,2025-05-20
3034.203125,M&M.NS,2025-05-21
2951.34619140625,M&M.NS,2025-05-22
2957.629150390625,M&M.NS,2025-05-23
3023.895263671875,M&M.NS,2025-05-26
2984.23388671875,M&M.NS,2025-05-27
2943.00146484375,M&M.NS,2025-05-28
2953.99658203125,M&M.NS,2025-05-29
2922.385498046875,M&M.NS,2025-05-30
2970.587890625,M&M.NS,2025-06-02
2990.811279296875,M&M.NS,2025-06-03
2997.5849609375,M&M.NS,2025-06-04
2986.0009765625,M&M.NS,2025-06-05
3049.71435546875,M&M.NS,2025-06-06
3030.963623046875,M&M.NS,2025-06-09
3011.427490234375,M&M.NS,2025-06-10
3024.38623046875,M&M.NS,2025-06-11
2964.01025390625,M&M.NS,2025-06-12
2951.051513671875,M&M.NS,2025-06-13
2968.330078125,M&M.NS,2025-06-16
2952.2294921875,M&M.NS,2025-06-17
2985.510009765625,M&M.NS,2025-06-18
3038.228271484375,M&M.NS,2025-06-19
3126.1904296875,M&M.NS,2025-06-20
3077.693603515625,M&M.NS,2025-06-23
3092.517578125,M&M.NS,2025-06-24
3156.721923828125,M&M.NS,2025-06-25
3157.0166015625,M&M.NS,2025-06-26
3144.744873046875,M&M.NS,2025-06-27
3125.012451171875,M&M.NS,2025-06-30
3118.042236328125,M&M.NS,2025-07-01
3107.34130859375,M&M.NS,2025-07-02
3116.373291015625,M&M.NS,2025-07-03
3129.634033203125,M&M.NS,2025-07-04
3127.35791015625,M&M.NS,2025-07-07
3125.081787109375,M&M.NS,2025-07-08
3143.290771484375,M&M.NS,2025-07-09
3129.53515625,M&M.NS,2025-07-10
3041.26220703125,M&M.NS,2025-07-11
3059.9658203125,M&M.NS,2025-07-14
3096.08642578125,M&M.NS,2025-07-15
3163.28076171875,M&M.NS,2025-07-16
3161.79638671875,M&M.NS,2025-07-17
3159.223388671875,M&M.NS,2025-07-18
3212.958984375,M&M.NS,2025-07-21
3223.349853515625,M&M.NS,2025-07-22
3234.82958984375,M&M.NS,2025-07-23
3227.011474609375,M&M.NS,2025-07-24
3212.662109375,M&M.NS,2025-07-25
3176.442626953125,M&M.NS,2025-07-28
3166.150634765625,M&M.NS,2025-07-29
3175.5517578125,M&M.NS,2025-07-30
3169.812255859375,M&M.NS,2025-07-31
3126.467529296875,M&M.NS,2025-08-01
3166.9423828125,M&M.NS,2025-08-04
3178.817626953125,M&M.NS,2025-08-05
3193.958740234375,M&M.NS,2025-08-06
3177.729248046875,M&M.NS,2025-08-07
3111.524169921875,M&M.NS,2025-08-08
3153.087890625,M&M.NS,2025-08-11
3202.864990234375,M&M.NS,2025-08-12
3248.090087890625,M&M.NS,2025-08-13
3231.464599609375,M&M.NS,2025-08-14
3347.941650390625,M&M.NS,2025-08-18
3319.14404296875,M&M.NS,2025-08-19
3360.311767578125,M&M.NS,2025-08-20
3340.02490234375,M&M.NS,2025-08-21
3367.634765625,M&M.NS,2025-08-22
3363.577392578125,M&M.NS,2025-08-25
3296.18505859375,M&M.NS,2025-08-26
3261.05419921875,M&M.NS,2025-08-28
3166.24951171875,M&M.NS,2025-08-29
3280.945068359375,M&M.NS,2025-09-01
3200.885986328125,M&M.NS,2025-09-02
3251.8505859375,M&M.NS,2025-09-03
3445.319091796875,M&M.NS,2025-09-04
3524.289794921875,M&M.NS,2025-09-05
3524.289794921875,M&M.NS,2025-09-08
3657.88671875,M&M.NS,2025-09-09
3566.941650390625,M&M.NS,2025-09-10
3558.33203125,M&M.NS,2025-09-11
3552.59228515625,M&M.NS,2025-09-12
3493.61181640625,M&M.NS,2025-09-15
3570.50439453125,M&M.NS,2025-09-16
3595.4423828125,M&M.NS,2025-09-17
3604.348876953125,M&M.NS,2025-09-18
3554.769775390625,M&M.NS,2025-09-19
3547.54541015625,M&M.NS,2025-09-22
3577.035888671875,M&M.NS,2025-09-23
3537.748291015625,M&M.NS,2025-09-24
3493.31494140625,M&M.NS,2025-09-25
3361.202392578125,M&M.NS,2025-09-26
3382.577880859375,M&M.NS,2025-09-29
3391.38525390625,M&M.NS,2025-09-30
3427.406982421875,M&M.NS,2025-10-01
3426.021728515625,M&M.NS,2025-10-03
3435.917724609375,M&M.NS,2025-10-06
3456.50146484375,M&M.NS,2025-10-07
3390.890625,M&M.NS,2025-10-08
3407.1201171875,M&M.NS,2025-10-09
3418.995361328125,M&M.NS,2025-10-10
3423.745361328125,M&M.NS,2025-10-13
3423.844482421875,M&M.NS,2025-10-14
3460.855712890625,M&M.NS,2025-10-15
3523.794921875,M&M.NS,2025-10-16
3609.296875,M&M.NS,2025-10-17
3561.697021484375,M&M.NS,2025-10-20
3583.567138671875,M&M.NS,2025-10-21
3585.9423828125,M&M.NS,2025-10-23
3587.32763671875,M&M.NS,2025-10-24
3574.067138671875,M&M.NS,2025-10-27
3541.90478515625,M&M.NS,2025-10-28
3497.966064453125,M&M.NS,2025-10-29
3465.705078125,M&M.NS,2025-10-30
3450.959716796875,M&M.NS,2025-10-31
3512.018310546875,M&M.NS,2025-11-03
3543.98291015625,M&M.NS,2025-11-04
3580.895263671875,M&M.NS,2025-11-06
3651.85009765625,M&M.NS,2025-11-07
3625.8232421875,M&M.NS,2025-11-10
3710.13818359375,M&M.NS,2025-11-11
3715.283935546875,M&M.NS,2025-11-12
3661.053466796875,M&M.NS,2025-11-13
3660.162841796875,M&M.NS,2025-11-14
3696.08544921875,M&M.NS,2025-11-17
3656.40234375,M&M.NS,2025-11-18
3683.814453125,M&M.NS,2025-11-19
3678.07470703125,M&M.NS,2025-11-20
3710.6328125,M&M.NS,2025-11-21
3652.44384765625,M&M.NS,2025-11-24
3631.167236328125,M&M.NS,2025-11-25
3648.089599609375,M&M.NS,2025-11-26
3642.943603515625,M&M.NS,2025-11-27
3718.252685546875,M&M.NS,2025-11-28
3702.716064453125,M&M.NS,2025-12-01
3677.876708984375,M&M.NS,2025-12-02
3611.473876953125,M&M.NS,2025-12-03
3633.443359375,M&M.NS,2025-12-04
3678.470703125,M&M.NS,2025-12-05
3643.4384765625,M&M.NS,2025-12-08
3598.1142578125,M&M.NS,2025-12-09
3592.275634765625,M&M.NS,2025-12-10
3627.10986328125,M&M.NS,2025-12-11
3641.3603515625,M&M.NS,2025-12-12
3570.50439453125,M&M.NS,2025-12-15
3583.369140625,M&M.NS,2025-12-16
3575.25439453125,M&M.NS,2025-12-17
3549.326904296875,M&M.NS,2025-12-18
3566.150146484375,M&M.NS,2025-12-19
3579.11376953125,M&M.NS,2025-12-22
3587.4267578125,M&M.NS,2025-12-23
3598.906005859375,M&M.NS,2025-12-24
3585.447509765625,M&M.NS,2025-12-26
3554.769775390625,M&M.NS,2025-12-29
3622.260986328125,M&M.NS,2025-12-30
3670.652587890625,M&M.NS,2025-12-31
3721.914306640625,M&M.NS,2026-01-01
3762.884033203125,M&M.NS,2026-01-02
3750.909912109375,M&M.NS,2026-01-05
3746.2587890625,M&M.NS,2026-01-06
3709.841064453125,M&M.NS,2026-01-07
3685.298828125,M&M.NS,2026-01-08
3639.084228515625,M&M.NS,2026-01-09
3643.7353515625,M&M.NS,2026-01-12
3623.4482421875,M&M.NS,2026-01-13
3611.572998046875,M&M.NS,2026-01-14
3611.572998046875,M&M.NS,2026-01-15
3620.1826171875,M&M.NS,2026-01-16
3619.390869140625,M&M.NS,2026-01-19
3520.529052734375,M&M.NS,2026-01-20
3516.372802734375,M&M.NS,2026-01-21
3536.560791015625,M&M.NS,2026-01-22
3506.57568359375,M&M.NS,2026-01-23
3358.2333984375,M&M.NS,2026-01-27
3413.3544921875,M&M.NS,2026-01-28
3349.22802734375,M&M.NS,2026-01-29
3396.135498046875,M&M.NS,2026-01-30
3427.208984375,M&M.NS,2026-02-02
3491.236572265625,M&M.NS,2026-02-03
3536.857666015625,M&M.NS,2026-02-04
3534.87841796875,M&M.NS,2026-02-05
3540.816162109375,M&M.NS,2026-02-06
3572.087890625,M&M.NS,2026-02-09
3637.599853515625,M&M.NS,2026-02-10
3636.708984375,M&M.NS,2026-02-11
3555.75927734375,M&M.NS,2026-02-12
3496.679443359375,M&M.NS,2026-02-13
3473.225830078125,M&M.NS,2026-02-16
3452.93896484375,M&M.NS,2026-02-17
3493.809814453125,M&M.NS,2026-02-18
3396.135498046875,M&M.NS,2026-02-19
3377.3330078125,M&M.NS,2026-02-20
3411.276611328125,M&M.NS,2026-02-23
3397.52099609375,M&M.NS,2026-02-24
3455.01708984375,M&M.NS,2026-02-25
3448.386962890625,M&M.NS,2026-02-26
3362.0927734375,M&M.NS,2026-02-27
3299.648681640625,M&M.NS,2026-03-02
3230.376220703125,M&M.NS,2026-03-04
3313.206298828125,M&M.NS,2026-03-05
3297.867431640625,M&M.NS,2026-03-06
3154.473388671875,M&M.NS,2026-03-09
3259.470703125,M&M.NS,2026-03-10
3135.27490234375,M&M.NS,2026-03-11
2999.698486328125,M&M.NS,2026-03-12
2900.638916015625,M&M.NS,2026-03-13
3004.5478515625,M&M.NS,2026-03-16
3096.38330078125,M&M.NS,2026-03-17
3181.19287109375,M&M.NS,2026-03-18
3013.7509765625,M&M.NS,2026-03-19
3034.236083984375,M&M.NS,2026-03-20
2925.082275390625,M&M.NS,2026-03-23
2999.797607421875,M&M.NS,2026-03-24
3095.591796875,M&M.NS,2026-03-25
3009.69384765625,M&M.NS,2026-03-27
2923.99365234375,M&M.NS,2026-03-30
2999.99560546875,M&M.NS,2026-04-01
2980.4013671875,M&M.NS,2026-04-02
2990.198486328125,M&M.NS,2026-04-06
2975.3544921875,M&M.NS,2026-04-07
3176.739501953125,M&M.NS,2026-04-08
3133.889404296875,M&M.NS,2026-04-09
3225.923095703125,M&M.NS,2026-04-10
3186.734375,M&M.NS,2026-04-13
3222.6572265625,M&M.NS,2026-04-15
3188.812744140625,M&M.NS,2026-04-16
3166.9423828125,M&M.NS,2026-04-17
3188.1201171875,M&M.NS,2026-04-20
3213.552978515625,M&M.NS,2026-04-21
3116.967041015625,M&M.NS,2026-04-22
3016.027099609375,M&M.NS,2026-04-23
3006.82373046875,M&M.NS,2026-04-24
3070.15869140625,M&M.NS,2026-04-27
3056.00732421875,M&M.NS,2026-04-28
3119.540283203125,M&M.NS,2026-04-29
3065.3095703125,M&M.NS,2026-04-30
3065.3095703125,M&M.NS,2026-05-01
3074.216064453125,M&M.NS,2026-05-04
3177.43212890625,M&M.NS,2026-05-05
3266.496826171875,M&M.NS,2026-05-06
3335.67041015625,M&M.NS,2026-05-07
3295.7890625,M&M.NS,2026-05-08
3212.167236328125,M&M.NS,2026-05-11
3142.993896484375,M&M.NS,2026-05-12
3079.461181640625,M&M.NS,2026-05-13
3140.91552734375,M&M.NS,2026-05-14
3090.643798828125,M&M.NS,2026-05-15
3051.653076171875,M&M.NS,2026-05-18
3060.163818359375,M&M.NS,2026-05-19
3089.7529296875,M&M.NS,2026-05-20
3066.7939453125,M&M.NS,2026-05-21
3049.278076171875,M&M.NS,2026-05-22
3106.37841796875,M&M.NS,2026-05-25
3075.0078125,M&M.NS,2026-05-26
3089.1591796875,M&M.NS,2026-05-27
3089.1591796875,M&M.NS,2026-05-28
3013.94921875,M&M.NS,2026-05-29
2939.33251953125,M&M.NS,2026-06-01
2967.140625,M&M.NS,2026-06-02
2979.8076171875,M&M.NS,2026-06-03
2984.755615234375,M&M.NS,2026-06-04
3008.902099609375,M&M.NS,2026-06-05
2935.17626953125,M&M.NS,2026-06-08
2959.02587890625,M&M.NS,2026-06-09
2921.816650390625,M&M.NS,2026-06-10
2969.71337890625,M&M.NS,2026-06-11
3011.27685546875,M&M.NS,2026-06-12
3101.727294921875,M&M.NS,2026-06-15
3105.289794921875,M&M.NS,2026-06-16
3100.341552734375,M&M.NS,2026-06-17
3103.904296875,M&M.NS,2026-06-18
3042.845703125,M&M.NS,2026-06-19
3031.56396484375,M&M.NS,2026-06-22
3005.7353515625,M&M.NS,2026-06-23
3032.652587890625,M&M.NS,2026-06-24
3149.12939453125,M&M.NS,2026-06-25
3149.12939453125,M&M.NS,2026-06-26
3060.8564453125,M&M.NS,2026-06-29
2145.845947265625,HINDUNILVR.NS,2022-05-20
2195.526611328125,HINDUNILVR.NS,2022-05-23
2130.808349609375,HINDUNILVR.NS,2022-05-24
2120.706298828125,HINDUNILVR.NS,2022-05-25
2103.638427734375,HINDUNILVR.NS,2022-05-26
2150.13623046875,HINDUNILVR.NS,2022-05-27
2167.065185546875,HINDUNILVR.NS,2022-05-30
2171.0322265625,HINDUNILVR.NS,2022-05-31
2129.701171875,HINDUNILVR.NS,2022-06-01
2107.88232421875,HINDUNILVR.NS,2022-06-02
2114.478515625,HINDUNILVR.NS,2022-06-03
2103.91552734375,HINDUNILVR.NS,2022-06-06
2040.3507080078125,HINDUNILVR.NS,2022-06-07
2026.9271240234375,HINDUNILVR.NS,2022-06-08
2027.52685546875,HINDUNILVR.NS,2022-06-09
2029.5565185546875,HINDUNILVR.NS,2022-06-10
2026.7886962890625,HINDUNILVR.NS,2022-06-13
2002.8941650390625,HINDUNILVR.NS,2022-06-14
1997.822265625,HINDUNILVR.NS,2022-06-15
1997.961669921875,HINDUNILVR.NS,2022-06-16
1964.22314453125,HINDUNILVR.NS,2022-06-17
2043.752197265625,HINDUNILVR.NS,2022-06-20
2052.22216796875,HINDUNILVR.NS,2022-06-21
2050.220947265625,HINDUNILVR.NS,2022-06-22
2096.524169921875,HINDUNILVR.NS,2022-06-23
2144.26953125,HINDUNILVR.NS,2022-06-24
2159.85888671875,HINDUNILVR.NS,2022-06-27
2157.067138671875,HINDUNILVR.NS,2022-06-28
2078.700927734375,HINDUNILVR.NS,2022-06-29
2076.048583984375,HINDUNILVR.NS,2022-06-30
2124.212890625,HINDUNILVR.NS,2022-07-01
2210.629150390625,HINDUNILVR.NS,2022-07-04
2235.107421875,HINDUNILVR.NS,2022-07-05
2325.293212890625,HINDUNILVR.NS,2022-07-06
2301.606689453125,HINDUNILVR.NS,2022-07-07
2323.850830078125,HINDUNILVR.NS,2022-07-08
2318.033935546875,HINDUNILVR.NS,2022-07-11
2279.827880859375,HINDUNILVR.NS,2022-07-12
2324.688232421875,HINDUNILVR.NS,2022-07-13
2324.73486328125,HINDUNILVR.NS,2022-07-14
2390.536865234375,HINDUNILVR.NS,2022-07-15
2376.575927734375,HINDUNILVR.NS,2022-07-18
2390.024658203125,HINDUNILVR.NS,2022-07-19
2424.042236328125,HINDUNILVR.NS,2022-07-20
2426.78759765625,HINDUNILVR.NS,2022-07-21
2457.640869140625,HINDUNILVR.NS,2022-07-22
2441.818603515625,HINDUNILVR.NS,2022-07-25
2370.618896484375,HINDUNILVR.NS,2022-07-26
2403.054443359375,HINDUNILVR.NS,2022-07-27
2438.561279296875,HINDUNILVR.NS,2022-07-28
2454.662353515625,HINDUNILVR.NS,2022-07-29
2413.3388671875,HINDUNILVR.NS,2022-08-01
2452.661376953125,HINDUNILVR.NS,2022-08-02
2444.378173828125,HINDUNILVR.NS,2022-08-03
2445.8671875,HINDUNILVR.NS,2022-08-04
2462.107666015625,HINDUNILVR.NS,2022-08-05
2466.715087890625,HINDUNILVR.NS,2022-08-08
2459.688232421875,HINDUNILVR.NS,2022-08-10
2432.604736328125,HINDUNILVR.NS,2022-08-11
2415.153564453125,HINDUNILVR.NS,2022-08-12
2461.270263671875,HINDUNILVR.NS,2022-08-16
2498.638916015625,HINDUNILVR.NS,2022-08-17
2496.218505859375,HINDUNILVR.NS,2022-08-18
2452.010009765625,HINDUNILVR.NS,2022-08-19
2444.703857421875,HINDUNILVR.NS,2022-08-22
2413.10595703125,HINDUNILVR.NS,2022-08-23
2408.91796875,HINDUNILVR.NS,2022-08-24
2395.84130859375,HINDUNILVR.NS,2022-08-25
2393.375244140625,HINDUNILVR.NS,2022-08-26
2397.33056640625,HINDUNILVR.NS,2022-08-29
2475.556884765625,HINDUNILVR.NS,2022-08-30
2425.437744140625,HINDUNILVR.NS,2022-09-01
2423.204345703125,HINDUNILVR.NS,2022-09-02
2420.412353515625,HINDUNILVR.NS,2022-09-05
2394.8173828125,HINDUNILVR.NS,2022-09-06
2386.906494140625,HINDUNILVR.NS,2022-09-07
2398.5869140625,HINDUNILVR.NS,2022-09-08
2409.336669921875,HINDUNILVR.NS,2022-09-09
2401.611572265625,HINDUNILVR.NS,2022-09-12
2407.38232421875,HINDUNILVR.NS,2022-09-13
2393.2353515625,HINDUNILVR.NS,2022-09-14
2382.997314453125,HINDUNILVR.NS,2022-09-15
2352.98193359375,HINDUNILVR.NS,2022-09-16
2400.54150390625,HINDUNILVR.NS,2022-09-19
2404.5439453125,HINDUNILVR.NS,2022-09-20
2441.818603515625,HINDUNILVR.NS,2022-09-21
2506.177490234375,HINDUNILVR.NS,2022-09-22
2496.218505859375,HINDUNILVR.NS,2022-09-23
2476.20849609375,HINDUNILVR.NS,2022-09-26
2493.61279296875,HINDUNILVR.NS,2022-09-27
2514.879638671875,HINDUNILVR.NS,2022-09-28
2513.436767578125,HINDUNILVR.NS,2022-09-29
2509.62109375,HINDUNILVR.NS,2022-09-30
2440.794677734375,HINDUNILVR.NS,2022-10-03
2483.095703125,HINDUNILVR.NS,2022-10-04
2432.884033203125,HINDUNILVR.NS,2022-10-06
2419.57421875,HINDUNILVR.NS,2022-10-07
2425.06591796875,HINDUNILVR.NS,2022-10-10
2373.923095703125,HINDUNILVR.NS,2022-10-11
2411.802978515625,HINDUNILVR.NS,2022-10-12
2388.58154296875,HINDUNILVR.NS,2022-10-13
2397.33056640625,HINDUNILVR.NS,2022-10-14
2411.058837890625,HINDUNILVR.NS,2022-10-17
2421.94775390625,HINDUNILVR.NS,2022-10-18
2404.03173828125,HINDUNILVR.NS,2022-10-19
2420.69140625,HINDUNILVR.NS,2022-10-20
2470.01904296875,HINDUNILVR.NS,2022-10-21
2394.8173828125,HINDUNILVR.NS,2022-10-24
2331.80810546875,HINDUNILVR.NS,2022-10-25
2344.466064453125,HINDUNILVR.NS,2022-10-27
2349.352294921875,HINDUNILVR.NS,2022-10-28
2373.96923828125,HINDUNILVR.NS,2022-10-31
2390.9287109375,HINDUNILVR.NS,2022-11-01
2359.54052734375,HINDUNILVR.NS,2022-11-02
2385.822021484375,HINDUNILVR.NS,2022-11-03
2361.461181640625,HINDUNILVR.NS,2022-11-04
2373.12646484375,HINDUNILVR.NS,2022-11-07
2350.63916015625,HINDUNILVR.NS,2022-11-09
2355.13671875,HINDUNILVR.NS,2022-11-10
2345.251953125,HINDUNILVR.NS,2022-11-11
2302.854248046875,HINDUNILVR.NS,2022-11-14
2302.5732421875,HINDUNILVR.NS,2022-11-15
2321.640625,HINDUNILVR.NS,2022-11-16
2304.915771484375,HINDUNILVR.NS,2022-11-17
2327.12158203125,HINDUNILVR.NS,2022-11-18
2343.705810546875,HINDUNILVR.NS,2022-11-21
2357.104248046875,HINDUNILVR.NS,2022-11-22
2349.28076171875,HINDUNILVR.NS,2022-11-23
2388.445556640625,HINDUNILVR.NS,2022-11-24
2377.48291015625,HINDUNILVR.NS,2022-11-25
2366.00537109375,HINDUNILVR.NS,2022-11-28
2468.133544921875,HINDUNILVR.NS,2022-11-29
2515.12255859375,HINDUNILVR.NS,2022-11-30
2494.97802734375,HINDUNILVR.NS,2022-12-01
2450.238037109375,HINDUNILVR.NS,2022-12-02
2454.688720703125,HINDUNILVR.NS,2022-12-05
2487.201171875,HINDUNILVR.NS,2022-12-06
2536.6728515625,HINDUNILVR.NS,2022-12-07
2534.8916015625,HINDUNILVR.NS,2022-12-08
2550.632568359375,HINDUNILVR.NS,2022-12-09
2545.947998046875,HINDUNILVR.NS,2022-12-12
2539.4365234375,HINDUNILVR.NS,2022-12-13
2515.403564453125,HINDUNILVR.NS,2022-12-14
2495.352294921875,HINDUNILVR.NS,2022-12-15
2502.89501953125,HINDUNILVR.NS,2022-12-16
2546.74462890625,HINDUNILVR.NS,2022-12-19
2505.940185546875,HINDUNILVR.NS,2022-12-20
2498.1162109375,HINDUNILVR.NS,2022-12-21
2478.5810546875,HINDUNILVR.NS,2022-12-22
2455.85986328125,HINDUNILVR.NS,2022-12-23
2452.439453125,HINDUNILVR.NS,2022-12-26
2429.765380859375,HINDUNILVR.NS,2022-12-27
2420.7236328125,HINDUNILVR.NS,2022-12-28
2406.154296875,HINDUNILVR.NS,2022-12-29
2399.59521484375,HINDUNILVR.NS,2022-12-30
2397.112060546875,HINDUNILVR.NS,2023-01-02
2381.793212890625,HINDUNILVR.NS,2023-01-03
2376.218505859375,HINDUNILVR.NS,2023-01-04
2420.8173828125,HINDUNILVR.NS,2023-01-05
2414.024169921875,HINDUNILVR.NS,2023-01-06
2458.6240234375,HINDUNILVR.NS,2023-01-09
2477.175537109375,HINDUNILVR.NS,2023-01-10
2429.765380859375,HINDUNILVR.NS,2023-01-11
2426.767333984375,HINDUNILVR.NS,2023-01-12
2458.576904296875,HINDUNILVR.NS,2023-01-13
2433.37255859375,HINDUNILVR.NS,2023-01-16
2499.38134765625,HINDUNILVR.NS,2023-01-17
2516.85546875,HINDUNILVR.NS,2023-01-18
2482.703369140625,HINDUNILVR.NS,2023-01-19
2388.071044921875,HINDUNILVR.NS,2023-01-20
2432.716796875,HINDUNILVR.NS,2023-01-23
2436.558349609375,HINDUNILVR.NS,2023-01-24
2457.031005859375,HINDUNILVR.NS,2023-01-25
2447.473876953125,HINDUNILVR.NS,2023-01-27
2406.24755859375,HINDUNILVR.NS,2023-01-30
2414.3056640625,HINDUNILVR.NS,2023-01-31
2411.96337890625,HINDUNILVR.NS,2023-02-01
2468.742919921875,HINDUNILVR.NS,2023-02-02
2481.7666015625,HINDUNILVR.NS,2023-02-03
2471.319580078125,HINDUNILVR.NS,2023-02-06
2437.214111328125,HINDUNILVR.NS,2023-02-07
2419.97412109375,HINDUNILVR.NS,2023-02-08
2423.628173828125,HINDUNILVR.NS,2023-02-09
2415.00830078125,HINDUNILVR.NS,2023-02-10
2418.28759765625,HINDUNILVR.NS,2023-02-13
2416.975830078125,HINDUNILVR.NS,2023-02-14
2387.78955078125,HINDUNILVR.NS,2023-02-15
2367.785400390625,HINDUNILVR.NS,2023-02-16
2356.916748046875,HINDUNILVR.NS,2023-02-17
2353.1220703125,HINDUNILVR.NS,2023-02-20
2357.525634765625,HINDUNILVR.NS,2023-02-21
2336.8193359375,HINDUNILVR.NS,2023-02-22
2333.63330078125,HINDUNILVR.NS,2023-02-23
2327.59033203125,HINDUNILVR.NS,2023-02-24
2312.5517578125,HINDUNILVR.NS,2023-02-27
2305.524658203125,HINDUNILVR.NS,2023-02-28
2310.771728515625,HINDUNILVR.NS,2023-03-01
2300.55908203125,HINDUNILVR.NS,2023-03-02
2315.222412109375,HINDUNILVR.NS,2023-03-03
2328.19921875,HINDUNILVR.NS,2023-03-06
2328.43359375,HINDUNILVR.NS,2023-03-08
2306.227294921875,HINDUNILVR.NS,2023-03-09
2310.022216796875,HINDUNILVR.NS,2023-03-10
2300.324462890625,HINDUNILVR.NS,2023-03-13
2288.47216796875,HINDUNILVR.NS,2023-03-14
2254.4140625,HINDUNILVR.NS,2023-03-15
2304.30712890625,HINDUNILVR.NS,2023-03-16
2293.10986328125,HINDUNILVR.NS,2023-03-17
2352.8876953125,HINDUNILVR.NS,2023-03-20
2307.35205078125,HINDUNILVR.NS,2023-03-21
2320.2353515625,HINDUNILVR.NS,2023-03-22
2328.43359375,HINDUNILVR.NS,2023-03-23
2324.404541015625,HINDUNILVR.NS,2023-03-24
2341.457275390625,HINDUNILVR.NS,2023-03-27
2326.2783203125,HINDUNILVR.NS,2023-03-28
2371.299072265625,HINDUNILVR.NS,2023-03-29
2398.939697265625,HINDUNILVR.NS,2023-03-31
2376.218505859375,HINDUNILVR.NS,2023-04-03
2419.92724609375,HINDUNILVR.NS,2023-04-05
2403.53076171875,HINDUNILVR.NS,2023-04-06
2372.517333984375,HINDUNILVR.NS,2023-04-10
2387.1337890625,HINDUNILVR.NS,2023-04-11
2369.5185546875,HINDUNILVR.NS,2023-04-12
2376.31201171875,HINDUNILVR.NS,2023-04-13
2390.975341796875,HINDUNILVR.NS,2023-04-17
2380.85595703125,HINDUNILVR.NS,2023-04-18
2372.001953125,HINDUNILVR.NS,2023-04-19
2335.4609375,HINDUNILVR.NS,2023-04-20
2340.472900390625,HINDUNILVR.NS,2023-04-21
2342.15966796875,HINDUNILVR.NS,2023-04-24
2333.4462890625,HINDUNILVR.NS,2023-04-25
2352.512939453125,HINDUNILVR.NS,2023-04-26
2313.30126953125,HINDUNILVR.NS,2023-04-27
2302.3857421875,HINDUNILVR.NS,2023-04-28
2297.138916015625,HINDUNILVR.NS,2023-05-02
2329.276611328125,HINDUNILVR.NS,2023-05-03
2348.71875,HINDUNILVR.NS,2023-05-04
2343.096923828125,HINDUNILVR.NS,2023-05-05
2357.666259765625,HINDUNILVR.NS,2023-05-08
2357.19775390625,HINDUNILVR.NS,2023-05-09
2363.66259765625,HINDUNILVR.NS,2023-05-10
2428.96875,HINDUNILVR.NS,2023-05-11
2458.01416015625,HINDUNILVR.NS,2023-05-12
2494.41552734375,HINDUNILVR.NS,2023-05-15
2507.204833984375,HINDUNILVR.NS,2023-05-16
2493.947021484375,HINDUNILVR.NS,2023-05-17
2461.90283203125,HINDUNILVR.NS,2023-05-18
2474.926513671875,HINDUNILVR.NS,2023-05-19
2471.7880859375,HINDUNILVR.NS,2023-05-22
2462.605712890625,HINDUNILVR.NS,2023-05-23
2450.097412109375,HINDUNILVR.NS,2023-05-24
2433.51318359375,HINDUNILVR.NS,2023-05-25
2485.1396484375,HINDUNILVR.NS,2023-05-26
2483.21875,HINDUNILVR.NS,2023-05-29
2489.074951171875,HINDUNILVR.NS,2023-05-30
2499.38134765625,HINDUNILVR.NS,2023-05-31
2527.818115234375,HINDUNILVR.NS,2023-06-01
2545.4326171875,HINDUNILVR.NS,2023-06-02
2525.850341796875,HINDUNILVR.NS,2023-06-05
2521.49365234375,HINDUNILVR.NS,2023-06-06
2544.96435546875,HINDUNILVR.NS,2023-06-07
2510.95263671875,HINDUNILVR.NS,2023-06-08
2470.0078125,HINDUNILVR.NS,2023-06-09
2476.80078125,HINDUNILVR.NS,2023-06-12
2507.204833984375,HINDUNILVR.NS,2023-06-13
2528.6142578125,HINDUNILVR.NS,2023-06-14
2520.134765625,HINDUNILVR.NS,2023-06-15
2544.448974609375,HINDUNILVR.NS,2023-06-16
2534.625,HINDUNILVR.NS,2023-06-19
2527.87109375,HINDUNILVR.NS,2023-06-20
2528.343505859375,HINDUNILVR.NS,2023-06-21
2507.325927734375,HINDUNILVR.NS,2023-06-22
2495.2822265625,HINDUNILVR.NS,2023-06-23
2505.2001953125,HINDUNILVR.NS,2023-06-26
2504.4921875,HINDUNILVR.NS,2023-06-27
2513.84326171875,HINDUNILVR.NS,2023-06-28
2529.80712890625,HINDUNILVR.NS,2023-06-30
2551.439208984375,HINDUNILVR.NS,2023-07-03
2550.447265625,HINDUNILVR.NS,2023-07-04
2603.203857421875,HINDUNILVR.NS,2023-07-05
2604.384521484375,HINDUNILVR.NS,2023-07-06
2548.65234375,HINDUNILVR.NS,2023-07-07
2509.404052734375,HINDUNILVR.NS,2023-07-10
2535.8056640625,HINDUNILVR.NS,2023-07-11
2525.556884765625,HINDUNILVR.NS,2023-07-12
2507.656494140625,HINDUNILVR.NS,2023-07-13
2528.626708984375,HINDUNILVR.NS,2023-07-14
2533.16064453125,HINDUNILVR.NS,2023-07-17
2534.199951171875,HINDUNILVR.NS,2023-07-18
2523.620361328125,HINDUNILVR.NS,2023-07-19
2553.51708984375,HINDUNILVR.NS,2023-07-20
2459.7646484375,HINDUNILVR.NS,2023-07-21
2437.330322265625,HINDUNILVR.NS,2023-07-24
2425.900146484375,HINDUNILVR.NS,2023-07-25
2440.2109375,HINDUNILVR.NS,2023-07-26
2427.506103515625,HINDUNILVR.NS,2023-07-27
2441.439208984375,HINDUNILVR.NS,2023-07-28
2418.95751953125,HINDUNILVR.NS,2023-07-31
2409.794677734375,HINDUNILVR.NS,2023-08-01
2426.656005859375,HINDUNILVR.NS,2023-08-02
2409.9833984375,HINDUNILVR.NS,2023-08-03
2404.977294921875,HINDUNILVR.NS,2023-08-04
2426.891845703125,HINDUNILVR.NS,2023-08-07
2423.727783203125,HINDUNILVR.NS,2023-08-08
2410.833740234375,HINDUNILVR.NS,2023-08-09
2396.1923828125,HINDUNILVR.NS,2023-08-10
2363.2255859375,HINDUNILVR.NS,2023-08-11
2392.791748046875,HINDUNILVR.NS,2023-08-14
2411.2119140625,HINDUNILVR.NS,2023-08-16
2402.379638671875,HINDUNILVR.NS,2023-08-17
2413.24267578125,HINDUNILVR.NS,2023-08-18
2420.799072265625,HINDUNILVR.NS,2023-08-21
2423.6806640625,HINDUNILVR.NS,2023-08-22
2431.4736328125,HINDUNILVR.NS,2023-08-23
2438.2744140625,HINDUNILVR.NS,2023-08-24
2421.554931640625,HINDUNILVR.NS,2023-08-25
2414.139892578125,HINDUNILVR.NS,2023-08-28
2386.226318359375,HINDUNILVR.NS,2023-08-29
2391.705322265625,HINDUNILVR.NS,2023-08-30
2366.29541015625,HINDUNILVR.NS,2023-08-31
2366.0595703125,HINDUNILVR.NS,2023-09-01
2362.84765625,HINDUNILVR.NS,2023-09-04
2368.1845703125,HINDUNILVR.NS,2023-09-05
2383.7236328125,HINDUNILVR.NS,2023-09-06
2368.5625,HINDUNILVR.NS,2023-09-07
2374.56103515625,HINDUNILVR.NS,2023-09-08
2395.767333984375,HINDUNILVR.NS,2023-09-11
2360.43896484375,HINDUNILVR.NS,2023-09-12
2367.71240234375,HINDUNILVR.NS,2023-09-13
2362.281005859375,HINDUNILVR.NS,2023-09-14
2332.903564453125,HINDUNILVR.NS,2023-09-15
2350.803955078125,HINDUNILVR.NS,2023-09-18
2330.21142578125,HINDUNILVR.NS,2023-09-20
2336.351318359375,HINDUNILVR.NS,2023-09-21
2344.947265625,HINDUNILVR.NS,2023-09-22
2338.713134765625,HINDUNILVR.NS,2023-09-25
2341.641357421875,HINDUNILVR.NS,2023-09-26
2363.17822265625,HINDUNILVR.NS,2023-09-27
2324.071533203125,HINDUNILVR.NS,2023-09-28
2329.03076171875,HINDUNILVR.NS,2023-09-29
2332.14794921875,HINDUNILVR.NS,2023-10-03
2368.9404296875,HINDUNILVR.NS,2023-10-04
2379.992431640625,HINDUNILVR.NS,2023-10-05
2360.9580078125,HINDUNILVR.NS,2023-10-06
2372.198974609375,HINDUNILVR.NS,2023-10-09
2376.827880859375,HINDUNILVR.NS,2023-10-10
2414.80078125,HINDUNILVR.NS,2023-10-11
2415.36767578125,HINDUNILVR.NS,2023-10-12
2427.1279296875,HINDUNILVR.NS,2023-10-13
2416.59619140625,HINDUNILVR.NS,2023-10-16
2414.564697265625,HINDUNILVR.NS,2023-10-17
2407.102783203125,HINDUNILVR.NS,2023-10-18
2406.961181640625,HINDUNILVR.NS,2023-10-19
2356.943603515625,HINDUNILVR.NS,2023-10-20
2345.93896484375,HINDUNILVR.NS,2023-10-23
2340.08251953125,HINDUNILVR.NS,2023-10-25
2339.232177734375,HINDUNILVR.NS,2023-10-26
2344.5693359375,HINDUNILVR.NS,2023-10-27
2341.593994140625,HINDUNILVR.NS,2023-10-30
2346.411376953125,HINDUNILVR.NS,2023-10-31
2335.312255859375,HINDUNILVR.NS,2023-11-01
2366.28515625,HINDUNILVR.NS,2023-11-02
2387.64697265625,HINDUNILVR.NS,2023-11-03
2376.37109375,HINDUNILVR.NS,2023-11-06
2375.46728515625,HINDUNILVR.NS,2023-11-07
2397.257568359375,HINDUNILVR.NS,2023-11-08
2356.674072265625,HINDUNILVR.NS,2023-11-09
2366.046875,HINDUNILVR.NS,2023-11-10
2358.053955078125,HINDUNILVR.NS,2023-11-13
2365.90380859375,HINDUNILVR.NS,2023-11-15
2370.4716796875,HINDUNILVR.NS,2023-11-16
2406.24951171875,HINDUNILVR.NS,2023-11-17
2384.982666015625,HINDUNILVR.NS,2023-11-20
2383.8408203125,HINDUNILVR.NS,2023-11-21
2399.68359375,HINDUNILVR.NS,2023-11-22
2397.7802734375,HINDUNILVR.NS,2023-11-23
2393.30859375,HINDUNILVR.NS,2023-11-24
2388.884033203125,HINDUNILVR.NS,2023-11-28
2402.681396484375,HINDUNILVR.NS,2023-11-29
2422.1875,HINDUNILVR.NS,2023-11-30
2439.410400390625,HINDUNILVR.NS,2023-12-01
2476.1875,HINDUNILVR.NS,2023-12-04
2439.02978515625,HINDUNILVR.NS,2023-12-05
2443.21630859375,HINDUNILVR.NS,2023-12-06
2396.2109375,HINDUNILVR.NS,2023-12-07
2400.064453125,HINDUNILVR.NS,2023-12-08
2382.318115234375,HINDUNILVR.NS,2023-12-11
2381.461669921875,HINDUNILVR.NS,2023-12-12
2390.168212890625,HINDUNILVR.NS,2023-12-13
2394.403076171875,HINDUNILVR.NS,2023-12-14
2400.63525390625,HINDUNILVR.NS,2023-12-15
2412.624755859375,HINDUNILVR.NS,2023-12-18
2436.603515625,HINDUNILVR.NS,2023-12-19
2433.55859375,HINDUNILVR.NS,2023-12-20
2429.467041015625,HINDUNILVR.NS,2023-12-21
2450.78125,HINDUNILVR.NS,2023-12-22
2459.48779296875,HINDUNILVR.NS,2023-12-26
2481.896728515625,HINDUNILVR.NS,2023-12-27
2506.160888671875,HINDUNILVR.NS,2023-12-28
2534.849609375,HINDUNILVR.NS,2023-12-29
2526.095458984375,HINDUNILVR.NS,2024-01-01
2487.130126953125,HINDUNILVR.NS,2024-01-02
2480.231689453125,HINDUNILVR.NS,2024-01-03
2466.91015625,HINDUNILVR.NS,2024-01-04
2493.07763671875,HINDUNILVR.NS,2024-01-05
2453.302978515625,HINDUNILVR.NS,2024-01-08
2454.730224609375,HINDUNILVR.NS,2024-01-09
2452.494140625,HINDUNILVR.NS,2024-01-10
2413.290771484375,HINDUNILVR.NS,2024-01-11
2420.712890625,HINDUNILVR.NS,2024-01-12
2448.49755859375,HINDUNILVR.NS,2024-01-15
2444.5966796875,HINDUNILVR.NS,2024-01-16
2438.696533203125,HINDUNILVR.NS,2024-01-17
2424.518798828125,HINDUNILVR.NS,2024-01-18
2441.075927734375,HINDUNILVR.NS,2024-01-19
2260.42626953125,HINDUNILVR.NS,2024-01-23
2323.322998046875,HINDUNILVR.NS,2024-01-24
2310.619873046875,HINDUNILVR.NS,2024-01-25
2325.939453125,HINDUNILVR.NS,2024-01-29
2339.499267578125,HINDUNILVR.NS,2024-01-30
2361.289306640625,HINDUNILVR.NS,2024-01-31
2353.724609375,HINDUNILVR.NS,2024-02-01
2333.742431640625,HINDUNILVR.NS,2024-02-02
2302.24609375,HINDUNILVR.NS,2024-02-05
2308.764404296875,HINDUNILVR.NS,2024-02-06
2307.908203125,HINDUNILVR.NS,2024-02-07
2299.9150390625,HINDUNILVR.NS,2024-02-08
2306.670654296875,HINDUNILVR.NS,2024-02-09
2270.036865234375,HINDUNILVR.NS,2024-02-12
2277.98193359375,HINDUNILVR.NS,2024-02-13
2272.225341796875,HINDUNILVR.NS,2024-02-14
2236.923095703125,HINDUNILVR.NS,2024-02-15
2260.140625,HINDUNILVR.NS,2024-02-16
2271.4638671875,HINDUNILVR.NS,2024-02-19
2287.5927734375,HINDUNILVR.NS,2024-02-20
2290.447509765625,HINDUNILVR.NS,2024-02-21
2272.367919921875,HINDUNILVR.NS,2024-02-22
2278.07763671875,HINDUNILVR.NS,2024-02-23
2287.735595703125,HINDUNILVR.NS,2024-02-26
2288.734619140625,HINDUNILVR.NS,2024-02-27
2304.19677734375,HINDUNILVR.NS,2024-02-28
2295.395263671875,HINDUNILVR.NS,2024-02-29
2292.92138671875,HINDUNILVR.NS,2024-03-01
2304.625,HINDUNILVR.NS,2024-03-04
2283.548828125,HINDUNILVR.NS,2024-03-05
2284.45263671875,HINDUNILVR.NS,2024-03-06
2302.293701171875,HINDUNILVR.NS,2024-03-07
2274.033447265625,HINDUNILVR.NS,2024-03-11
2262.900146484375,HINDUNILVR.NS,2024-03-12
2200.52685546875,HINDUNILVR.NS,2024-03-13
2221.4609375,HINDUNILVR.NS,2024-03-14
2214.89501953125,HINDUNILVR.NS,2024-03-15
2188.489501953125,HINDUNILVR.NS,2024-03-18
2157.089111328125,HINDUNILVR.NS,2024-03-19
2133.30078125,HINDUNILVR.NS,2024-03-20
2133.68115234375,HINDUNILVR.NS,2024-03-21
2147.193115234375,HINDUNILVR.NS,2024-03-22
2131.445556640625,HINDUNILVR.NS,2024-03-26
2131.15966796875,HINDUNILVR.NS,2024-03-27
2154.615234375,HINDUNILVR.NS,2024-03-28
2175.12060546875,HINDUNILVR.NS,2024-04-01
2175.88232421875,HINDUNILVR.NS,2024-04-02
2155.424072265625,HINDUNILVR.NS,2024-04-03
2155.18603515625,HINDUNILVR.NS,2024-04-04
2157.089111328125,HINDUNILVR.NS,2024-04-05
2158.9921875,HINDUNILVR.NS,2024-04-08
2154.4248046875,HINDUNILVR.NS,2024-04-09
2151.33251953125,HINDUNILVR.NS,2024-04-10
2124.118408203125,HINDUNILVR.NS,2024-04-12
2087.72216796875,HINDUNILVR.NS,2024-04-15
2113.17578125,HINDUNILVR.NS,2024-04-16
2107.46630859375,HINDUNILVR.NS,2024-04-18
2123.452392578125,HINDUNILVR.NS,2024-04-19
2132.87255859375,HINDUNILVR.NS,2024-04-22
2153.0927734375,HINDUNILVR.NS,2024-04-23
2150.714111328125,HINDUNILVR.NS,2024-04-24
2122.739013671875,HINDUNILVR.NS,2024-04-25
2114.93603515625,HINDUNILVR.NS,2024-04-26
2118.21875,HINDUNILVR.NS,2024-04-29
2122.35791015625,HINDUNILVR.NS,2024-04-30
2118.408935546875,HINDUNILVR.NS,2024-05-02
2109.607421875,HINDUNILVR.NS,2024-05-03
2146.860107421875,HINDUNILVR.NS,2024-05-06
2264.08935546875,HINDUNILVR.NS,2024-05-07
2227.598388671875,HINDUNILVR.NS,2024-05-08
2212.944580078125,HINDUNILVR.NS,2024-05-09
2248.056396484375,HINDUNILVR.NS,2024-05-10
2246.24853515625,HINDUNILVR.NS,2024-05-13
2235.733642578125,HINDUNILVR.NS,2024-05-14
2210.708251953125,HINDUNILVR.NS,2024-05-15
2229.596435546875,HINDUNILVR.NS,2024-05-16
2207.901123046875,HINDUNILVR.NS,2024-05-17
2198.718994140625,HINDUNILVR.NS,2024-05-21
2252.195068359375,HINDUNILVR.NS,2024-05-22
2267.03955078125,HINDUNILVR.NS,2024-05-23
2254.2412109375,HINDUNILVR.NS,2024-05-24
2268.9423828125,HINDUNILVR.NS,2024-05-27
2279.837890625,HINDUNILVR.NS,2024-05-28
2258.38037109375,HINDUNILVR.NS,2024-05-29
2237.446533203125,HINDUNILVR.NS,2024-05-30
2216.1796875,HINDUNILVR.NS,2024-05-31
2241.728271484375,HINDUNILVR.NS,2024-06-03
2375.32470703125,HINDUNILVR.NS,2024-06-04
2476.61572265625,HINDUNILVR.NS,2024-06-05
2426.04150390625,HINDUNILVR.NS,2024-06-06
2452.874755859375,HINDUNILVR.NS,2024-06-07
2441.0283203125,HINDUNILVR.NS,2024-06-10
2432.46435546875,HINDUNILVR.NS,2024-06-11
2406.154541015625,HINDUNILVR.NS,2024-06-12
2366.85546875,HINDUNILVR.NS,2024-06-13
2382.56494140625,HINDUNILVR.NS,2024-06-14
2388.81005859375,HINDUNILVR.NS,2024-06-18
2360.706298828125,HINDUNILVR.NS,2024-06-19
2384.918701171875,HINDUNILVR.NS,2024-06-20
2345.621826171875,HINDUNILVR.NS,2024-06-21
2346.486572265625,HINDUNILVR.NS,2024-06-24
2336.878662109375,HINDUNILVR.NS,2024-06-25
2349.75341796875,HINDUNILVR.NS,2024-06-26
2365.654541015625,HINDUNILVR.NS,2024-06-27
2376.12744140625,HINDUNILVR.NS,2024-06-28
2406.921630859375,HINDUNILVR.NS,2024-07-01
2387.753173828125,HINDUNILVR.NS,2024-07-02
2411.965576171875,HINDUNILVR.NS,2024-07-03
2398.1298828125,HINDUNILVR.NS,2024-07-04
2447.179443359375,HINDUNILVR.NS,2024-07-05
2485.755859375,HINDUNILVR.NS,2024-07-08
2488.63818359375,HINDUNILVR.NS,2024-07-09
2508.142578125,HINDUNILVR.NS,2024-07-10
2506.60546875,HINDUNILVR.NS,2024-07-11
2519.47998046875,HINDUNILVR.NS,2024-07-12
2517.606689453125,HINDUNILVR.NS,2024-07-15
2583.0859375,HINDUNILVR.NS,2024-07-16
2631.077880859375,HINDUNILVR.NS,2024-07-18
2620.124755859375,HINDUNILVR.NS,2024-07-19
2628.099609375,HINDUNILVR.NS,2024-07-22
2657.93310546875,HINDUNILVR.NS,2024-07-23
2610.564697265625,HINDUNILVR.NS,2024-07-24
2601.100830078125,HINDUNILVR.NS,2024-07-25
2604.800048828125,HINDUNILVR.NS,2024-07-26
2605.32861328125,HINDUNILVR.NS,2024-07-29
2585.919921875,HINDUNILVR.NS,2024-07-30
2599.611328125,HINDUNILVR.NS,2024-07-31
2609.123779296875,HINDUNILVR.NS,2024-08-01
2587.02490234375,HINDUNILVR.NS,2024-08-02
2609.4599609375,HINDUNILVR.NS,2024-08-05
2642.271240234375,HINDUNILVR.NS,2024-08-06
2636.506591796875,HINDUNILVR.NS,2024-08-07
2626.081787109375,HINDUNILVR.NS,2024-08-08
2639.533203125,HINDUNILVR.NS,2024-08-09
2640.974365234375,HINDUNILVR.NS,2024-08-12
2633.960205078125,HINDUNILVR.NS,2024-08-13
2615.369140625,HINDUNILVR.NS,2024-08-14
2640.5419921875,HINDUNILVR.NS,2024-08-16
2635.065673828125,HINDUNILVR.NS,2024-08-19
2643.232421875,HINDUNILVR.NS,2024-08-20
2681.808837890625,HINDUNILVR.NS,2024-08-21
2683.345947265625,HINDUNILVR.NS,2024-08-22
2705.25244140625,HINDUNILVR.NS,2024-08-23
2710.5849609375,HINDUNILVR.NS,2024-08-26
2658.461181640625,HINDUNILVR.NS,2024-08-27
2656.01123046875,HINDUNILVR.NS,2024-08-28
2676.091796875,HINDUNILVR.NS,2024-08-29
2669.126220703125,HINDUNILVR.NS,2024-08-30
2679.7431640625,HINDUNILVR.NS,2024-09-02
2684.787353515625,HINDUNILVR.NS,2024-09-03
2729.897216796875,HINDUNILVR.NS,2024-09-04
2727.20703125,HINDUNILVR.NS,2024-09-05
2727.687255859375,HINDUNILVR.NS,2024-09-06
2807.290283203125,HINDUNILVR.NS,2024-09-09
2784.99951171875,HINDUNILVR.NS,2024-09-10
2790.332275390625,HINDUNILVR.NS,2024-09-11
2840.5341796875,HINDUNILVR.NS,2024-09-12
2818.00341796875,HINDUNILVR.NS,2024-09-13
2754.734130859375,HINDUNILVR.NS,2024-09-16
2760.883544921875,HINDUNILVR.NS,2024-09-17
2763.141357421875,HINDUNILVR.NS,2024-09-18
2797.63427734375,HINDUNILVR.NS,2024-09-19
2860.903564453125,HINDUNILVR.NS,2024-09-20
2909.856689453125,HINDUNILVR.NS,2024-09-23
2834.91357421875,HINDUNILVR.NS,2024-09-24
2833.376220703125,HINDUNILVR.NS,2024-09-25
2869.070556640625,HINDUNILVR.NS,2024-09-26
2849.998291015625,HINDUNILVR.NS,2024-09-27
2842.360107421875,HINDUNILVR.NS,2024-09-30
2809.163818359375,HINDUNILVR.NS,2024-10-01
2779.95556640625,HINDUNILVR.NS,2024-10-03
2737.103271484375,HINDUNILVR.NS,2024-10-04
2722.35498046875,HINDUNILVR.NS,2024-10-07
2708.3271484375,HINDUNILVR.NS,2024-10-08
2660.4306640625,HINDUNILVR.NS,2024-10-09
2646.739013671875,HINDUNILVR.NS,2024-10-10
2674.1220703125,HINDUNILVR.NS,2024-10-11
2679.791259765625,HINDUNILVR.NS,2024-10-14
2672.44091796875,HINDUNILVR.NS,2024-10-15
2672.248779296875,HINDUNILVR.NS,2024-10-16
2631.318115234375,HINDUNILVR.NS,2024-10-17
2610.613037109375,HINDUNILVR.NS,2024-10-18
2587.98583984375,HINDUNILVR.NS,2024-10-21
2576.600341796875,HINDUNILVR.NS,2024-10-22
2555.078125,HINDUNILVR.NS,2024-10-23
2406.921630859375,HINDUNILVR.NS,2024-10-24
2428.971923828125,HINDUNILVR.NS,2024-10-25
2474.850830078125,HINDUNILVR.NS,2024-10-28
2447.8037109375,HINDUNILVR.NS,2024-10-29
2454.81787109375,HINDUNILVR.NS,2024-10-30
2429.164306640625,HINDUNILVR.NS,2024-10-31
2438.0517578125,HINDUNILVR.NS,2024-11-01
2425.849365234375,HINDUNILVR.NS,2024-11-04
2422.53466796875,HINDUNILVR.NS,2024-11-05
2430.65087890625,HINDUNILVR.NS,2024-11-06
2406.15673828125,HINDUNILVR.NS,2024-11-07
2437.45458984375,HINDUNILVR.NS,2024-11-08
2421.271240234375,HINDUNILVR.NS,2024-11-11
2392.548828125,HINDUNILVR.NS,2024-11-12
2395.902099609375,HINDUNILVR.NS,2024-11-13
2322.27392578125,HINDUNILVR.NS,2024-11-14
2355.02978515625,HINDUNILVR.NS,2024-11-18
2342.83154296875,HINDUNILVR.NS,2024-11-19
2316.05322265625,HINDUNILVR.NS,2024-11-21
2376.75390625,HINDUNILVR.NS,2024-11-22
2402.219970703125,HINDUNILVR.NS,2024-11-25
2409.7529296875,HINDUNILVR.NS,2024-11-26
2417.237060546875,HINDUNILVR.NS,2024-11-27
2393.22900390625,HINDUNILVR.NS,2024-11-28
2426.22802734375,HINDUNILVR.NS,2024-11-29
2409.704345703125,HINDUNILVR.NS,2024-12-02
2413.30078125,HINDUNILVR.NS,2024-12-03
2395.464599609375,HINDUNILVR.NS,2024-12-04
2424.7216796875,HINDUNILVR.NS,2024-12-05
2414.22412109375,HINDUNILVR.NS,2024-12-06
2333.50048828125,HINDUNILVR.NS,2024-12-09
2330.196044921875,HINDUNILVR.NS,2024-12-10
2334.083740234375,HINDUNILVR.NS,2024-12-11
2279.263427734375,HINDUNILVR.NS,2024-12-12
2323.14892578125,HINDUNILVR.NS,2024-12-13
2299.86962890625,HINDUNILVR.NS,2024-12-16
2297.05078125,HINDUNILVR.NS,2024-12-17
2293.1142578125,HINDUNILVR.NS,2024-12-18
2293.746337890625,HINDUNILVR.NS,2024-12-19
2268.52294921875,HINDUNILVR.NS,2024-12-20
2273.383056640625,HINDUNILVR.NS,2024-12-23
2270.126953125,HINDUNILVR.NS,2024-12-24
2267.405029296875,HINDUNILVR.NS,2024-12-26
2275.667236328125,HINDUNILVR.NS,2024-12-27
2277.854248046875,HINDUNILVR.NS,2024-12-30
2261.670654296875,HINDUNILVR.NS,2024-12-31
2257.0537109375,HINDUNILVR.NS,2025-01-01
2303.61181640625,HINDUNILVR.NS,2025-01-02
2338.846435546875,HINDUNILVR.NS,2025-01-03
2309.637939453125,HINDUNILVR.NS,2025-01-06
2323.829345703125,HINDUNILVR.NS,2025-01-07
2333.74365234375,HINDUNILVR.NS,2025-01-08
2367.179931640625,HINDUNILVR.NS,2025-01-09
2373.643798828125,HINDUNILVR.NS,2025-01-10
2382.3427734375,HINDUNILVR.NS,2025-01-13
2301.619384765625,HINDUNILVR.NS,2025-01-14
2306.52783203125,HINDUNILVR.NS,2025-01-15
2279.31201171875,HINDUNILVR.NS,2025-01-16
2288.060302734375,HINDUNILVR.NS,2025-01-17
2279.506591796875,HINDUNILVR.NS,2025-01-20
2274.938232421875,HINDUNILVR.NS,2025-01-21
2277.319580078125,HINDUNILVR.NS,2025-01-22
2256.664794921875,HINDUNILVR.NS,2025-01-23
2301.76513671875,HINDUNILVR.NS,2025-01-24
2325.82177734375,HINDUNILVR.NS,2025-01-27
2321.933837890625,HINDUNILVR.NS,2025-01-28
2317.171142578125,HINDUNILVR.NS,2025-01-29
2341.276123046875,HINDUNILVR.NS,2025-01-30
2399.644287109375,HINDUNILVR.NS,2025-01-31
2435.85107421875,HINDUNILVR.NS,2025-02-01
2373.54638671875,HINDUNILVR.NS,2025-02-03
2369.755615234375,HINDUNILVR.NS,2025-02-04
2324.072265625,HINDUNILVR.NS,2025-02-05
2306.236328125,HINDUNILVR.NS,2025-02-06
2297.63427734375,HINDUNILVR.NS,2025-02-07
2295.301513671875,HINDUNILVR.NS,2025-02-10
2250.395751953125,HINDUNILVR.NS,2025-02-11
2267.162353515625,HINDUNILVR.NS,2025-02-12
2256.470458984375,HINDUNILVR.NS,2025-02-13
2253.40869140625,HINDUNILVR.NS,2025-02-14
2264.149169921875,HINDUNILVR.NS,2025-02-17
2231.684814453125,HINDUNILVR.NS,2025-02-18
2187.36181640625,HINDUNILVR.NS,2025-02-19
2185.07763671875,HINDUNILVR.NS,2025-02-20
2178.85693359375,HINDUNILVR.NS,2025-02-21
2178.662841796875,HINDUNILVR.NS,2025-02-24
2196.0126953125,HINDUNILVR.NS,2025-02-25
2182.064453125,HINDUNILVR.NS,2025-02-27
2128.89697265625,HINDUNILVR.NS,2025-02-28
2115.872314453125,HINDUNILVR.NS,2025-03-03
2096.918701171875,HINDUNILVR.NS,2025-03-04
2109.651611328125,HINDUNILVR.NS,2025-03-05
2156.79296875,HINDUNILVR.NS,2025-03-06
2142.796630859375,HINDUNILVR.NS,2025-03-07
2184.786376953125,HINDUNILVR.NS,2025-03-10
2154.84912109375,HINDUNILVR.NS,2025-03-11
2131.472412109375,HINDUNILVR.NS,2025-03-12
2113.8798828125,HINDUNILVR.NS,2025-03-13
2110.42919921875,HINDUNILVR.NS,2025-03-17
2110.42919921875,HINDUNILVR.NS,2025-03-18
2138.422607421875,HINDUNILVR.NS,2025-03-19
2179.586181640625,HINDUNILVR.NS,2025-03-20
2183.27978515625,HINDUNILVR.NS,2025-03-21
2192.99951171875,HINDUNILVR.NS,2025-03-24
2207.6767578125,HINDUNILVR.NS,2025-03-25
2183.036376953125,HINDUNILVR.NS,2025-03-26
2181.773193359375,HINDUNILVR.NS,2025-03-27
2195.575439453125,HINDUNILVR.NS,2025-03-28
2171.27587890625,HINDUNILVR.NS,2025-04-01
2175.212158203125,HINDUNILVR.NS,2025-04-02
2181.676025390625,HINDUNILVR.NS,2025-04-03
2181.676025390625,HINDUNILVR.NS,2025-04-04
2186.389892578125,HINDUNILVR.NS,2025-04-07
2225.123779296875,HINDUNILVR.NS,2025-04-08
2284.172119140625,HINDUNILVR.NS,2025-04-09
2299.86962890625,HINDUNILVR.NS,2025-04-11
2295.35009765625,HINDUNILVR.NS,2025-04-15
2300.30712890625,HINDUNILVR.NS,2025-04-16
2308.4716796875,HINDUNILVR.NS,2025-04-17
2285.14404296875,HINDUNILVR.NS,2025-04-21
2331.508056640625,HINDUNILVR.NS,2025-04-22
2355.905029296875,HINDUNILVR.NS,2025-04-23
2260.163818359375,HINDUNILVR.NS,2025-04-24
2266.87060546875,HINDUNILVR.NS,2025-04-25
2253.65185546875,HINDUNILVR.NS,2025-04-28
2256.664794921875,HINDUNILVR.NS,2025-04-29
2276.49365234375,HINDUNILVR.NS,2025-04-30
2253.65185546875,HINDUNILVR.NS,2025-05-02
2282.8115234375,HINDUNILVR.NS,2025-05-05
2315.081298828125,HINDUNILVR.NS,2025-05-06
2304.389404296875,HINDUNILVR.NS,2025-05-07
2288.934814453125,HINDUNILVR.NS,2025-05-08
2267.551025390625,HINDUNILVR.NS,2025-05-09
2315.76171875,HINDUNILVR.NS,2025-05-12
2293.891845703125,HINDUNILVR.NS,2025-05-13
2284.657958984375,HINDUNILVR.NS,2025-05-14
2289.226318359375,HINDUNILVR.NS,2025-05-15
2314.6923828125,HINDUNILVR.NS,2025-05-16
2315.9560546875,HINDUNILVR.NS,2025-05-19
2275.521728515625,HINDUNILVR.NS,2025-05-20
2297.6826171875,HINDUNILVR.NS,2025-05-21
2265.41259765625,HINDUNILVR.NS,2025-05-22
2293.1142578125,HINDUNILVR.NS,2025-05-23
2327.036865234375,HINDUNILVR.NS,2025-05-26
2313.5263671875,HINDUNILVR.NS,2025-05-27
2295.8359375,HINDUNILVR.NS,2025-05-28
2300.404296875,HINDUNILVR.NS,2025-05-29
2282.519775390625,HINDUNILVR.NS,2025-05-30
2305.167236328125,HINDUNILVR.NS,2025-06-02
2286.40771484375,HINDUNILVR.NS,2025-06-03
2298.265869140625,HINDUNILVR.NS,2025-06-04
2309.83251953125,HINDUNILVR.NS,2025-06-05
2322.857421875,HINDUNILVR.NS,2025-06-06
2326.161865234375,HINDUNILVR.NS,2025-06-09
2328.10595703125,HINDUNILVR.NS,2025-06-10
2309.83251953125,HINDUNILVR.NS,2025-06-11
2267.3564453125,HINDUNILVR.NS,2025-06-12
2254.04052734375,HINDUNILVR.NS,2025-06-13
2262.204833984375,HINDUNILVR.NS,2025-06-16
2263.37158203125,HINDUNILVR.NS,2025-06-17
2232.9482421875,HINDUNILVR.NS,2025-06-18
2229.93505859375,HINDUNILVR.NS,2025-06-19
2241.59912109375,HINDUNILVR.NS,2025-06-20
2234.62548828125,HINDUNILVR.NS,2025-06-23
2222.839111328125,HINDUNILVR.NS,2025-06-24
2238.1611328125,HINDUNILVR.NS,2025-06-25
2240.223876953125,HINDUNILVR.NS,2025-06-26
2265.859375,HINDUNILVR.NS,2025-06-27
2253.778564453125,HINDUNILVR.NS,2025-06-30
2254.662353515625,HINDUNILVR.NS,2025-07-01
2266.05615234375,HINDUNILVR.NS,2025-07-02
2272.243896484375,HINDUNILVR.NS,2025-07-03
2297.68310546875,HINDUNILVR.NS,2025-07-04
2367.518310546875,HINDUNILVR.NS,2025-07-07
2350.133056640625,HINDUNILVR.NS,2025-07-08
2380.286865234375,HINDUNILVR.NS,2025-07-09
2365.553955078125,HINDUNILVR.NS,2025-07-10
2474.775634765625,HINDUNILVR.NS,2025-07-11
2471.8291015625,HINDUNILVR.NS,2025-07-14
2481.94580078125,HINDUNILVR.NS,2025-07-15
2472.811279296875,HINDUNILVR.NS,2025-07-16
2465.14990234375,HINDUNILVR.NS,2025-07-17
2445.309326171875,HINDUNILVR.NS,2025-07-18
2421.048828125,HINDUNILVR.NS,2025-07-21
2435.58544921875,HINDUNILVR.NS,2025-07-22
2406.806640625,HINDUNILVR.NS,2025-07-23
2394.430908203125,HINDUNILVR.NS,2025-07-24
2372.42919921875,HINDUNILVR.NS,2025-07-25
2398.163330078125,HINDUNILVR.NS,2025-07-28
2409.949951171875,HINDUNILVR.NS,2025-07-29
2394.037841796875,HINDUNILVR.NS,2025-07-30
2476.34716796875,HINDUNILVR.NS,2025-07-31
2508.26904296875,HINDUNILVR.NS,2025-08-01
2498.44677734375,HINDUNILVR.NS,2025-08-04
2489.60693359375,HINDUNILVR.NS,2025-08-05
2490.490966796875,HINDUNILVR.NS,2025-08-06
2472.712890625,HINDUNILVR.NS,2025-08-07
2454.1494140625,HINDUNILVR.NS,2025-08-08
2473.5966796875,HINDUNILVR.NS,2025-08-11
2439.612548828125,HINDUNILVR.NS,2025-08-12
2450.711669921875,HINDUNILVR.NS,2025-08-13
2436.469482421875,HINDUNILVR.NS,2025-08-14
2522.4130859375,HINDUNILVR.NS,2025-08-18
2558.4599609375,HINDUNILVR.NS,2025-08-19
2622.3037109375,HINDUNILVR.NS,2025-08-20
2600.891357421875,HINDUNILVR.NS,2025-08-21
2583.11328125,HINDUNILVR.NS,2025-08-22
2584.783203125,HINDUNILVR.NS,2025-08-25
2644.697998046875,HINDUNILVR.NS,2025-08-26
2607.177490234375,HINDUNILVR.NS,2025-08-28
2612.4814453125,HINDUNILVR.NS,2025-08-29
2602.36474609375,HINDUNILVR.NS,2025-09-01
2629.37548828125,HINDUNILVR.NS,2025-09-02
2617.294189453125,HINDUNILVR.NS,2025-09-03
2619.16064453125,HINDUNILVR.NS,2025-09-04
2586.55078125,HINDUNILVR.NS,2025-09-05
2577.219970703125,HINDUNILVR.NS,2025-09-08
2594.998046875,HINDUNILVR.NS,2025-09-09
2596.471435546875,HINDUNILVR.NS,2025-09-10
2575.35400390625,HINDUNILVR.NS,2025-09-11
2534.592041015625,HINDUNILVR.NS,2025-09-12
2535.083251953125,HINDUNILVR.NS,2025-09-15
2534.985107421875,HINDUNILVR.NS,2025-09-16
2523.984130859375,HINDUNILVR.NS,2025-09-17
2540.780029296875,HINDUNILVR.NS,2025-09-18
2514.06396484375,HINDUNILVR.NS,2025-09-19
2526.43994140625,HINDUNILVR.NS,2025-09-22
2477.329345703125,HINDUNILVR.NS,2025-09-23
2504.143798828125,HINDUNILVR.NS,2025-09-24
2493.14306640625,HINDUNILVR.NS,2025-09-25
2467.1142578125,HINDUNILVR.NS,2025-09-26
2453.46142578125,HINDUNILVR.NS,2025-09-29
2469.66796875,HINDUNILVR.NS,2025-09-30
2491.080322265625,HINDUNILVR.NS,2025-10-01
2499.62548828125,HINDUNILVR.NS,2025-10-03
2496.580810546875,HINDUNILVR.NS,2025-10-06
2472.418212890625,HINDUNILVR.NS,2025-10-07
2455.62255859375,HINDUNILVR.NS,2025-10-08
2472.811279296875,HINDUNILVR.NS,2025-10-09
2483.91015625,HINDUNILVR.NS,2025-10-10
2448.452392578125,HINDUNILVR.NS,2025-10-13
2457.783447265625,HINDUNILVR.NS,2025-10-14
2474.186279296875,HINDUNILVR.NS,2025-10-15
2515.93017578125,HINDUNILVR.NS,2025-10-16
2557.37939453125,HINDUNILVR.NS,2025-10-17
2548.24462890625,HINDUNILVR.NS,2025-10-20
2545.593017578125,HINDUNILVR.NS,2025-10-21
2555.31689453125,HINDUNILVR.NS,2025-10-23
2471.63232421875,HINDUNILVR.NS,2025-10-24
2467.1142578125,HINDUNILVR.NS,2025-10-27
2452.676025390625,HINDUNILVR.NS,2025-10-28
2443.8359375,HINDUNILVR.NS,2025-10-29
2425.6650390625,HINDUNILVR.NS,2025-10-30
2421.637939453125,HINDUNILVR.NS,2025-10-31
2416.23583984375,HINDUNILVR.NS,2025-11-03
2402.190185546875,HINDUNILVR.NS,2025-11-04
2392.662841796875,HINDUNILVR.NS,2025-11-06
2389.693115234375,HINDUNILVR.NS,2025-11-07
2384.54541015625,HINDUNILVR.NS,2025-11-10
2403.05712890625,HINDUNILVR.NS,2025-11-11
2400.08740234375,HINDUNILVR.NS,2025-11-12
2383.357666015625,HINDUNILVR.NS,2025-11-13
2403.255126953125,HINDUNILVR.NS,2025-11-14
2400.582275390625,HINDUNILVR.NS,2025-11-17
2379.793701171875,HINDUNILVR.NS,2025-11-18
2417.015380859375,HINDUNILVR.NS,2025-11-19
2403.947998046875,HINDUNILVR.NS,2025-11-20
2409.19482421875,HINDUNILVR.NS,2025-11-21
2399.790283203125,HINDUNILVR.NS,2025-11-24
2389.792236328125,HINDUNILVR.NS,2025-11-25
2400.7802734375,HINDUNILVR.NS,2025-11-26
2427.013427734375,HINDUNILVR.NS,2025-11-27
2441.763671875,HINDUNILVR.NS,2025-11-28
2439.6845703125,HINDUNILVR.NS,2025-12-01
2452.850830078125,HINDUNILVR.NS,2025-12-02
2423.350830078125,HINDUNILVR.NS,2025-12-03
2437.40771484375,HINDUNILVR.NS,2025-12-04
2315.052490234375,HINDUNILVR.NS,2025-12-05
2290.699951171875,HINDUNILVR.NS,2025-12-08
2283.275634765625,HINDUNILVR.NS,2025-12-09
2278.52392578125,HINDUNILVR.NS,2025-12-10
2282.384765625,HINDUNILVR.NS,2025-12-11
2237.837890625,HINDUNILVR.NS,2025-12-12
2270.406494140625,HINDUNILVR.NS,2025-12-15
2258.13134765625,HINDUNILVR.NS,2025-12-16
2252.686767578125,HINDUNILVR.NS,2025-12-17
2242.6884765625,HINDUNILVR.NS,2025-12-18
2257.04248046875,HINDUNILVR.NS,2025-12-19
2266.44677734375,HINDUNILVR.NS,2025-12-22
2279.414794921875,HINDUNILVR.NS,2025-12-23
2259.22021484375,HINDUNILVR.NS,2025-12-24
2262.387939453125,HINDUNILVR.NS,2025-12-26
2270.20849609375,HINDUNILVR.NS,2025-12-29
2267.1396484375,HINDUNILVR.NS,2025-12-30
2292.580810546875,HINDUNILVR.NS,2025-12-31
2299.609375,HINDUNILVR.NS,2026-01-01
2324.357666015625,HINDUNILVR.NS,2026-01-02
2360.09423828125,HINDUNILVR.NS,2026-01-05
2400.285400390625,HINDUNILVR.NS,2026-01-06
2375.239990234375,HINDUNILVR.NS,2026-01-07
2362.66796875,HINDUNILVR.NS,2026-01-08
2348.7099609375,HINDUNILVR.NS,2026-01-09
2381.9716796875,HINDUNILVR.NS,2026-01-12
2365.439697265625,HINDUNILVR.NS,2026-01-13
2329.80224609375,HINDUNILVR.NS,2026-01-14
2329.80224609375,HINDUNILVR.NS,2026-01-15
2336.6328125,HINDUNILVR.NS,2026-01-16
2389.593994140625,HINDUNILVR.NS,2026-01-19
2355.14453125,HINDUNILVR.NS,2026-01-20
2344.15625,HINDUNILVR.NS,2026-01-21
2366.52880859375,HINDUNILVR.NS,2026-01-22
2385.238525390625,HINDUNILVR.NS,2026-01-23
2376.724853515625,HINDUNILVR.NS,2026-01-27
2354.451416015625,HINDUNILVR.NS,2026-01-28
2328.911376953125,HINDUNILVR.NS,2026-01-29
2349.10595703125,HINDUNILVR.NS,2026-01-30
2333.56396484375,HINDUNILVR.NS,2026-02-02
2344.750244140625,HINDUNILVR.NS,2026-02-03
2347.1259765625,HINDUNILVR.NS,2026-02-04
2330.693115234375,HINDUNILVR.NS,2026-02-05
2399.790283203125,HINDUNILVR.NS,2026-02-06
2410.481689453125,HINDUNILVR.NS,2026-02-09
2428.89453125,HINDUNILVR.NS,2026-02-10
2438.1005859375,HINDUNILVR.NS,2026-02-11
2385.436279296875,HINDUNILVR.NS,2026-02-12
2281.988525390625,HINDUNILVR.NS,2026-02-13
2295.649658203125,HINDUNILVR.NS,2026-02-16
2289.01708984375,HINDUNILVR.NS,2026-02-17
2300.1044921875,HINDUNILVR.NS,2026-02-18
2256.349365234375,HINDUNILVR.NS,2026-02-19
2291.195068359375,HINDUNILVR.NS,2026-02-20
2321.78369140625,HINDUNILVR.NS,2026-02-23
2334.85107421875,HINDUNILVR.NS,2026-02-24
2350.98681640625,HINDUNILVR.NS,2026-02-25
2359.30224609375,HINDUNILVR.NS,2026-02-26
2314.557373046875,HINDUNILVR.NS,2026-02-27
2297.233642578125,HINDUNILVR.NS,2026-03-02
2238.53076171875,HINDUNILVR.NS,2026-03-04
2232.294189453125,HINDUNILVR.NS,2026-03-05
2203.2890625,HINDUNILVR.NS,2026-03-06
2172.50244140625,HINDUNILVR.NS,2026-03-09
2168.146484375,HINDUNILVR.NS,2026-03-10
2139.636474609375,HINDUNILVR.NS,2026-03-11
2115.383056640625,HINDUNILVR.NS,2026-03-12
2138.250732421875,HINDUNILVR.NS,2026-03-13
2153.79248046875,HINDUNILVR.NS,2026-03-16
2136.46875,HINDUNILVR.NS,2026-03-17
2113.79931640625,HINDUNILVR.NS,2026-03-18
2056.383544921875,HINDUNILVR.NS,2026-03-19
2061.72900390625,HINDUNILVR.NS,2026-03-20
2031.5361328125,HINDUNILVR.NS,2026-03-23
2064.005859375,HINDUNILVR.NS,2026-03-24
2113.304443359375,HINDUNILVR.NS,2026-03-25
2053.512451171875,HINDUNILVR.NS,2026-03-27
2034.505859375,HINDUNILVR.NS,2026-03-30
2043.91015625,HINDUNILVR.NS,2026-04-01
2044.5042724609375,HINDUNILVR.NS,2026-04-02
2063.807861328125,HINDUNILVR.NS,2026-04-06
2089.34814453125,HINDUNILVR.NS,2026-04-07
2123.995849609375,HINDUNILVR.NS,2026-04-08
2111.720458984375,HINDUNILVR.NS,2026-04-09
2133.59814453125,HINDUNILVR.NS,2026-04-10
2105.781005859375,HINDUNILVR.NS,2026-04-13
2135.875,HINDUNILVR.NS,2026-04-15
2117.561279296875,HINDUNILVR.NS,2026-04-16
2218.237060546875,HINDUNILVR.NS,2026-04-17
2209.03076171875,HINDUNILVR.NS,2026-04-20
2287.43310546875,HINDUNILVR.NS,2026-04-21
2344.9482421875,HINDUNILVR.NS,2026-04-22
2342.572265625,HINDUNILVR.NS,2026-04-23
2303.8662109375,HINDUNILVR.NS,2026-04-24
2304.856201171875,HINDUNILVR.NS,2026-04-27
2266.44677734375,HINDUNILVR.NS,2026-04-28
2291.095947265625,HINDUNILVR.NS,2026-04-29
2228.2353515625,HINDUNILVR.NS,2026-04-30
2228.2353515625,HINDUNILVR.NS,2026-05-01
2286.04736328125,HINDUNILVR.NS,2026-05-04
2303.965087890625,HINDUNILVR.NS,2026-05-05
2293.768798828125,HINDUNILVR.NS,2026-05-06
2249.32080078125,HINDUNILVR.NS,2026-05-07
2264.664794921875,HINDUNILVR.NS,2026-05-08
2283.968505859375,HINDUNILVR.NS,2026-05-11
2239.2236328125,HINDUNILVR.NS,2026-05-12
2244.47021484375,HINDUNILVR.NS,2026-05-13
2226.057373046875,HINDUNILVR.NS,2026-05-14
2249.32080078125,HINDUNILVR.NS,2026-05-15
2231.502197265625,HINDUNILVR.NS,2026-05-18
2210.41650390625,HINDUNILVR.NS,2026-05-19
2187.05419921875,HINDUNILVR.NS,2026-05-20
2157.059326171875,HINDUNILVR.NS,2026-05-21
2181.411865234375,HINDUNILVR.NS,2026-05-22
2174.383056640625,HINDUNILVR.NS,2026-05-25
2187.153076171875,HINDUNILVR.NS,2026-05-26
2176.263916015625,HINDUNILVR.NS,2026-05-27
2176.263916015625,HINDUNILVR.NS,2026-05-28
2131.816162109375,HINDUNILVR.NS,2026-05-29
2063.31298828125,HINDUNILVR.NS,2026-06-01
2072.6181640625,HINDUNILVR.NS,2026-06-02
2069.549560546875,HINDUNILVR.NS,2026-06-03
2058.462158203125,HINDUNILVR.NS,2026-06-04
2100.138427734375,HINDUNILVR.NS,2026-06-05
2088.853271484375,HINDUNILVR.NS,2026-06-08
2111.32470703125,HINDUNILVR.NS,2026-06-09
2147.655029296875,HINDUNILVR.NS,2026-06-10
2118.254150390625,HINDUNILVR.NS,2026-06-11
2146.962158203125,HINDUNILVR.NS,2026-06-12
2134.39013671875,HINDUNILVR.NS,2026-06-15
2177.748779296875,HINDUNILVR.NS,2026-06-16
2175.47216796875,HINDUNILVR.NS,2026-06-17
2196.16162109375,HINDUNILVR.NS,2026-06-18
2172.50244140625,HINDUNILVR.NS,2026-06-19
2162.89990234375,HINDUNILVR.NS,2026-06-22
2160.10009765625,HINDUNILVR.NS,2026-06-23
2157.800048828125,HINDUNILVR.NS,2026-06-24
2174.199951171875,HINDUNILVR.NS,2026-06-25
2174.199951171875,HINDUNILVR.NS,2026-06-26
2151.300048828125,HINDUNILVR.NS,2026-06-29
225.76463317871094,ITC.NS,2022-05-20
221.32998657226562,ITC.NS,2022-05-23
218.386962890625,ITC.NS,2022-05-24
219.8786163330078,ITC.NS,2022-05-25
220.28395080566406,ITC.NS,2022-05-26
222.34884643554688,ITC.NS,2022-05-27
222.22494506835938,ITC.NS,2022-05-30
223.5464630126953,ITC.NS,2022-05-31
224.5376739501953,ITC.NS,2022-06-01
225.90049743652344,ITC.NS,2022-06-02
225.2397003173828,ITC.NS,2022-06-03
226.97422790527344,ITC.NS,2022-06-06
226.2308807373047,ITC.NS,2022-06-07
221.2751007080078,ITC.NS,2022-06-08
223.711669921875,ITC.NS,2022-06-09
223.1334991455078,ITC.NS,2022-06-10
218.5906982421875,ITC.NS,2022-06-13
219.25148010253906,ITC.NS,2022-06-14
217.55825805664062,ITC.NS,2022-06-15
215.32815551757812,ITC.NS,2022-06-16
217.47567749023438,ITC.NS,2022-06-17
218.13644409179688,ITC.NS,2022-06-20
222.92703247070312,ITC.NS,2022-06-21
219.12757873535156,ITC.NS,2022-06-22
219.29275512695312,ITC.NS,2022-06-23
219.5818634033203,ITC.NS,2022-06-24
222.96829223632812,ITC.NS,2022-06-27
224.5376739501953,ITC.NS,2022-06-28
226.35476684570312,ITC.NS,2022-06-29
225.90049743652344,ITC.NS,2022-06-30
234.8621826171875,ITC.NS,2022-07-01
241.09814453125,ITC.NS,2022-07-04
236.9683837890625,ITC.NS,2022-07-05
238.95068359375,ITC.NS,2022-07-06
241.1394500732422,ITC.NS,2022-07-07
242.0480194091797,ITC.NS,2022-07-08
243.65866088867188,ITC.NS,2022-07-11
241.75894165039062,ITC.NS,2022-07-12
242.87396240234375,ITC.NS,2022-07-13
240.23092651367188,ITC.NS,2022-07-14
242.4609832763672,ITC.NS,2022-07-15
243.90643310546875,ITC.NS,2022-07-18
243.32827758789062,ITC.NS,2022-07-19
246.30172729492188,ITC.NS,2022-07-20
247.41680908203125,ITC.NS,2022-07-21
248.2427215576172,ITC.NS,2022-07-22
248.69700622558594,ITC.NS,2022-07-25
249.81204223632812,ITC.NS,2022-07-26
251.21620178222656,ITC.NS,2022-07-27
250.63803100585938,ITC.NS,2022-07-28
250.30763244628906,ITC.NS,2022-07-29
253.98318481445312,ITC.NS,2022-08-01
256.00677490234375,ITC.NS,2022-08-02
254.52005004882812,ITC.NS,2022-08-03
255.63511657714844,ITC.NS,2022-08-04
256.7501220703125,ITC.NS,2022-08-05
258.6498107910156,ITC.NS,2022-08-08
257.03924560546875,ITC.NS,2022-08-10
252.95069885253906,ITC.NS,2022-08-11
254.85035705566406,ITC.NS,2022-08-12
256.5023193359375,ITC.NS,2022-08-16
258.1543273925781,ITC.NS,2022-08-17
260.7147216796875,ITC.NS,2022-08-18
257.6999816894531,ITC.NS,2022-08-19
259.68231201171875,ITC.NS,2022-08-22
260.9212646484375,ITC.NS,2022-08-23
259.43450927734375,ITC.NS,2022-08-24
257.9891052246094,ITC.NS,2022-08-25
258.4433288574219,ITC.NS,2022-08-26
258.980224609375,ITC.NS,2022-08-29
264.72064208984375,ITC.NS,2022-08-30
262.3253479003906,ITC.NS,2022-09-01
266.9094543457031,ITC.NS,2022-09-02
271.617431640625,ITC.NS,2022-09-05
270.2132873535156,ITC.NS,2022-09-06
269.3460693359375,ITC.NS,2022-09-07
272.4847106933594,ITC.NS,2022-09-08
272.9803161621094,ITC.NS,2022-09-09
273.3106994628906,ITC.NS,2022-09-12
276.2015380859375,ITC.NS,2022-09-13
276.9861755371094,ITC.NS,2022-09-14
275.9537353515625,ITC.NS,2022-09-15
273.6410217285156,ITC.NS,2022-09-16
277.19268798828125,ITC.NS,2022-09-19
277.5230712890625,ITC.NS,2022-09-20
281.611572265625,ITC.NS,2022-09-21
284.9980163574219,ITC.NS,2022-09-22
286.1130676269531,ITC.NS,2022-09-23
274.7148132324219,ITC.NS,2022-09-26
276.5732116699219,ITC.NS,2022-09-27
268.396240234375,ITC.NS,2022-09-28
275.08648681640625,ITC.NS,2022-09-29
274.3844299316406,ITC.NS,2022-09-30
267.94189453125,ITC.NS,2022-10-03
274.9212951660156,ITC.NS,2022-10-04
278.0599060058594,ITC.NS,2022-10-06
275.9537353515625,ITC.NS,2022-10-07
270.7914733886719,ITC.NS,2022-10-10
269.5112609863281,ITC.NS,2022-10-11
272.64990234375,ITC.NS,2022-10-12
271.4522399902344,ITC.NS,2022-10-13
274.3017883300781,ITC.NS,2022-10-14
274.4257507324219,ITC.NS,2022-10-17
281.0746765136719,ITC.NS,2022-10-18
286.0717468261719,ITC.NS,2022-10-19
288.8387145996094,ITC.NS,2022-10-20
285.4523010253906,ITC.NS,2022-10-21
287.18682861328125,ITC.NS,2022-10-24
286.03045654296875,ITC.NS,2022-10-25
285.6175231933594,ITC.NS,2022-10-27
285.6175231933594,ITC.NS,2022-10-28
288.0127868652344,ITC.NS,2022-10-31
288.6735534667969,ITC.NS,2022-11-01
292.92724609375,ITC.NS,2022-11-02
292.14263916015625,ITC.NS,2022-11-03
292.0599670410156,ITC.NS,2022-11-04
291.9773864746094,ITC.NS,2022-11-07
297.92431640625,ITC.NS,2022-11-09
294.0422668457031,ITC.NS,2022-11-10
294.3314208984375,ITC.NS,2022-11-11
286.7738037109375,ITC.NS,2022-11-14
285.1632080078125,ITC.NS,2022-11-15
284.2133483886719,ITC.NS,2022-11-16
283.88299560546875,ITC.NS,2022-11-17
281.69415283203125,ITC.NS,2022-11-18
278.51422119140625,ITC.NS,2022-11-21
281.03338623046875,ITC.NS,2022-11-22
280.6617431640625,ITC.NS,2022-11-23
281.44635009765625,ITC.NS,2022-11-24
281.0746765136719,ITC.NS,2022-11-25
280.86822509765625,ITC.NS,2022-11-28
282.72662353515625,ITC.NS,2022-11-29
280.8269348144531,ITC.NS,2022-11-30
280.4552307128906,ITC.NS,2022-12-01
278.472900390625,ITC.NS,2022-12-02
278.142578125,ITC.NS,2022-12-05
278.5968017578125,ITC.NS,2022-12-06
280.9095764160156,ITC.NS,2022-12-07
279.50537109375,ITC.NS,2022-12-08
281.9833068847656,ITC.NS,2022-12-09
283.4699401855469,ITC.NS,2022-12-12
285.4523010253906,ITC.NS,2022-12-13
285.287109375,ITC.NS,2022-12-14
279.8770446777344,ITC.NS,2022-12-15
276.7796936035156,ITC.NS,2022-12-16
281.23992919921875,ITC.NS,2022-12-19
280.9507751464844,ITC.NS,2022-12-20
276.82098388671875,ITC.NS,2022-12-21
274.59088134765625,ITC.NS,2022-12-22
269.84161376953125,ITC.NS,2022-12-23
276.3667297363281,ITC.NS,2022-12-26
275.1690979003906,ITC.NS,2022-12-27
276.2015380859375,ITC.NS,2022-12-28
276.9861755371094,ITC.NS,2022-12-29
273.8475341796875,ITC.NS,2022-12-30
274.9212951660156,ITC.NS,2023-01-02
273.4758605957031,ITC.NS,2023-01-03
270.08941650390625,ITC.NS,2023-01-04
275.4168395996094,ITC.NS,2023-01-05
276.7383728027344,ITC.NS,2023-01-06
279.2162780761719,ITC.NS,2023-01-09
275.3755798339844,ITC.NS,2023-01-10
274.0540466308594,ITC.NS,2023-01-11
272.443359375,ITC.NS,2023-01-12
271.5348205566406,ITC.NS,2023-01-13
272.7325134277344,ITC.NS,2023-01-16
274.4257507324219,ITC.NS,2023-01-17
276.40802001953125,ITC.NS,2023-01-18
274.3431396484375,ITC.NS,2023-01-19
276.3667297363281,ITC.NS,2023-01-20
278.968505859375,ITC.NS,2023-01-23
279.9596862792969,ITC.NS,2023-01-24
280.20745849609375,ITC.NS,2023-01-25
285.7826843261719,ITC.NS,2023-01-27
284.79150390625,ITC.NS,2023-01-30
291.02752685546875,ITC.NS,2023-01-31
298.5024719238281,ITC.NS,2023-02-01
312.70904541015625,ITC.NS,2023-02-02
314.40228271484375,ITC.NS,2023-02-03
316.67364501953125,ITC.NS,2023-02-06
308.2901306152344,ITC.NS,2023-02-07
310.1898193359375,ITC.NS,2023-02-08
309.1160888671875,ITC.NS,2023-02-09
306.7207946777344,ITC.NS,2023-02-10
309.0747375488281,ITC.NS,2023-02-13
319.1928405761719,ITC.NS,2023-02-14
320.85595703125,ITC.NS,2023-02-15
321.1497497558594,ITC.NS,2023-02-16
321.8633117675781,ITC.NS,2023-02-17
322.40899658203125,ITC.NS,2023-02-20
320.89788818359375,ITC.NS,2023-02-21
322.2411193847656,ITC.NS,2023-02-22
325.3892517089844,ITC.NS,2023-02-23
323.2904968261719,ITC.NS,2023-02-24
320.85595703125,ITC.NS,2023-02-27
316.2386779785156,ITC.NS,2023-02-28
317.9176940917969,ITC.NS,2023-03-01
315.2733154296875,ITC.NS,2023-03-02
323.16455078125,ITC.NS,2023-03-03
325.8509216308594,ITC.NS,2023-03-06
329.4187927246094,ITC.NS,2023-03-08
325.3052673339844,ITC.NS,2023-03-09
325.72503662109375,ITC.NS,2023-03-10
322.07318115234375,ITC.NS,2023-03-13
318.7572021484375,ITC.NS,2023-03-14
318.5053405761719,ITC.NS,2023-03-15
320.226318359375,ITC.NS,2023-03-16
315.2733154296875,ITC.NS,2023-03-17
318.0016174316406,ITC.NS,2023-03-20
316.44854736328125,ITC.NS,2023-03-21
317.12017822265625,ITC.NS,2023-03-22
319.55474853515625,ITC.NS,2023-03-23
317.9176940917969,ITC.NS,2023-03-24
319.17694091796875,ITC.NS,2023-03-27
318.79913330078125,ITC.NS,2023-03-28
321.31768798828125,ITC.NS,2023-03-29
321.9472351074219,ITC.NS,2023-03-31
318.0855712890625,ITC.NS,2023-04-03
324.3818054199219,ITC.NS,2023-04-05
325.1793518066406,ITC.NS,2023-04-06
326.1867370605469,ITC.NS,2023-04-10
332.44097900390625,ITC.NS,2023-04-11
330.3842468261719,ITC.NS,2023-04-12
332.10516357421875,ITC.NS,2023-04-13
335.9249267578125,ITC.NS,2023-04-17
334.5397033691406,ITC.NS,2023-04-18
334.7496337890625,ITC.NS,2023-04-19
336.05084228515625,ITC.NS,2023-04-20
342.724853515625,ITC.NS,2023-04-21
343.1026306152344,ITC.NS,2023-04-24
345.49517822265625,ITC.NS,2023-04-25
346.0827941894531,ITC.NS,2023-04-26
349.2309265136719,ITC.NS,2023-04-27
357.24810791015625,ITC.NS,2023-04-28
356.32470703125,ITC.NS,2023-05-02
358.59130859375,ITC.NS,2023-05-03
356.4506530761719,ITC.NS,2023-05-04
359.9344787597656,ITC.NS,2023-05-05
362.201171875,ITC.NS,2023-05-08
355.7790222167969,ITC.NS,2023-05-09
357.08026123046875,ITC.NS,2023-05-10
352.92474365234375,ITC.NS,2023-05-11
352.9667053222656,ITC.NS,2023-05-12
359.13702392578125,ITC.NS,2023-05-15
355.90496826171875,ITC.NS,2023-05-16
358.9691162109375,ITC.NS,2023-05-17
352.3370666503906,ITC.NS,2023-05-18
352.4629821777344,ITC.NS,2023-05-19
356.5765686035156,ITC.NS,2023-05-22
360.2703552246094,ITC.NS,2023-05-23
363.9221496582031,ITC.NS,2023-05-24
370.3443298339844,ITC.NS,2023-05-25
372.40106201171875,ITC.NS,2023-05-26
377.0183410644531,ITC.NS,2023-05-29
386.1734313964844,ITC.NS,2023-05-30
382.39666748046875,ITC.NS,2023-05-31
377.418212890625,ITC.NS,2023-06-01
380.5940856933594,ITC.NS,2023-06-02
378.233642578125,ITC.NS,2023-06-05
380.0790710449219,ITC.NS,2023-06-06
381.06622314453125,ITC.NS,2023-06-07
380.1649169921875,ITC.NS,2023-06-08
376.3452453613281,ITC.NS,2023-06-09
375.0577392578125,ITC.NS,2023-06-12
382.31085205078125,ITC.NS,2023-06-13
381.538330078125,ITC.NS,2023-06-14
384.6283874511719,ITC.NS,2023-06-15
388.920166015625,ITC.NS,2023-06-16
389.3493347167969,ITC.NS,2023-06-19
388.70556640625,ITC.NS,2023-06-20
383.72711181640625,ITC.NS,2023-06-21
384.2421569824219,ITC.NS,2023-06-22
381.7529296875,ITC.NS,2023-06-23
382.56829833984375,ITC.NS,2023-06-26
382.0533142089844,ITC.NS,2023-06-27
385.70135498046875,ITC.NS,2023-06-28
387.6326599121094,ITC.NS,2023-06-30
397.6324462890625,ITC.NS,2023-07-03
400.2933349609375,ITC.NS,2023-07-04
407.8039245605469,ITC.NS,2023-07-05
406.7738952636719,ITC.NS,2023-07-06
402.052978515625,ITC.NS,2023-07-07
399.8641662597656,ITC.NS,2023-07-10
406.1301574707031,ITC.NS,2023-07-11
405.40057373046875,ITC.NS,2023-07-12
405.1430358886719,ITC.NS,2023-07-13
405.91558837890625,ITC.NS,2023-07-14
405.4434814453125,ITC.NS,2023-07-17
405.57220458984375,ITC.NS,2023-07-18
411.0228271484375,ITC.NS,2023-07-19
422.4388732910156,ITC.NS,2023-07-20
420.97967529296875,ITC.NS,2023-07-21
404.5850830078125,ITC.NS,2023-07-24
396.8170471191406,ITC.NS,2023-07-25
405.357666015625,ITC.NS,2023-07-26
399.177490234375,ITC.NS,2023-07-27
402.0958557128906,ITC.NS,2023-07-28
399.73541259765625,ITC.NS,2023-07-31
398.9629211425781,ITC.NS,2023-08-01
394.92864990234375,ITC.NS,2023-08-02
391.4523010253906,ITC.NS,2023-08-03
390.5080871582031,ITC.NS,2023-08-04
390.4651794433594,ITC.NS,2023-08-07
388.2763671875,ITC.NS,2023-08-08
393.6839904785156,ITC.NS,2023-08-09
387.7613525390625,ITC.NS,2023-08-10
385.1863098144531,ITC.NS,2023-08-11
385.5725402832031,ITC.NS,2023-08-14
386.47381591796875,ITC.NS,2023-08-16
378.5340576171875,ITC.NS,2023-08-17
379.09197998046875,ITC.NS,2023-08-18
384.37091064453125,ITC.NS,2023-08-21
389.9072570800781,ITC.NS,2023-08-22
386.6455383300781,ITC.NS,2023-08-23
387.0317687988281,ITC.NS,2023-08-24
380.5511779785156,ITC.NS,2023-08-25
378.87744140625,ITC.NS,2023-08-28
377.76153564453125,ITC.NS,2023-08-29
380.0790710449219,ITC.NS,2023-08-30
377.418212890625,ITC.NS,2023-08-31
378.57696533203125,ITC.NS,2023-09-01
375.5298767089844,ITC.NS,2023-09-04
380.3366394042969,ITC.NS,2023-09-05
384.0704040527344,ITC.NS,2023-09-06
382.739990234375,ITC.NS,2023-09-07
379.95037841796875,ITC.NS,2023-09-08
383.8558654785156,ITC.NS,2023-09-11
387.2463684082031,ITC.NS,2023-09-12
389.26348876953125,ITC.NS,2023-09-13
386.21630859375,ITC.NS,2023-09-14
384.8429870605469,ITC.NS,2023-09-15
388.01885986328125,ITC.NS,2023-09-18
388.7914123535156,ITC.NS,2023-09-20
384.1133728027344,ITC.NS,2023-09-21
380.3366394042969,ITC.NS,2023-09-22
379.9074401855469,ITC.NS,2023-09-25
379.7786560058594,ITC.NS,2023-09-26
385.5296325683594,ITC.NS,2023-09-27
378.3194885253906,ITC.NS,2023-09-28
381.4524841308594,ITC.NS,2023-09-29
377.4611511230469,ITC.NS,2023-10-03
374.328125,ITC.NS,2023-10-04
374.28521728515625,ITC.NS,2023-10-05
379.5212097167969,ITC.NS,2023-10-06
378.06195068359375,ITC.NS,2023-10-09
381.4524841308594,ITC.NS,2023-10-10
384.7571716308594,ITC.NS,2023-10-11
386.8601379394531,ITC.NS,2023-10-12
384.8429870605469,ITC.NS,2023-10-13
385.3580017089844,ITC.NS,2023-10-16
389.2205810546875,ITC.NS,2023-10-17
387.675537109375,ITC.NS,2023-10-18
386.60260009765625,ITC.NS,2023-10-19
376.2165222167969,ITC.NS,2023-10-20
374.156494140625,ITC.NS,2023-10-23
371.40972900390625,ITC.NS,2023-10-25
372.8260192871094,ITC.NS,2023-10-26
372.3110046386719,ITC.NS,2023-10-27
369.4784240722656,ITC.NS,2023-10-30
367.71881103515625,ITC.NS,2023-10-31
367.4613342285156,ITC.NS,2023-11-01
370.07928466796875,ITC.NS,2023-11-02
371.8818359375,ITC.NS,2023-11-03
373.68438720703125,ITC.NS,2023-11-06
371.40972900390625,ITC.NS,2023-11-07
375.0577392578125,ITC.NS,2023-11-08
372.8689270019531,ITC.NS,2023-11-09
374.71441650390625,ITC.NS,2023-11-10
374.2423095703125,ITC.NS,2023-11-13
379.34954833984375,ITC.NS,2023-11-15
376.5169677734375,ITC.NS,2023-11-16
377.0319519042969,ITC.NS,2023-11-17
374.9289855957031,ITC.NS,2023-11-20
374.4569396972656,ITC.NS,2023-11-21
377.418212890625,ITC.NS,2023-11-22
377.97613525390625,ITC.NS,2023-11-23
375.787353515625,ITC.NS,2023-11-24
373.5985412597656,ITC.NS,2023-11-28
375.2723388671875,ITC.NS,2023-11-29
374.07061767578125,ITC.NS,2023-11-30
386.0875244140625,ITC.NS,2023-12-01
389.735595703125,ITC.NS,2023-12-04
387.7613525390625,ITC.NS,2023-12-05
397.6324462890625,ITC.NS,2023-12-06
393.2119140625,ITC.NS,2023-12-07
385.5296325683594,ITC.NS,2023-12-08
388.3621826171875,ITC.NS,2023-12-11
388.920166015625,ITC.NS,2023-12-12
391.10894775390625,ITC.NS,2023-12-13
394.92864990234375,ITC.NS,2023-12-14
393.2977600097656,ITC.NS,2023-12-15
387.675537109375,ITC.NS,2023-12-18
391.4952392578125,ITC.NS,2023-12-19
387.11761474609375,ITC.NS,2023-12-20
387.5038757324219,ITC.NS,2023-12-21
390.7226867675781,ITC.NS,2023-12-22
391.7956237792969,ITC.NS,2023-12-26
392.3535461425781,ITC.NS,2023-12-27
398.362060546875,ITC.NS,2023-12-28
396.6452941894531,ITC.NS,2023-12-29
401.7525329589844,ITC.NS,2024-01-01
403.7267761230469,ITC.NS,2024-01-02
409.6494140625,ITC.NS,2024-01-03
408.9197692871094,ITC.NS,2024-01-04
406.81683349609375,ITC.NS,2024-01-05
399.5637512207031,ITC.NS,2024-01-08
398.748291015625,ITC.NS,2024-01-09
397.6753234863281,ITC.NS,2024-01-10
397.1174011230469,ITC.NS,2024-01-11
400.5937805175781,ITC.NS,2024-01-12
401.36627197265625,ITC.NS,2024-01-15
405.40057373046875,ITC.NS,2024-01-16
400.5079650878906,ITC.NS,2024-01-17
399.5637512207031,ITC.NS,2024-01-18
404.7138366699219,ITC.NS,2024-01-19
394.241943359375,ITC.NS,2024-01-23
397.9328918457031,ITC.NS,2024-01-24
391.10894775390625,ITC.NS,2024-01-25
386.0875244140625,ITC.NS,2024-01-29
376.0019226074219,ITC.NS,2024-01-30
379.0061950683594,ITC.NS,2024-01-31
380.1649169921875,ITC.NS,2024-02-01
377.76153564453125,ITC.NS,2024-02-02
376.0019226074219,ITC.NS,2024-02-05
370.29388427734375,ITC.NS,2024-02-06
370.63720703125,ITC.NS,2024-02-07
361.2610168457031,ITC.NS,2024-02-08
362.0888671875,ITC.NS,2024-02-09
354.5508117675781,ITC.NS,2024-02-12
354.4636535644531,ITC.NS,2024-02-13
358.64666748046875,ITC.NS,2024-02-14
351.98004150390625,ITC.NS,2024-02-15
352.590087890625,ITC.NS,2024-02-16
356.64227294921875,ITC.NS,2024-02-19
353.897216796875,ITC.NS,2024-02-20
351.500732421875,ITC.NS,2024-02-21
361.17388916015625,ITC.NS,2024-02-22
358.51593017578125,ITC.NS,2024-02-23
356.59869384765625,ITC.NS,2024-02-26
358.29803466796875,ITC.NS,2024-02-27
355.8144226074219,ITC.NS,2024-02-28
354.07147216796875,ITC.NS,2024-02-29
356.8601379394531,ITC.NS,2024-03-01
356.5115661621094,ITC.NS,2024-03-04
353.9407653808594,ITC.NS,2024-03-05
355.4222717285156,ITC.NS,2024-03-06
360.3895263671875,ITC.NS,2024-03-07
356.77301025390625,ITC.NS,2024-03-11
352.4593200683594,ITC.NS,2024-03-12
368.1454772949219,ITC.NS,2024-03-13
365.7054138183594,ITC.NS,2024-03-14
365.2261047363281,ITC.NS,2024-03-15
363.7882385253906,ITC.NS,2024-03-18
356.9037170410156,ITC.NS,2024-03-19
362.26318359375,ITC.NS,2024-03-20
367.0997314453125,ITC.NS,2024-03-21
373.5048828125,ITC.NS,2024-03-22
372.677001953125,ITC.NS,2024-03-26
372.9820251464844,ITC.NS,2024-03-27
373.28704833984375,ITC.NS,2024-03-28
371.8491516113281,ITC.NS,2024-04-01
371.1083984375,ITC.NS,2024-04-02
370.54193115234375,ITC.NS,2024-04-03
368.40692138671875,ITC.NS,2024-04-04
372.58990478515625,ITC.NS,2024-04-05
373.9406433105469,ITC.NS,2024-04-08
371.5441589355469,ITC.NS,2024-04-09
380.78155517578125,ITC.NS,2024-04-10
374.81207275390625,ITC.NS,2024-04-12
371.1519775390625,ITC.NS,2024-04-15
371.1519775390625,ITC.NS,2024-04-16
365.00823974609375,ITC.NS,2024-04-18
370.14984130859375,ITC.NS,2024-04-19
370.6291809082031,ITC.NS,2024-04-22
374.02783203125,ITC.NS,2024-04-23
373.766357421875,ITC.NS,2024-04-24
381.3044128417969,ITC.NS,2024-04-25
383.4394836425781,ITC.NS,2024-04-26
381.870849609375,ITC.NS,2024-04-29
379.6486511230469,ITC.NS,2024-04-30
382.5680236816406,ITC.NS,2024-05-02
380.3457946777344,ITC.NS,2024-05-03
378.8643493652344,ITC.NS,2024-05-06
383.7444763183594,ITC.NS,2024-05-07
384.31097412109375,ITC.NS,2024-05-08
370.454833984375,ITC.NS,2024-05-09
377.6443176269531,ITC.NS,2024-05-10
376.337158203125,ITC.NS,2024-05-13
374.4635314941406,ITC.NS,2024-05-14
372.8077697753906,ITC.NS,2024-05-15
375.988525390625,ITC.NS,2024-05-16
380.2151184082031,ITC.NS,2024-05-17
378.9079284667969,ITC.NS,2024-05-21
383.3523254394531,ITC.NS,2024-05-22
384.6159362792969,ITC.NS,2024-05-23
380.1279602050781,ITC.NS,2024-05-24
376.0321350097656,ITC.NS,2024-05-27
373.8535461425781,ITC.NS,2024-05-28
375.5528564453125,ITC.NS,2024-05-29
369.365478515625,ITC.NS,2024-05-30
371.63128662109375,ITC.NS,2024-05-31
375.02996826171875,ITC.NS,2024-06-03
368.4967956542969,ITC.NS,2024-06-04
381.8983459472656,ITC.NS,2024-06-05
386.4246520996094,ITC.NS,2024-06-06
389.75286865234375,ITC.NS,2024-06-07
387.75592041015625,ITC.NS,2024-06-10
384.2945861816406,ITC.NS,2024-06-11
383.6733703613281,ITC.NS,2024-06-12
381.8983459472656,ITC.NS,2024-06-13
382.6526794433594,ITC.NS,2024-06-14
380.5226745605469,ITC.NS,2024-06-18
375.996337890625,ITC.NS,2024-06-19
375.6856994628906,ITC.NS,2024-06-20
372.4018859863281,ITC.NS,2024-06-21
375.6856994628906,ITC.NS,2024-06-24
375.6856994628906,ITC.NS,2024-06-25
376.2625732421875,ITC.NS,2024-06-26
377.72698974609375,ITC.NS,2024-06-27
377.1057434082031,ITC.NS,2024-06-28
380.7889709472656,ITC.NS,2024-07-01
377.63824462890625,ITC.NS,2024-07-02
380.123291015625,ITC.NS,2024-07-03
380.7889709472656,ITC.NS,2024-07-04
384.87152099609375,ITC.NS,2024-07-05
393.7022705078125,ITC.NS,2024-07-08
401.6899108886719,ITC.NS,2024-07-09
400.6693115234375,ITC.NS,2024-07-10
407.0594482421875,ITC.NS,2024-07-11
407.4144287109375,ITC.NS,2024-07-12
411.27508544921875,ITC.NS,2024-07-15
413.1832580566406,ITC.NS,2024-07-16
417.3545837402344,ITC.NS,2024-07-18
421.1709289550781,ITC.NS,2024-07-19
414.07080078125,ITC.NS,2024-07-22
436.8355407714844,ITC.NS,2024-07-23
438.47747802734375,ITC.NS,2024-07-24
434.83868408203125,ITC.NS,2024-07-25
445.71075439453125,ITC.NS,2024-07-26
440.2525634765625,ITC.NS,2024-07-29
434.7943115234375,ITC.NS,2024-07-30
439.6312561035156,ITC.NS,2024-07-31
438.1668395996094,ITC.NS,2024-08-01
434.0843200683594,ITC.NS,2024-08-02
431.3330078125,ITC.NS,2024-08-05
431.5992736816406,ITC.NS,2024-08-06
437.2349548339844,ITC.NS,2024-08-07
439.0987548828125,ITC.NS,2024-08-08
440.1194152832031,ITC.NS,2024-08-09
438.96563720703125,ITC.NS,2024-08-12
434.8830261230469,ITC.NS,2024-08-13
436.8355407714844,ITC.NS,2024-08-14
446.11016845703125,ITC.NS,2024-08-16
445.0451354980469,ITC.NS,2024-08-19
442.6932373046875,ITC.NS,2024-08-20
448.55084228515625,ITC.NS,2024-08-21
447.79644775390625,ITC.NS,2024-08-22
448.90582275390625,ITC.NS,2024-08-23
448.81707763671875,ITC.NS,2024-08-26
444.29071044921875,ITC.NS,2024-08-27
441.3619384765625,ITC.NS,2024-08-28
448.2845764160156,ITC.NS,2024-08-29
445.4444885253906,ITC.NS,2024-08-30
452.6777038574219,ITC.NS,2024-09-02
452.10089111328125,ITC.NS,2024-09-03
449.3939514160156,ITC.NS,2024-09-04
453.69842529296875,ITC.NS,2024-09-05
445.2669982910156,ITC.NS,2024-09-06
454.1865539550781,ITC.NS,2024-09-09
455.8284606933594,ITC.NS,2024-09-10
456.4940490722656,ITC.NS,2024-09-11
461.0648193359375,ITC.NS,2024-09-12
456.05035400390625,ITC.NS,2024-09-13
453.60968017578125,ITC.NS,2024-09-16
450.636474609375,ITC.NS,2024-09-17
450.28143310546875,ITC.NS,2024-09-18
451.08026123046875,ITC.NS,2024-09-19
456.5384521484375,ITC.NS,2024-09-20
458.8016052246094,ITC.NS,2024-09-23
457.2928771972656,ITC.NS,2024-09-24
459.3341369628906,ITC.NS,2024-09-25
463.94921875,ITC.NS,2024-09-26
463.90484619140625,ITC.NS,2024-09-27
459.86663818359375,ITC.NS,2024-09-30
458.135986328125,ITC.NS,2024-10-01
455.0740661621094,ITC.NS,2024-10-03
446.9089050292969,ITC.NS,2024-10-04
452.8108825683594,ITC.NS,2024-10-07
450.8139953613281,ITC.NS,2024-10-08
436.391845703125,ITC.NS,2024-10-09
436.7024841308594,ITC.NS,2024-10-10
433.2855224609375,ITC.NS,2024-10-11
441.0513000488281,ITC.NS,2024-10-14
442.4713439941406,ITC.NS,2024-10-15
437.7231140136719,ITC.NS,2024-10-16
433.9067687988281,ITC.NS,2024-10-17
431.9542236328125,ITC.NS,2024-10-18
429.2473449707031,ITC.NS,2024-10-21
427.60540771484375,ITC.NS,2024-10-22
426.31854248046875,ITC.NS,2024-10-23
418.6415100097656,ITC.NS,2024-10-24
428.0491943359375,ITC.NS,2024-10-25
429.69110107421875,ITC.NS,2024-10-28
433.06365966796875,ITC.NS,2024-10-29
436.2586975097656,ITC.NS,2024-10-30
433.81805419921875,ITC.NS,2024-10-31
435.1492919921875,ITC.NS,2024-11-01
430.0904846191406,ITC.NS,2024-11-04
426.1853942871094,ITC.NS,2024-11-05
426.984130859375,ITC.NS,2024-11-06
424.1441345214844,ITC.NS,2024-11-07
424.2772216796875,ITC.NS,2024-11-08
423.30096435546875,ITC.NS,2024-11-11
419.66217041015625,ITC.NS,2024-11-12
419.08526611328125,ITC.NS,2024-11-13
413.53826904296875,ITC.NS,2024-11-14
414.07080078125,ITC.NS,2024-11-18
414.7807922363281,ITC.NS,2024-11-19
405.7281494140625,ITC.NS,2024-11-21
421.2596740722656,ITC.NS,2024-11-22
423.1678161621094,ITC.NS,2024-11-25
423.3453369140625,ITC.NS,2024-11-26
423.30096435546875,ITC.NS,2024-11-27
421.4815673828125,ITC.NS,2024-11-28
423.12347412109375,ITC.NS,2024-11-29
423.5228576660156,ITC.NS,2024-12-02
419.3959045410156,ITC.NS,2024-12-03
414.55889892578125,ITC.NS,2024-12-04
414.9139404296875,ITC.NS,2024-12-05
418.15338134765625,ITC.NS,2024-12-06
412.6507568359375,ITC.NS,2024-12-09
413.09454345703125,ITC.NS,2024-12-10
412.9170227050781,ITC.NS,2024-12-11
408.7900695800781,ITC.NS,2024-12-12
417.1327209472656,ITC.NS,2024-12-13
417.2214660644531,ITC.NS,2024-12-16
416.73333740234375,ITC.NS,2024-12-17
417.5765075683594,ITC.NS,2024-12-18
414.07080078125,ITC.NS,2024-12-19
412.384521484375,ITC.NS,2024-12-20
420.9046936035156,ITC.NS,2024-12-23
424.6322326660156,ITC.NS,2024-12-24
423.30096435546875,ITC.NS,2024-12-26
424.765380859375,ITC.NS,2024-12-27
423.3453369140625,ITC.NS,2024-12-30
429.2473449707031,ITC.NS,2024-12-31
429.5135803222656,ITC.NS,2025-01-01
434.0399169921875,ITC.NS,2025-01-02
427.4279479980469,ITC.NS,2025-01-03
407.98931884765625,ITC.NS,2025-01-06
406.5606994628906,ITC.NS,2025-01-07
414.3490295410156,ITC.NS,2025-01-08
414.8559875488281,ITC.NS,2025-01-09
410.0631408691406,ITC.NS,2025-01-10
404.6712341308594,ITC.NS,2025-01-13
402.4130554199219,ITC.NS,2025-01-14
403.1043701171875,ITC.NS,2025-01-15
398.95672607421875,ITC.NS,2025-01-16
405.7312316894531,ITC.NS,2025-01-17
403.42694091796875,ITC.NS,2025-01-20
403.2886962890625,ITC.NS,2025-01-21
402.7817077636719,ITC.NS,2025-01-22
405.7312316894531,ITC.NS,2025-01-23
407.0215759277344,ITC.NS,2025-01-24
405.6390075683594,ITC.NS,2025-01-27
401.3531188964844,ITC.NS,2025-01-28
399.4175109863281,ITC.NS,2025-01-29
402.0444030761719,ITC.NS,2025-01-30
412.4595947265625,ITC.NS,2025-01-31
426.33111572265625,ITC.NS,2025-02-01
418.773193359375,ITC.NS,2025-02-03
419.51055908203125,ITC.NS,2025-02-04
413.0586853027344,ITC.NS,2025-02-05
406.5606994628906,ITC.NS,2025-02-06
397.11334228515625,ITC.NS,2025-02-07
393.7491455078125,ITC.NS,2025-02-10
385.54595947265625,ITC.NS,2025-02-11
383.7671203613281,ITC.NS,2025-02-12
383.57989501953125,ITC.NS,2025-02-13
384.0948486328125,ITC.NS,2025-02-14
382.5500183105469,ITC.NS,2025-02-17
379.4136047363281,ITC.NS,2025-02-18
380.49029541015625,ITC.NS,2025-02-19
376.4176025390625,ITC.NS,2025-02-20
375.3409423828125,ITC.NS,2025-02-21
376.2771911621094,ITC.NS,2025-02-24
379.03912353515625,ITC.NS,2025-02-25
375.9963073730469,ITC.NS,2025-02-27
369.8171081542969,ITC.NS,2025-02-28
372.11090087890625,ITC.NS,2025-03-03
369.6766662597656,ITC.NS,2025-03-04
379.2263488769531,ITC.NS,2025-03-05
379.8349304199219,ITC.NS,2025-03-06
378.149658203125,ITC.NS,2025-03-07
379.1795654296875,ITC.NS,2025-03-10
380.3030700683594,ITC.NS,2025-03-11
386.1077575683594,ITC.NS,2025-03-12
385.7800598144531,ITC.NS,2025-03-13
381.9414978027344,ITC.NS,2025-03-17
383.0181884765625,ITC.NS,2025-03-18
377.35382080078125,ITC.NS,2025-03-19
378.1965026855469,ITC.NS,2025-03-20
379.6944580078125,ITC.NS,2025-03-21
384.703369140625,ITC.NS,2025-03-24
383.67352294921875,ITC.NS,2025-03-25
381.3797302246094,ITC.NS,2025-03-26
383.3458557128906,ITC.NS,2025-03-27
383.626708984375,ITC.NS,2025-03-28
380.724365234375,ITC.NS,2025-04-01
382.9713439941406,ITC.NS,2025-04-02
383.29901123046875,ITC.NS,2025-04-03
383.57989501953125,ITC.NS,2025-04-04
380.16259765625,ITC.NS,2025-04-07
386.2481689453125,ITC.NS,2025-04-08
389.75909423828125,ITC.NS,2025-04-09
394.6744079589844,ITC.NS,2025-04-11
393.59771728515625,ITC.NS,2025-04-15
397.3895568847656,ITC.NS,2025-04-16
400.0110168457031,ITC.NS,2025-04-17
395.8915100097656,ITC.NS,2025-04-21
405.9561767578125,ITC.NS,2025-04-22
403.3815002441406,ITC.NS,2025-04-23
402.6324768066406,ITC.NS,2025-04-24
400.52593994140625,ITC.NS,2025-04-25
401.4621887207031,ITC.NS,2025-04-28
398.8407287597656,ITC.NS,2025-04-29
398.6534729003906,ITC.NS,2025-04-30
402.1175537109375,ITC.NS,2025-05-02
409.0926208496094,ITC.NS,2025-05-05
407.7818298339844,ITC.NS,2025-05-06
403.662353515625,ITC.NS,2025-05-07
403.1474609375,ITC.NS,2025-05-08
396.5469055175781,ITC.NS,2025-05-09
407.73504638671875,ITC.NS,2025-05-12
400.6195983886719,ITC.NS,2025-05-13
401.7430725097656,ITC.NS,2025-05-14
405.0667419433594,ITC.NS,2025-05-15
407.92230224609375,ITC.NS,2025-05-16
407.5946044921875,ITC.NS,2025-05-19
407.17327880859375,ITC.NS,2025-05-20
405.3944396972656,ITC.NS,2025-05-21
398.934326171875,ITC.NS,2025-05-22
408.4840393066406,ITC.NS,2025-05-23
414.66326904296875,ITC.NS,2025-05-26
406.2370300292969,ITC.NS,2025-05-27
400.65911865234375,ITC.NS,2025-05-28
399.2765197753906,ITC.NS,2025-05-29
398.60906982421875,ITC.NS,2025-05-30
399.8009338378906,ITC.NS,2025-06-02
397.5602722167969,ITC.NS,2025-06-03
397.60791015625,ITC.NS,2025-06-04
399.6102600097656,ITC.NS,2025-06-05
401.4695739746094,ITC.NS,2025-06-06
403.3765563964844,ITC.NS,2025-06-09
407.14288330078125,ITC.NS,2025-06-10
406.3323974609375,ITC.NS,2025-06-11
401.4219055175781,ITC.NS,2025-06-12
394.6520690917969,ITC.NS,2025-06-13
398.7521057128906,ITC.NS,2025-06-16
397.98931884765625,ITC.NS,2025-06-17
396.5590515136719,ITC.NS,2025-06-18
396.6544189453125,ITC.NS,2025-06-19
399.0858154296875,ITC.NS,2025-06-20
394.6520690917969,ITC.NS,2025-06-23
395.0811462402344,ITC.NS,2025-06-24
396.9881591796875,ITC.NS,2025-06-25
400.7544250488281,ITC.NS,2025-06-26
399.18115234375,ITC.NS,2025-06-27
397.08349609375,ITC.NS,2025-06-30
395.7962646484375,ITC.NS,2025-07-01
393.74627685546875,ITC.NS,2025-07-02
394.1276550292969,ITC.NS,2025-07-03
393.3648376464844,ITC.NS,2025-07-04
396.79742431640625,ITC.NS,2025-07-07
397.7986145019531,ITC.NS,2025-07-08
399.9440002441406,ITC.NS,2025-07-09
397.46490478515625,ITC.NS,2025-07-10
397.4172058105469,ITC.NS,2025-07-11
399.8962707519531,ITC.NS,2025-07-14
402.4707336425781,ITC.NS,2025-07-15
404.8544616699219,ITC.NS,2025-07-16
404.2347106933594,ITC.NS,2025-07-17
403.09051513671875,ITC.NS,2025-07-18
400.5637512207031,ITC.NS,2025-07-21
396.6544189453125,ITC.NS,2025-07-22
395.65325927734375,ITC.NS,2025-07-23
390.8857727050781,ITC.NS,2025-07-24
390.361328125,ITC.NS,2025-07-25
390.83807373046875,ITC.NS,2025-07-28
389.45550537109375,ITC.NS,2025-07-29
388.6450500488281,ITC.NS,2025-07-30
392.79278564453125,ITC.NS,2025-07-31
397.08349609375,ITC.NS,2025-08-01
397.46490478515625,ITC.NS,2025-08-04
394.89044189453125,ITC.NS,2025-08-05
392.8404235839844,ITC.NS,2025-08-06
394.36602783203125,ITC.NS,2025-08-07
395.22418212890625,ITC.NS,2025-08-08
397.46490478515625,ITC.NS,2025-08-11
396.9881591796875,ITC.NS,2025-08-12
394.8427734375,ITC.NS,2025-08-13
392.3160095214844,ITC.NS,2025-08-14
387.4054870605469,ITC.NS,2025-08-18
390.0753173828125,ITC.NS,2025-08-19
387.1671142578125,ITC.NS,2025-08-20
386.69036865234375,ITC.NS,2025-08-21
379.77752685546875,ITC.NS,2025-08-22
380.7787170410156,ITC.NS,2025-08-25
384.5926818847656,ITC.NS,2025-08-26
382.2566223144531,ITC.NS,2025-08-28
390.695068359375,ITC.NS,2025-08-29
386.9764404296875,ITC.NS,2025-09-01
387.8345947265625,ITC.NS,2025-09-02
392.6020812988281,ITC.NS,2025-09-03
396.5590515136719,ITC.NS,2025-09-04
388.40667724609375,ITC.NS,2025-09-05
388.5973815917969,ITC.NS,2025-09-08
390.9811096191406,ITC.NS,2025-09-09
393.8415832519531,ITC.NS,2025-09-10
395.74859619140625,ITC.NS,2025-09-11
394.5090637207031,ITC.NS,2025-09-12
393.4601745605469,ITC.NS,2025-09-15
393.8892822265625,ITC.NS,2025-09-16
390.2659912109375,ITC.NS,2025-09-17
392.4113464355469,ITC.NS,2025-09-18
391.55322265625,ITC.NS,2025-09-19
388.0252990722656,ITC.NS,2025-09-22
384.4496765136719,ITC.NS,2025-09-23
382.35198974609375,ITC.NS,2025-09-24
381.49383544921875,ITC.NS,2025-09-25
386.2613220214844,ITC.NS,2025-09-26
388.3113098144531,ITC.NS,2025-09-29
382.87640380859375,ITC.NS,2025-09-30
386.7380676269531,ITC.NS,2025-10-01
385.4985046386719,ITC.NS,2025-10-03
382.11358642578125,ITC.NS,2025-10-06
381.2077941894531,ITC.NS,2025-10-07
381.16009521484375,ITC.NS,2025-10-08
381.3031311035156,ITC.NS,2025-10-09
384.0682373046875,ITC.NS,2025-10-10
380.683349609375,ITC.NS,2025-10-13
378.3472900390625,ITC.NS,2025-10-14
381.3031311035156,ITC.NS,2025-10-15
386.3089599609375,ITC.NS,2025-10-16
392.98345947265625,ITC.NS,2025-10-17
393.8415832519531,ITC.NS,2025-10-20
393.6509094238281,ITC.NS,2025-10-21
396.60675048828125,ITC.NS,2025-10-23
397.4172058105469,ITC.NS,2025-10-24
401.0881652832031,ITC.NS,2025-10-27
398.466064453125,ITC.NS,2025-10-28
401.9940185546875,ITC.NS,2025-10-29
399.2765197753906,ITC.NS,2025-10-30
400.8021240234375,ITC.NS,2025-10-31
394.69976806640625,ITC.NS,2025-11-03
389.88458251953125,ITC.NS,2025-11-04
388.5497131347656,ITC.NS,2025-11-06
385.2601318359375,ITC.NS,2025-11-07
386.69036865234375,ITC.NS,2025-11-10
387.929931640625,ITC.NS,2025-11-11
388.07293701171875,ITC.NS,2025-11-12
386.8334045410156,ITC.NS,2025-11-13
389.1694641113281,ITC.NS,2025-11-14
388.1683044433594,ITC.NS,2025-11-17
386.9764404296875,ITC.NS,2025-11-18
384.78338623046875,ITC.NS,2025-11-19
386.59503173828125,ITC.NS,2025-11-20
388.8834228515625,ITC.NS,2025-11-21
384.78338623046875,ITC.NS,2025-11-24
382.1612854003906,ITC.NS,2025-11-25
383.5915222167969,ITC.NS,2025-11-26
385.4985046386719,ITC.NS,2025-11-27
385.4508361816406,ITC.NS,2025-11-28
385.4508361816406,ITC.NS,2025-12-01
382.3043212890625,ITC.NS,2025-12-02
381.8752136230469,ITC.NS,2025-12-03
384.3066101074219,ITC.NS,2025-12-04
386.1182861328125,ITC.NS,2025-12-05
383.5915222167969,ITC.NS,2025-12-08
382.3996276855469,ITC.NS,2025-12-09
384.4019775390625,ITC.NS,2025-12-10
384.16363525390625,ITC.NS,2025-12-11
381.49383544921875,ITC.NS,2025-12-12
383.5915222167969,ITC.NS,2025-12-15
383.0194091796875,ITC.NS,2025-12-16
381.2077941894531,ITC.NS,2025-12-17
381.7798767089844,ITC.NS,2025-12-18
382.3996276855469,ITC.NS,2025-12-19
383.9729309082031,ITC.NS,2025-12-22
388.40667724609375,ITC.NS,2025-12-23
387.6915588378906,ITC.NS,2025-12-24
385.35546875,ITC.NS,2025-12-26
383.8775634765625,ITC.NS,2025-12-29
381.9705810546875,ITC.NS,2025-12-30
384.25897216796875,ITC.NS,2025-12-31
346.9295959472656,ITC.NS,2026-01-01
333.7713317871094,ITC.NS,2026-01-02
333.4376220703125,ITC.NS,2026-01-05
326.5248107910156,ITC.NS,2026-01-06
325.38055419921875,ITC.NS,2026-01-07
325.0468444824219,ITC.NS,2026-01-08
321.4712219238281,ITC.NS,2026-01-09
322.6630859375,ITC.NS,2026-01-12
319.13519287109375,ITC.NS,2026-01-13
319.182861328125,ITC.NS,2026-01-14
319.182861328125,ITC.NS,2026-01-15
313.8909606933594,ITC.NS,2026-01-16
317.7049255371094,ITC.NS,2026-01-19
311.12579345703125,ITC.NS,2026-01-20
309.64788818359375,ITC.NS,2026-01-21
309.7432556152344,ITC.NS,2026-01-22
308.3606872558594,ITC.NS,2026-01-23
303.8315734863281,ITC.NS,2026-01-27
306.2153015136719,ITC.NS,2026-01-28
303.7839050292969,ITC.NS,2026-01-29
307.1687927246094,ITC.NS,2026-01-30
300.06524658203125,ITC.NS,2026-02-02
301.924560546875,ITC.NS,2026-02-03
305.5264587402344,ITC.NS,2026-02-04
301.9732666015625,ITC.NS,2026-02-05
317.1595153808594,ITC.NS,2026-02-06
314.23907470703125,ITC.NS,2026-02-09
312.876220703125,ITC.NS,2026-02-10
309.80975341796875,ITC.NS,2026-02-11
309.0309753417969,ITC.NS,2026-02-12
305.4291076660156,ITC.NS,2026-02-13
309.5177307128906,ITC.NS,2026-02-16
316.8188171386719,ITC.NS,2026-02-17
323.6331787109375,ITC.NS,2026-02-18
317.3542175292969,ITC.NS,2026-02-19
318.32769775390625,ITC.NS,2026-02-20
316.7701416015625,ITC.NS,2026-02-23
314.9205322265625,ITC.NS,2026-02-24
311.2699890136719,ITC.NS,2026-02-25
309.8584289550781,ITC.NS,2026-02-26
305.2830810546875,ITC.NS,2026-02-27
306.548583984375,ITC.NS,2026-03-02
303.6768493652344,ITC.NS,2026-03-04
303.23876953125,ITC.NS,2026-03-05
301.48651123046875,ITC.NS,2026-03-06
297.8846435546875,ITC.NS,2026-03-09
300.8537292480469,ITC.NS,2026-03-10
300.8050842285156,ITC.NS,2026-03-11
296.0350341796875,ITC.NS,2026-03-12
293.455322265625,ITC.NS,2026-03-13
300.0749816894531,ITC.NS,2026-03-16
296.76513671875,ITC.NS,2026-03-17
295.986328125,ITC.NS,2026-03-18
290.0968017578125,ITC.NS,2026-03-19
291.9950866699219,ITC.NS,2026-03-20
282.7470397949219,ITC.NS,2026-03-23
283.52581787109375,ITC.NS,2026-03-24
287.8578186035156,ITC.NS,2026-03-25
286.88433837890625,ITC.NS,2026-03-27
280.0699768066406,ITC.NS,2026-03-30
283.9638977050781,ITC.NS,2026-04-01
285.0834045410156,ITC.NS,2026-04-02
287.0303649902344,ITC.NS,2026-04-06
290.5348815917969,ITC.NS,2026-04-07
294.4288024902344,ITC.NS,2026-04-08
294.9642028808594,ITC.NS,2026-04-09
296.1810607910156,ITC.NS,2026-04-10
290.72955322265625,ITC.NS,2026-04-13
294.0393981933594,ITC.NS,2026-04-15
295.35357666015625,ITC.NS,2026-04-16
298.6634216308594,ITC.NS,2026-04-17
296.9111633300781,ITC.NS,2026-04-20
301.4378356933594,ITC.NS,2026-04-21
297.39788818359375,ITC.NS,2026-04-22
297.20318603515625,ITC.NS,2026-04-23
293.6013488769531,ITC.NS,2026-04-24
295.7916564941406,ITC.NS,2026-04-27
296.3757629394531,ITC.NS,2026-04-28
307.86279296875,ITC.NS,2026-04-29
306.548583984375,ITC.NS,2026-04-30
306.548583984375,ITC.NS,2026-05-01
302.8493957519531,ITC.NS,2026-05-04
303.19012451171875,ITC.NS,2026-05-05
302.4599914550781,ITC.NS,2026-05-06
299.24749755859375,ITC.NS,2026-05-07
299.29620361328125,ITC.NS,2026-05-08
297.7386169433594,ITC.NS,2026-05-11
292.7252197265625,ITC.NS,2026-05-12
296.3757629394531,ITC.NS,2026-05-13
299.0528259277344,ITC.NS,2026-05-14
301.2431640625,ITC.NS,2026-05-15
301.924560546875,ITC.NS,2026-05-18
302.0705871582031,ITC.NS,2026-05-19
299.3935241699219,ITC.NS,2026-05-20
299.8802490234375,ITC.NS,2026-05-21
293.6986999511719,ITC.NS,2026-05-22
295.8890075683594,ITC.NS,2026-05-25
293.6499938964844,ITC.NS,2026-05-26
291.95001220703125,ITC.NS,2026-05-27
291.95001220703125,ITC.NS,2026-05-28
286.8999938964844,ITC.NS,2026-05-29
279.6499938964844,ITC.NS,2026-06-01
283.25,ITC.NS,2026-06-02
277.0,ITC.NS,2026-06-03
280.29998779296875,ITC.NS,2026-06-04
280.70001220703125,ITC.NS,2026-06-05
279.45001220703125,ITC.NS,2026-06-08
280.0,ITC.NS,2026-06-09
283.6499938964844,ITC.NS,2026-06-10
282.3999938964844,ITC.NS,2026-06-11
285.1000061035156,ITC.NS,2026-06-12
287.8999938964844,ITC.NS,2026-06-15
291.6499938964844,ITC.NS,2026-06-16
290.75,ITC.NS,2026-06-17
291.1499938964844,ITC.NS,2026-06-18
292.5,ITC.NS,2026-06-19
291.25,ITC.NS,2026-06-22
290.0,ITC.NS,2026-06-23
290.3500061035156,ITC.NS,2026-06-24
290.0,ITC.NS,2026-06-25
290.0,ITC.NS,2026-06-26
290.70001220703125,ITC.NS,2026-06-29
878.4053344726562,SUNPHARMA.NS,2022-05-20
884.5448608398438,SUNPHARMA.NS,2022-05-23
872.88916015625,SUNPHARMA.NS,2022-05-24
874.1363525390625,SUNPHARMA.NS,2022-05-25
863.3439331054688,SUNPHARMA.NS,2022-05-26
867.1331787109375,SUNPHARMA.NS,2022-05-27
852.167724609375,SUNPHARMA.NS,2022-05-30
825.5944213867188,SUNPHARMA.NS,2022-05-31
805.1129150390625,SUNPHARMA.NS,2022-06-01
824.5872192382812,SUNPHARMA.NS,2022-06-02
829.9114379882812,SUNPHARMA.NS,2022-06-03
824.8269653320312,SUNPHARMA.NS,2022-06-06
813.7467651367188,SUNPHARMA.NS,2022-06-07
812.7875366210938,SUNPHARMA.NS,2022-06-08
823.9155883789062,SUNPHARMA.NS,2022-06-09
811.3004760742188,SUNPHARMA.NS,2022-06-10
795.7593994140625,SUNPHARMA.NS,2022-06-13
791.490478515625,SUNPHARMA.NS,2022-06-14
788.8522338867188,SUNPHARMA.NS,2022-06-15
781.4655151367188,SUNPHARMA.NS,2022-06-16
761.1278686523438,SUNPHARMA.NS,2022-06-17
772.5437622070312,SUNPHARMA.NS,2022-06-20
784.1995239257812,SUNPHARMA.NS,2022-06-21
776.3811645507812,SUNPHARMA.NS,2022-06-22
791.3465576171875,SUNPHARMA.NS,2022-06-23
791.0587768554688,SUNPHARMA.NS,2022-06-24
801.6593627929688,SUNPHARMA.NS,2022-06-27
794.8960571289062,SUNPHARMA.NS,2022-06-28
804.5853271484375,SUNPHARMA.NS,2022-06-29
796.814697265625,SUNPHARMA.NS,2022-06-30
795.5195922851562,SUNPHARMA.NS,2022-07-01
795.66357421875,SUNPHARMA.NS,2022-07-04
801.8031616210938,SUNPHARMA.NS,2022-07-05
803.6259155273438,SUNPHARMA.NS,2022-07-06
814.89794921875,SUNPHARMA.NS,2022-07-07
822.8124389648438,SUNPHARMA.NS,2022-07-08
822.3807373046875,SUNPHARMA.NS,2022-07-11
816.9605102539062,SUNPHARMA.NS,2022-07-12
825.1627807617188,SUNPHARMA.NS,2022-07-13
844.109375,SUNPHARMA.NS,2022-07-14
842.6705322265625,SUNPHARMA.NS,2022-07-15
846.891357421875,SUNPHARMA.NS,2022-07-18
839.6963500976562,SUNPHARMA.NS,2022-07-19
832.2138061523438,SUNPHARMA.NS,2022-07-20
834.2762451171875,SUNPHARMA.NS,2022-07-21
838.9290161132812,SUNPHARMA.NS,2022-07-22
833.0291137695312,SUNPHARMA.NS,2022-07-25
832.3577880859375,SUNPHARMA.NS,2022-07-26
857.6359252929688,SUNPHARMA.NS,2022-07-27
858.4512939453125,SUNPHARMA.NS,2022-07-28
904.8346557617188,SUNPHARMA.NS,2022-07-29
881.3312377929688,SUNPHARMA.NS,2022-08-01
879.9403076171875,SUNPHARMA.NS,2022-08-02
860.5138549804688,SUNPHARMA.NS,2022-08-03
881.1392822265625,SUNPHARMA.NS,2022-08-04
878.693115234375,SUNPHARMA.NS,2022-08-05
873.3688354492188,SUNPHARMA.NS,2022-08-08
882.2905883789062,SUNPHARMA.NS,2022-08-10
883.5855712890625,SUNPHARMA.NS,2022-08-11
876.294677734375,SUNPHARMA.NS,2022-08-12
877.3978881835938,SUNPHARMA.NS,2022-08-16
883.345703125,SUNPHARMA.NS,2022-08-17
879.4605102539062,SUNPHARMA.NS,2022-08-18
867.5258178710938,SUNPHARMA.NS,2022-08-19
847.50634765625,SUNPHARMA.NS,2022-08-22
855.0617065429688,SUNPHARMA.NS,2022-08-23
847.939453125,SUNPHARMA.NS,2022-08-24
844.3782348632812,SUNPHARMA.NS,2022-08-25
847.121337890625,SUNPHARMA.NS,2022-08-26
846.2551879882812,SUNPHARMA.NS,2022-08-29
859.5372924804688,SUNPHARMA.NS,2022-08-30
839.1328735351562,SUNPHARMA.NS,2022-09-01
836.9190673828125,SUNPHARMA.NS,2022-09-02
851.4043579101562,SUNPHARMA.NS,2022-09-05
854.436279296875,SUNPHARMA.NS,2022-09-06
860.2109985351562,SUNPHARMA.NS,2022-09-07
860.7404174804688,SUNPHARMA.NS,2022-09-08
856.6016845703125,SUNPHARMA.NS,2022-09-09
854.3880004882812,SUNPHARMA.NS,2022-09-12
856.74609375,SUNPHARMA.NS,2022-09-13
850.5863037109375,SUNPHARMA.NS,2022-09-14
841.4908447265625,SUNPHARMA.NS,2022-09-15
835.4754638671875,SUNPHARMA.NS,2022-09-16
842.020263671875,SUNPHARMA.NS,2022-09-19
877.7280883789062,SUNPHARMA.NS,2022-09-20
871.3275146484375,SUNPHARMA.NS,2022-09-21
873.9263305664062,SUNPHARMA.NS,2022-09-22
886.5346069335938,SUNPHARMA.NS,2022-09-23
866.9002075195312,SUNPHARMA.NS,2022-09-26
863.4833984375,SUNPHARMA.NS,2022-09-27
883.4066162109375,SUNPHARMA.NS,2022-09-28
895.7743530273438,SUNPHARMA.NS,2022-09-29
913.0508422851562,SUNPHARMA.NS,2022-09-30
909.0565185546875,SUNPHARMA.NS,2022-10-03
909.1046752929688,SUNPHARMA.NS,2022-10-04
918.1038818359375,SUNPHARMA.NS,2022-10-06
919.306884765625,SUNPHARMA.NS,2022-10-07
910.5484619140625,SUNPHARMA.NS,2022-10-10
909.2971801757812,SUNPHARMA.NS,2022-10-11
919.69189453125,SUNPHARMA.NS,2022-10-12
932.0597534179688,SUNPHARMA.NS,2022-10-13
939.6632080078125,SUNPHARMA.NS,2022-10-14
943.2244262695312,SUNPHARMA.NS,2022-10-17
941.6362915039062,SUNPHARMA.NS,2022-10-18
940.24072265625,SUNPHARMA.NS,2022-10-19
943.5611572265625,SUNPHARMA.NS,2022-10-20
941.0106811523438,SUNPHARMA.NS,2022-10-21
949.9617309570312,SUNPHARMA.NS,2022-10-24
954.3409423828125,SUNPHARMA.NS,2022-10-25
973.686767578125,SUNPHARMA.NS,2022-10-27
952.84912109375,SUNPHARMA.NS,2022-10-28
978.73974609375,SUNPHARMA.NS,2022-10-31
997.7003784179688,SUNPHARMA.NS,2022-11-01
1012.4743041992188,SUNPHARMA.NS,2022-11-02
1005.0151977539062,SUNPHARMA.NS,2022-11-03
1000.8765258789062,SUNPHARMA.NS,2022-11-04
989.7599487304688,SUNPHARMA.NS,2022-11-07
975.5153198242188,SUNPHARMA.NS,2022-11-09
972.7241821289062,SUNPHARMA.NS,2022-11-10
975.5153198242188,SUNPHARMA.NS,2022-11-11
978.73974609375,SUNPHARMA.NS,2022-11-14
977.921630859375,SUNPHARMA.NS,2022-11-15
980.4240112304688,SUNPHARMA.NS,2022-11-16
975.3228759765625,SUNPHARMA.NS,2022-11-17
971.7135620117188,SUNPHARMA.NS,2022-11-18
965.505615234375,SUNPHARMA.NS,2022-11-21
972.19482421875,SUNPHARMA.NS,2022-11-22
979.4614868164062,SUNPHARMA.NS,2022-11-23
996.256591796875,SUNPHARMA.NS,2022-11-24
995.0535278320312,SUNPHARMA.NS,2022-11-25
995.9199829101562,SUNPHARMA.NS,2022-11-28
1010.4533081054688,SUNPHARMA.NS,2022-11-29
1006.7958374023438,SUNPHARMA.NS,2022-11-30
1007.1807250976562,SUNPHARMA.NS,2022-12-01
1000.9727783203125,SUNPHARMA.NS,2022-12-02
1000.3953857421875,SUNPHARMA.NS,2022-12-05
994.7650146484375,SUNPHARMA.NS,2022-12-06
979.5577392578125,SUNPHARMA.NS,2022-12-07
943.9943237304688,SUNPHARMA.NS,2022-12-08
955.5921020507812,SUNPHARMA.NS,2022-12-09
950.3468017578125,SUNPHARMA.NS,2022-12-12
957.3245239257812,SUNPHARMA.NS,2022-12-13
962.7144165039062,SUNPHARMA.NS,2022-12-14
964.5912475585938,SUNPHARMA.NS,2022-12-15
956.3621215820312,SUNPHARMA.NS,2022-12-16
950.8760986328125,SUNPHARMA.NS,2022-12-19
951.260986328125,SUNPHARMA.NS,2022-12-20
967.8636474609375,SUNPHARMA.NS,2022-12-21
972.7241821289062,SUNPHARMA.NS,2022-12-22
963.9656372070312,SUNPHARMA.NS,2022-12-23
962.5219116210938,SUNPHARMA.NS,2022-12-26
962.6183471679688,SUNPHARMA.NS,2022-12-27
957.6615600585938,SUNPHARMA.NS,2022-12-28
963.003173828125,SUNPHARMA.NS,2022-12-29
963.8212890625,SUNPHARMA.NS,2022-12-30
959.58642578125,SUNPHARMA.NS,2023-01-02
971.232421875,SUNPHARMA.NS,2023-01-03
966.419921875,SUNPHARMA.NS,2023-01-04
978.06591796875,SUNPHARMA.NS,2023-01-05
970.847412109375,SUNPHARMA.NS,2023-01-06
978.6915283203125,SUNPHARMA.NS,2023-01-09
973.879150390625,SUNPHARMA.NS,2023-01-10
989.423095703125,SUNPHARMA.NS,2023-01-11
994.0911254882812,SUNPHARMA.NS,2023-01-12
992.887939453125,SUNPHARMA.NS,2023-01-13
996.5934448242188,SUNPHARMA.NS,2023-01-16
993.94677734375,SUNPHARMA.NS,2023-01-17
1001.069091796875,SUNPHARMA.NS,2023-01-18
1001.502197265625,SUNPHARMA.NS,2023-01-19
991.6849365234375,SUNPHARMA.NS,2023-01-20
1009.924072265625,SUNPHARMA.NS,2023-01-23
1001.6464233398438,SUNPHARMA.NS,2023-01-24
1001.0208740234375,SUNPHARMA.NS,2023-01-25
1004.2452392578125,SUNPHARMA.NS,2023-01-27
1012.2338256835938,SUNPHARMA.NS,2023-01-30
995.6792602539062,SUNPHARMA.NS,2023-01-31
976.814697265625,SUNPHARMA.NS,2023-02-01
969.78857421875,SUNPHARMA.NS,2023-02-02
989.567626953125,SUNPHARMA.NS,2023-02-03
984.9475708007812,SUNPHARMA.NS,2023-02-06
968.6336669921875,SUNPHARMA.NS,2023-02-07
982.3064575195312,SUNPHARMA.NS,2023-02-08
976.2943115234375,SUNPHARMA.NS,2023-02-09
976.1002807617188,SUNPHARMA.NS,2023-02-10
984.4883422851562,SUNPHARMA.NS,2023-02-13
976.245849609375,SUNPHARMA.NS,2023-02-14
965.2398071289062,SUNPHARMA.NS,2023-02-15
964.997314453125,SUNPHARMA.NS,2023-02-16
954.6701049804688,SUNPHARMA.NS,2023-02-17
954.5730590820312,SUNPHARMA.NS,2023-02-20
942.1607666015625,SUNPHARMA.NS,2023-02-21
939.2033081054688,SUNPHARMA.NS,2023-02-22
943.0335693359375,SUNPHARMA.NS,2023-02-23
941.0941772460938,SUNPHARMA.NS,2023-02-24
935.8092651367188,SUNPHARMA.NS,2023-02-27
927.6152954101562,SUNPHARMA.NS,2023-02-28
930.2335815429688,SUNPHARMA.NS,2023-03-01
936.0517578125,SUNPHARMA.NS,2023-03-02
937.603271484375,SUNPHARMA.NS,2023-03-03
936.0032958984375,SUNPHARMA.NS,2023-03-06
928.488037109375,SUNPHARMA.NS,2023-03-08
923.8336181640625,SUNPHARMA.NS,2023-03-09
926.59716796875,SUNPHARMA.NS,2023-03-10
925.191162109375,SUNPHARMA.NS,2023-03-13
928.1972045898438,SUNPHARMA.NS,2023-03-14
922.5729370117188,SUNPHARMA.NS,2023-03-15
938.088134765625,SUNPHARMA.NS,2023-03-16
928.6820678710938,SUNPHARMA.NS,2023-03-17
932.0759887695312,SUNPHARMA.NS,2023-03-20
927.2274780273438,SUNPHARMA.NS,2023-03-21
942.59716796875,SUNPHARMA.NS,2023-03-22
948.027587890625,SUNPHARMA.NS,2023-03-23
943.3729248046875,SUNPHARMA.NS,2023-03-24
953.65185546875,SUNPHARMA.NS,2023-03-27
954.379150390625,SUNPHARMA.NS,2023-03-28
961.8457641601562,SUNPHARMA.NS,2023-03-29
953.3123779296875,SUNPHARMA.NS,2023-03-31
949.3851318359375,SUNPHARMA.NS,2023-04-03
966.936767578125,SUNPHARMA.NS,2023-04-05
981.4337158203125,SUNPHARMA.NS,2023-04-06
978.0397338867188,SUNPHARMA.NS,2023-04-10
978.6701049804688,SUNPHARMA.NS,2023-04-11
985.8943481445312,SUNPHARMA.NS,2023-04-12
973.0943603515625,SUNPHARMA.NS,2023-04-13
968.4397583007812,SUNPHARMA.NS,2023-04-17
974.3548583984375,SUNPHARMA.NS,2023-04-18
965.3367309570312,SUNPHARMA.NS,2023-04-19
957.8214721679688,SUNPHARMA.NS,2023-04-20
959.4700317382812,SUNPHARMA.NS,2023-04-21
949.4821166992188,SUNPHARMA.NS,2023-04-24
943.0335693359375,SUNPHARMA.NS,2023-04-25
941.8214721679688,SUNPHARMA.NS,2023-04-26
949.0457153320312,SUNPHARMA.NS,2023-04-27
957.724609375,SUNPHARMA.NS,2023-04-28
943.56689453125,SUNPHARMA.NS,2023-05-02
934.4032592773438,SUNPHARMA.NS,2023-05-03
944.4880981445312,SUNPHARMA.NS,2023-05-04
941.045654296875,SUNPHARMA.NS,2023-05-05
932.706298828125,SUNPHARMA.NS,2023-05-08
928.4396362304688,SUNPHARMA.NS,2023-05-09
924.9002075195312,SUNPHARMA.NS,2023-05-10
931.9304809570312,SUNPHARMA.NS,2023-05-11
927.0335693359375,SUNPHARMA.NS,2023-05-12
924.1244506835938,SUNPHARMA.NS,2023-05-15
912.4395751953125,SUNPHARMA.NS,2023-05-16
907.591064453125,SUNPHARMA.NS,2023-05-17
901.4819946289062,SUNPHARMA.NS,2023-05-18
897.7969970703125,SUNPHARMA.NS,2023-05-19
909.045654296875,SUNPHARMA.NS,2023-05-22
903.372802734375,SUNPHARMA.NS,2023-05-23
923.3001708984375,SUNPHARMA.NS,2023-05-24
916.3668212890625,SUNPHARMA.NS,2023-05-25
940.5123901367188,SUNPHARMA.NS,2023-05-26
939.1062622070312,SUNPHARMA.NS,2023-05-29
930.5244140625,SUNPHARMA.NS,2023-05-30
945.7971801757812,SUNPHARMA.NS,2023-05-31
957.7730102539062,SUNPHARMA.NS,2023-06-01
969.3125,SUNPHARMA.NS,2023-06-02
978.1851806640625,SUNPHARMA.NS,2023-06-05
983.0822143554688,SUNPHARMA.NS,2023-06-06
983.8579711914062,SUNPHARMA.NS,2023-06-07
957.0942993164062,SUNPHARMA.NS,2023-06-08
954.1366577148438,SUNPHARMA.NS,2023-06-09
955.59130859375,SUNPHARMA.NS,2023-06-12
958.1608276367188,SUNPHARMA.NS,2023-06-13
956.8032836914062,SUNPHARMA.NS,2023-06-14
958.451904296875,SUNPHARMA.NS,2023-06-15
961.9427490234375,SUNPHARMA.NS,2023-06-16
971.44580078125,SUNPHARMA.NS,2023-06-19
961.8943481445312,SUNPHARMA.NS,2023-06-20
961.8457641601562,SUNPHARMA.NS,2023-06-21
960.2942504882812,SUNPHARMA.NS,2023-06-22
961.4094848632812,SUNPHARMA.NS,2023-06-23
964.8034057617188,SUNPHARMA.NS,2023-06-26
971.44580078125,SUNPHARMA.NS,2023-06-27
990.8399047851562,SUNPHARMA.NS,2023-06-28
1019.7369384765625,SUNPHARMA.NS,2023-06-30
1001.4096069335938,SUNPHARMA.NS,2023-07-03
1017.0217895507812,SUNPHARMA.NS,2023-07-04
1013.0458984375,SUNPHARMA.NS,2023-07-05
1010.9127197265625,SUNPHARMA.NS,2023-07-06
1004.3186645507812,SUNPHARMA.NS,2023-07-07
1013.3368530273438,SUNPHARMA.NS,2023-07-10
1039.76123046875,SUNPHARMA.NS,2023-07-11
1046.0640869140625,SUNPHARMA.NS,2023-07-12
1043.05810546875,SUNPHARMA.NS,2023-07-13
1040.4398193359375,SUNPHARMA.NS,2023-07-14
1044.948974609375,SUNPHARMA.NS,2023-07-17
1034.81591796875,SUNPHARMA.NS,2023-07-18
1049.0703125,SUNPHARMA.NS,2023-07-19
1064.3914794921875,SUNPHARMA.NS,2023-07-20
1063.9068603515625,SUNPHARMA.NS,2023-07-21
1067.058349609375,SUNPHARMA.NS,2023-07-24
1061.8704833984375,SUNPHARMA.NS,2023-07-25
1078.306640625,SUNPHARMA.NS,2023-07-26
1100.5615234375,SUNPHARMA.NS,2023-07-27
1107.957275390625,SUNPHARMA.NS,2023-07-28
1112.6768798828125,SUNPHARMA.NS,2023-07-31
1112.7254638671875,SUNPHARMA.NS,2023-08-01
1104.7457275390625,SUNPHARMA.NS,2023-08-02
1110.34130859375,SUNPHARMA.NS,2023-08-03
1108.3463134765625,SUNPHARMA.NS,2023-08-04
1129.6092529296875,SUNPHARMA.NS,2023-08-07
1117.7857666015625,SUNPHARMA.NS,2023-08-08
1121.8243408203125,SUNPHARMA.NS,2023-08-09
1119.391357421875,SUNPHARMA.NS,2023-08-10
1101.923828125,SUNPHARMA.NS,2023-08-11
1103.7728271484375,SUNPHARMA.NS,2023-08-14
1112.920166015625,SUNPHARMA.NS,2023-08-16
1114.0394287109375,SUNPHARMA.NS,2023-08-17
1104.4051513671875,SUNPHARMA.NS,2023-08-18
1106.838134765625,SUNPHARMA.NS,2023-08-21
1106.9842529296875,SUNPHARMA.NS,2023-08-22
1093.5062255859375,SUNPHARMA.NS,2023-08-23
1088.2513427734375,SUNPHARMA.NS,2023-08-24
1076.5738525390625,SUNPHARMA.NS,2023-08-25
1086.986328125,SUNPHARMA.NS,2023-08-28
1081.7313232421875,SUNPHARMA.NS,2023-08-29
1084.9427490234375,SUNPHARMA.NS,2023-08-30
1081.7313232421875,SUNPHARMA.NS,2023-08-31
1079.2010498046875,SUNPHARMA.NS,2023-09-01
1079.103759765625,SUNPHARMA.NS,2023-09-04
1101.48583984375,SUNPHARMA.NS,2023-09-05
1111.655029296875,SUNPHARMA.NS,2023-09-06
1102.6051025390625,SUNPHARMA.NS,2023-09-07
1100.0748291015625,SUNPHARMA.NS,2023-09-08
1106.3515625,SUNPHARMA.NS,2023-09-11
1114.4771728515625,SUNPHARMA.NS,2023-09-12
1117.8831787109375,SUNPHARMA.NS,2023-09-13
1113.0660400390625,SUNPHARMA.NS,2023-09-14
1118.9049072265625,SUNPHARMA.NS,2023-09-15
1116.8125,SUNPHARMA.NS,2023-09-18
1122.1650390625,SUNPHARMA.NS,2023-09-20
1115.35302734375,SUNPHARMA.NS,2023-09-21
1101.923828125,SUNPHARMA.NS,2023-09-22
1093.8466796875,SUNPHARMA.NS,2023-09-25
1095.598388671875,SUNPHARMA.NS,2023-09-26
1109.3193359375,SUNPHARMA.NS,2023-09-27
1101.875244140625,SUNPHARMA.NS,2023-09-28
1127.5172119140625,SUNPHARMA.NS,2023-09-29
1110.7791748046875,SUNPHARMA.NS,2023-10-03
1093.6036376953125,SUNPHARMA.NS,2023-10-04
1089.02978515625,SUNPHARMA.NS,2023-10-05
1097.0096435546875,SUNPHARMA.NS,2023-10-06
1092.8736572265625,SUNPHARMA.NS,2023-10-09
1096.23095703125,SUNPHARMA.NS,2023-10-10
1098.4205322265625,SUNPHARMA.NS,2023-10-11
1100.0262451171875,SUNPHARMA.NS,2023-10-12
1114.52587890625,SUNPHARMA.NS,2023-10-13
1104.7945556640625,SUNPHARMA.NS,2023-10-16
1106.2542724609375,SUNPHARMA.NS,2023-10-17
1122.408203125,SUNPHARMA.NS,2023-10-18
1110.8280029296875,SUNPHARMA.NS,2023-10-19
1111.5091552734375,SUNPHARMA.NS,2023-10-20
1092.2899169921875,SUNPHARMA.NS,2023-10-23
1090.197509765625,SUNPHARMA.NS,2023-10-25
1074.0435791015625,SUNPHARMA.NS,2023-10-26
1081.439453125,SUNPHARMA.NS,2023-10-27
1085.2344970703125,SUNPHARMA.NS,2023-10-30
1059.349365234375,SUNPHARMA.NS,2023-10-31
1086.20751953125,SUNPHARMA.NS,2023-11-01
1102.41015625,SUNPHARMA.NS,2023-11-02
1110.438720703125,SUNPHARMA.NS,2023-11-03
1119.099609375,SUNPHARMA.NS,2023-11-06
1139.486572265625,SUNPHARMA.NS,2023-11-07
1145.08203125,SUNPHARMA.NS,2023-11-08
1144.5955810546875,SUNPHARMA.NS,2023-11-09
1147.6607666015625,SUNPHARMA.NS,2023-11-10
1146.1524658203125,SUNPHARMA.NS,2023-11-13
1149.1693115234375,SUNPHARMA.NS,2023-11-15
1157.5869140625,SUNPHARMA.NS,2023-11-16
1162.5010986328125,SUNPHARMA.NS,2023-11-17
1156.0784912109375,SUNPHARMA.NS,2023-11-20
1169.118408203125,SUNPHARMA.NS,2023-11-21
1171.7457275390625,SUNPHARMA.NS,2023-11-22
1166.5882568359375,SUNPHARMA.NS,2023-11-23
1163.328125,SUNPHARMA.NS,2023-11-24
1159.3385009765625,SUNPHARMA.NS,2023-11-28
1169.8968505859375,SUNPHARMA.NS,2023-11-29
1192.9112548828125,SUNPHARMA.NS,2023-11-30
1198.1661376953125,SUNPHARMA.NS,2023-12-01
1198.069091796875,SUNPHARMA.NS,2023-12-04
1206.243408203125,SUNPHARMA.NS,2023-12-05
1207.0218505859375,SUNPHARMA.NS,2023-12-06
1206.0,SUNPHARMA.NS,2023-12-07
1202.593994140625,SUNPHARMA.NS,2023-12-08
1208.0435791015625,SUNPHARMA.NS,2023-12-11
1185.2723388671875,SUNPHARMA.NS,2023-12-12
1199.966552734375,SUNPHARMA.NS,2023-12-13
1198.215087890625,SUNPHARMA.NS,2023-12-14
1202.5455322265625,SUNPHARMA.NS,2023-12-15
1219.088623046875,SUNPHARMA.NS,2023-12-18
1211.4981689453125,SUNPHARMA.NS,2023-12-19
1199.042236328125,SUNPHARMA.NS,2023-12-20
1200.3560791015625,SUNPHARMA.NS,2023-12-21
1210.233154296875,SUNPHARMA.NS,2023-12-22
1213.979736328125,SUNPHARMA.NS,2023-12-26
1218.7965087890625,SUNPHARMA.NS,2023-12-27
1228.236083984375,SUNPHARMA.NS,2023-12-28
1225.6085205078125,SUNPHARMA.NS,2023-12-29
1226.3870849609375,SUNPHARMA.NS,2024-01-01
1261.3709716796875,SUNPHARMA.NS,2024-01-02
1263.70654296875,SUNPHARMA.NS,2024-01-03
1277.6710205078125,SUNPHARMA.NS,2024-01-04
1265.263671875,SUNPHARMA.NS,2024-01-05
1270.2266845703125,SUNPHARMA.NS,2024-01-08
1288.424072265625,SUNPHARMA.NS,2024-01-09
1289.251220703125,SUNPHARMA.NS,2024-01-10
1280.88232421875,SUNPHARMA.NS,2024-01-11
1290.3216552734375,SUNPHARMA.NS,2024-01-12
1293.63037109375,SUNPHARMA.NS,2024-01-15
1278.15771484375,SUNPHARMA.NS,2024-01-16
1264.095947265625,SUNPHARMA.NS,2024-01-17
1299.8583984375,SUNPHARMA.NS,2024-01-18
1299.7125244140625,SUNPHARMA.NS,2024-01-19
1341.26513671875,SUNPHARMA.NS,2024-01-23
1344.9630126953125,SUNPHARMA.NS,2024-01-24
1331.5338134765625,SUNPHARMA.NS,2024-01-25
1363.209228515625,SUNPHARMA.NS,2024-01-29
1334.89111328125,SUNPHARMA.NS,2024-01-30
1380.336181640625,SUNPHARMA.NS,2024-01-31
1370.118408203125,SUNPHARMA.NS,2024-02-01
1378.5845947265625,SUNPHARMA.NS,2024-02-02
1424.4676513671875,SUNPHARMA.NS,2024-02-05
1435.464111328125,SUNPHARMA.NS,2024-02-06
1455.9971923828125,SUNPHARMA.NS,2024-02-07
1459.3057861328125,SUNPHARMA.NS,2024-02-08
1502.0740966796875,SUNPHARMA.NS,2024-02-09
1501.7314453125,SUNPHARMA.NS,2024-02-12
1509.3160400390625,SUNPHARMA.NS,2024-02-13
1487.98095703125,SUNPHARMA.NS,2024-02-14
1477.7049560546875,SUNPHARMA.NS,2024-02-15
1477.7537841796875,SUNPHARMA.NS,2024-02-16
1497.47412109375,SUNPHARMA.NS,2024-02-19
1505.8907470703125,SUNPHARMA.NS,2024-02-20
1510.4906005859375,SUNPHARMA.NS,2024-02-21
1524.828369140625,SUNPHARMA.NS,2024-02-22
1527.9599609375,SUNPHARMA.NS,2024-02-23
1523.7515869140625,SUNPHARMA.NS,2024-02-26
1549.00146484375,SUNPHARMA.NS,2024-02-27
1540.2911376953125,SUNPHARMA.NS,2024-02-28
1544.3037109375,SUNPHARMA.NS,2024-02-29
1526.002685546875,SUNPHARMA.NS,2024-03-01
1519.005126953125,SUNPHARMA.NS,2024-03-04
1540.6337890625,SUNPHARMA.NS,2024-03-05
1569.7984619140625,SUNPHARMA.NS,2024-03-06
1571.462158203125,SUNPHARMA.NS,2024-03-07
1559.620361328125,SUNPHARMA.NS,2024-03-11
1550.5185546875,SUNPHARMA.NS,2024-03-12
1525.3663330078125,SUNPHARMA.NS,2024-03-13
1536.718994140625,SUNPHARMA.NS,2024-03-14
1515.1881103515625,SUNPHARMA.NS,2024-03-15
1537.7467041015625,SUNPHARMA.NS,2024-03-18
1515.4327392578125,SUNPHARMA.NS,2024-03-19
1516.313720703125,SUNPHARMA.NS,2024-03-20
1531.82568359375,SUNPHARMA.NS,2024-03-21
1574.593994140625,SUNPHARMA.NS,2024-03-22
1564.024169921875,SUNPHARMA.NS,2024-03-26
1569.9453125,SUNPHARMA.NS,2024-03-27
1585.99560546875,SUNPHARMA.NS,2024-03-28
1594.510009765625,SUNPHARMA.NS,2024-04-01
1587.659423828125,SUNPHARMA.NS,2024-04-02
1585.3104248046875,SUNPHARMA.NS,2024-04-03
1584.821044921875,SUNPHARMA.NS,2024-04-04
1574.69189453125,SUNPHARMA.NS,2024-04-05
1565.590087890625,SUNPHARMA.NS,2024-04-08
1568.3792724609375,SUNPHARMA.NS,2024-04-09
1569.847412109375,SUNPHARMA.NS,2024-04-10
1507.1630859375,SUNPHARMA.NS,2024-04-12
1507.212158203125,SUNPHARMA.NS,2024-04-15
1504.765380859375,SUNPHARMA.NS,2024-04-16
1484.06640625,SUNPHARMA.NS,2024-04-18
1490.329833984375,SUNPHARMA.NS,2024-04-19
1507.260986328125,SUNPHARMA.NS,2024-04-22
1452.993408203125,SUNPHARMA.NS,2024-04-23
1454.0699462890625,SUNPHARMA.NS,2024-04-24
1487.7364501953125,SUNPHARMA.NS,2024-04-25
1474.4263916015625,SUNPHARMA.NS,2024-04-26
1489.1553955078125,SUNPHARMA.NS,2024-04-29
1470.0711669921875,SUNPHARMA.NS,2024-04-30
1486.61083984375,SUNPHARMA.NS,2024-05-02
1478.9283447265625,SUNPHARMA.NS,2024-05-03
1496.54443359375,SUNPHARMA.NS,2024-05-06
1483.038818359375,SUNPHARMA.NS,2024-05-07
1489.3021240234375,SUNPHARMA.NS,2024-05-08
1462.780029296875,SUNPHARMA.NS,2024-05-09
1474.4263916015625,SUNPHARMA.NS,2024-05-10
1492.5318603515625,SUNPHARMA.NS,2024-05-13
1512.30126953125,SUNPHARMA.NS,2024-05-14
1494.8316650390625,SUNPHARMA.NS,2024-05-15
1503.5419921875,SUNPHARMA.NS,2024-05-16
1498.7464599609375,SUNPHARMA.NS,2024-05-17
1508.0927734375,SUNPHARMA.NS,2024-05-21
1506.4779052734375,SUNPHARMA.NS,2024-05-22
1463.2205810546875,SUNPHARMA.NS,2024-05-23
1454.9993896484375,SUNPHARMA.NS,2024-05-24
1434.7900390625,SUNPHARMA.NS,2024-05-27
1433.6644287109375,SUNPHARMA.NS,2024-05-28
1447.414794921875,SUNPHARMA.NS,2024-05-29
1427.9881591796875,SUNPHARMA.NS,2024-05-30
1428.6732177734375,SUNPHARMA.NS,2024-05-31
1422.0672607421875,SUNPHARMA.NS,2024-06-03
1399.36181640625,SUNPHARMA.NS,2024-06-04
1455.5869140625,SUNPHARMA.NS,2024-06-05
1441.2979736328125,SUNPHARMA.NS,2024-06-06
1474.7198486328125,SUNPHARMA.NS,2024-06-07
1480.8365478515625,SUNPHARMA.NS,2024-06-10
1467.771240234375,SUNPHARMA.NS,2024-06-11
1474.7198486328125,SUNPHARMA.NS,2024-06-12
1478.5858154296875,SUNPHARMA.NS,2024-06-13
1483.6746826171875,SUNPHARMA.NS,2024-06-14
1488.5191650390625,SUNPHARMA.NS,2024-06-18
1471.9307861328125,SUNPHARMA.NS,2024-06-19
1439.6343994140625,SUNPHARMA.NS,2024-06-20
1435.96435546875,SUNPHARMA.NS,2024-06-21
1462.6331787109375,SUNPHARMA.NS,2024-06-24
1473.10498046875,SUNPHARMA.NS,2024-06-25
1488.7149658203125,SUNPHARMA.NS,2024-06-26
1483.9195556640625,SUNPHARMA.NS,2024-06-27
1488.42138671875,SUNPHARMA.NS,2024-06-28
1487.687255859375,SUNPHARMA.NS,2024-07-01
1491.55322265625,SUNPHARMA.NS,2024-07-02
1501.2420654296875,SUNPHARMA.NS,2024-07-03
1524.681396484375,SUNPHARMA.NS,2024-07-04
1534.9573974609375,SUNPHARMA.NS,2024-07-05
1523.21337890625,SUNPHARMA.NS,2024-07-08
1551.5950927734375,SUNPHARMA.NS,2024-07-09
1564.46484375,SUNPHARMA.NS,2024-07-10
1548.0228271484375,SUNPHARMA.NS,2024-07-11
1548.5628662109375,SUNPHARMA.NS,2024-07-12
1557.3006591796875,SUNPHARMA.NS,2024-07-15
1550.5264892578125,SUNPHARMA.NS,2024-07-16
1565.2041015625,SUNPHARMA.NS,2024-07-18
1540.0704345703125,SUNPHARMA.NS,2024-07-19
1558.4298095703125,SUNPHARMA.NS,2024-07-22
1572.4200439453125,SUNPHARMA.NS,2024-07-23
1589.9449462890625,SUNPHARMA.NS,2024-07-24
1635.4505615234375,SUNPHARMA.NS,2024-07-25
1683.0177001953125,SUNPHARMA.NS,2024-07-26
1691.8538818359375,SUNPHARMA.NS,2024-07-29
1670.5982666015625,SUNPHARMA.NS,2024-07-30
1688.0247802734375,SUNPHARMA.NS,2024-07-31
1683.950439453125,SUNPHARMA.NS,2024-08-01
1700.1005859375,SUNPHARMA.NS,2024-08-02
1689.006591796875,SUNPHARMA.NS,2024-08-05
1676.4398193359375,SUNPHARMA.NS,2024-08-06
1702.8497314453125,SUNPHARMA.NS,2024-08-07
1705.40234375,SUNPHARMA.NS,2024-08-08
1703.6842041015625,SUNPHARMA.NS,2024-08-09
1702.2607421875,SUNPHARMA.NS,2024-08-12
1708.3968505859375,SUNPHARMA.NS,2024-08-13
1709.9185791015625,SUNPHARMA.NS,2024-08-14
1710.99853515625,SUNPHARMA.NS,2024-08-16
1715.95654296875,SUNPHARMA.NS,2024-08-19
1734.1685791015625,SUNPHARMA.NS,2024-08-20
1732.4996337890625,SUNPHARMA.NS,2024-08-21
1718.7545166015625,SUNPHARMA.NS,2024-08-22
1743.3973388671875,SUNPHARMA.NS,2024-08-23
1740.1573486328125,SUNPHARMA.NS,2024-08-26
1756.798583984375,SUNPHARMA.NS,2024-08-27
1778.839599609375,SUNPHARMA.NS,2024-08-28
1766.419921875,SUNPHARMA.NS,2024-08-29
1788.4610595703125,SUNPHARMA.NS,2024-08-30
1782.8648681640625,SUNPHARMA.NS,2024-09-02
1778.4959716796875,SUNPHARMA.NS,2024-09-03
1799.4569091796875,SUNPHARMA.NS,2024-09-04
1793.22265625,SUNPHARMA.NS,2024-09-05
1791.30810546875,SUNPHARMA.NS,2024-09-06
1788.657470703125,SUNPHARMA.NS,2024-09-09
1802.89306640625,SUNPHARMA.NS,2024-09-10
1812.0728759765625,SUNPHARMA.NS,2024-09-11
1831.4139404296875,SUNPHARMA.NS,2024-09-12
1819.9761962890625,SUNPHARMA.NS,2024-09-13
1829.008544921875,SUNPHARMA.NS,2024-09-16
1832.10107421875,SUNPHARMA.NS,2024-09-17
1802.549560546875,SUNPHARMA.NS,2024-09-18
1812.4163818359375,SUNPHARMA.NS,2024-09-19
1831.757568359375,SUNPHARMA.NS,2024-09-20
1828.7630615234375,SUNPHARMA.NS,2024-09-23
1834.0645751953125,SUNPHARMA.NS,2024-09-24
1836.47021484375,SUNPHARMA.NS,2024-09-25
1863.8126220703125,SUNPHARMA.NS,2024-09-26
1913.1962890625,SUNPHARMA.NS,2024-09-27
1891.5970458984375,SUNPHARMA.NS,2024-09-30
1884.969970703125,SUNPHARMA.NS,2024-10-01
1876.0357666015625,SUNPHARMA.NS,2024-10-03
1875.2503662109375,SUNPHARMA.NS,2024-10-04
1870.537841796875,SUNPHARMA.NS,2024-10-07
1882.22119140625,SUNPHARMA.NS,2024-10-08
1895.6715087890625,SUNPHARMA.NS,2024-10-09
1853.356689453125,SUNPHARMA.NS,2024-10-10
1867.298095703125,SUNPHARMA.NS,2024-10-11
1874.9559326171875,SUNPHARMA.NS,2024-10-14
1863.8616943359375,SUNPHARMA.NS,2024-10-15
1863.910888671875,SUNPHARMA.NS,2024-10-16
1855.1240234375,SUNPHARMA.NS,2024-10-17
1875.544921875,SUNPHARMA.NS,2024-10-18
1862.438232421875,SUNPHARMA.NS,2024-10-21
1853.160400390625,SUNPHARMA.NS,2024-10-22
1805.8385009765625,SUNPHARMA.NS,2024-10-23
1815.2144775390625,SUNPHARMA.NS,2024-10-24
1826.5050048828125,SUNPHARMA.NS,2024-10-25
1868.230712890625,SUNPHARMA.NS,2024-10-28
1837.5009765625,SUNPHARMA.NS,2024-10-29
1818.356201171875,SUNPHARMA.NS,2024-10-30
1815.2144775390625,SUNPHARMA.NS,2024-10-31
1824.5416259765625,SUNPHARMA.NS,2024-11-01
1775.9432373046875,SUNPHARMA.NS,2024-11-04
1770.7398681640625,SUNPHARMA.NS,2024-11-05
1794.1553955078125,SUNPHARMA.NS,2024-11-06
1758.3203125,SUNPHARMA.NS,2024-11-07
1776.6304931640625,SUNPHARMA.NS,2024-11-08
1761.9036865234375,SUNPHARMA.NS,2024-11-11
1768.0399169921875,SUNPHARMA.NS,2024-11-12
1746.5880126953125,SUNPHARMA.NS,2024-11-13
1735.9847412109375,SUNPHARMA.NS,2024-11-14
1715.9073486328125,SUNPHARMA.NS,2024-11-18
1744.8699951171875,SUNPHARMA.NS,2024-11-19
1747.56982421875,SUNPHARMA.NS,2024-11-21
1762.5911865234375,SUNPHARMA.NS,2024-11-22
1766.12548828125,SUNPHARMA.NS,2024-11-25
1729.505126953125,SUNPHARMA.NS,2024-11-26
1717.5762939453125,SUNPHARMA.NS,2024-11-27
1702.6533203125,SUNPHARMA.NS,2024-11-28
1748.4534912109375,SUNPHARMA.NS,2024-11-29
1775.599853515625,SUNPHARMA.NS,2024-12-02
1767.254638671875,SUNPHARMA.NS,2024-12-03
1767.40185546875,SUNPHARMA.NS,2024-12-04
1780.410400390625,SUNPHARMA.NS,2024-12-05
1771.967041015625,SUNPHARMA.NS,2024-12-06
1773.734375,SUNPHARMA.NS,2024-12-09
1776.97412109375,SUNPHARMA.NS,2024-12-10
1780.950439453125,SUNPHARMA.NS,2024-12-11
1772.55615234375,SUNPHARMA.NS,2024-12-12
1780.410400390625,SUNPHARMA.NS,2024-12-13
1776.826904296875,SUNPHARMA.NS,2024-12-16
1756.455078125,SUNPHARMA.NS,2024-12-17
1768.236328125,SUNPHARMA.NS,2024-12-18
1790.0810546875,SUNPHARMA.NS,2024-12-19
1775.8941650390625,SUNPHARMA.NS,2024-12-20
1781.5394287109375,SUNPHARMA.NS,2024-12-23
1785.8592529296875,SUNPHARMA.NS,2024-12-24
1807.8021240234375,SUNPHARMA.NS,2024-12-26
1827.33935546875,SUNPHARMA.NS,2024-12-27
1849.5770263671875,SUNPHARMA.NS,2024-12-30
1851.982177734375,SUNPHARMA.NS,2024-12-31
1855.5166015625,SUNPHARMA.NS,2025-01-01
1843.784423828125,SUNPHARMA.NS,2025-01-02
1815.950927734375,SUNPHARMA.NS,2025-01-03
1813.741943359375,SUNPHARMA.NS,2025-01-06
1819.6326904296875,SUNPHARMA.NS,2025-01-07
1804.267578125,SUNPHARMA.NS,2025-01-08
1793.0753173828125,SUNPHARMA.NS,2025-01-09
1752.2823486328125,SUNPHARMA.NS,2025-01-10
1715.0728759765625,SUNPHARMA.NS,2025-01-13
1738.5865478515625,SUNPHARMA.NS,2025-01-14
1724.841552734375,SUNPHARMA.NS,2025-01-15
1731.174072265625,SUNPHARMA.NS,2025-01-16
1754.00048828125,SUNPHARMA.NS,2025-01-17
1745.8516845703125,SUNPHARMA.NS,2025-01-20
1730.5849609375,SUNPHARMA.NS,2025-01-21
1766.1744384765625,SUNPHARMA.NS,2025-01-22
1800.1932373046875,SUNPHARMA.NS,2025-01-23
1789.0008544921875,SUNPHARMA.NS,2025-01-24
1754.2950439453125,SUNPHARMA.NS,2025-01-27
1674.42724609375,SUNPHARMA.NS,2025-01-28
1703.7333984375,SUNPHARMA.NS,2025-01-29
1707.4149169921875,SUNPHARMA.NS,2025-01-30
1712.1766357421875,SUNPHARMA.NS,2025-01-31
1710.4586181640625,SUNPHARMA.NS,2025-02-01
1708.8875732421875,SUNPHARMA.NS,2025-02-03
1733.088623046875,SUNPHARMA.NS,2025-02-04
1720.8162841796875,SUNPHARMA.NS,2025-02-05
1720.5693359375,SUNPHARMA.NS,2025-02-06
1728.2734375,SUNPHARMA.NS,2025-02-07
1710.7911376953125,SUNPHARMA.NS,2025-02-10
1678.839111328125,SUNPHARMA.NS,2025-02-11
1673.01171875,SUNPHARMA.NS,2025-02-12
1724.8658447265625,SUNPHARMA.NS,2025-02-13
1679.579833984375,SUNPHARMA.NS,2025-02-14
1693.1112060546875,SUNPHARMA.NS,2025-02-17
1680.6663818359375,SUNPHARMA.NS,2025-02-18
1655.973876953125,SUNPHARMA.NS,2025-02-19
1648.7637939453125,SUNPHARMA.NS,2025-02-20
1623.528076171875,SUNPHARMA.NS,2025-02-21
1619.3302001953125,SUNPHARMA.NS,2025-02-24
1593.7490234375,SUNPHARMA.NS,2025-02-25
1627.23193359375,SUNPHARMA.NS,2025-02-27
1573.6492919921875,SUNPHARMA.NS,2025-02-28
1565.599609375,SUNPHARMA.NS,2025-03-03
1547.2283935546875,SUNPHARMA.NS,2025-03-04
1562.982177734375,SUNPHARMA.NS,2025-03-05
1594.14404296875,SUNPHARMA.NS,2025-03-06
1589.501953125,SUNPHARMA.NS,2025-03-07
1591.6748046875,SUNPHARMA.NS,2025-03-10
1634.9359130859375,SUNPHARMA.NS,2025-03-11
1656.2208251953125,SUNPHARMA.NS,2025-03-12
1662.7396240234375,SUNPHARMA.NS,2025-03-13
1683.3331298828125,SUNPHARMA.NS,2025-03-17
1683.3331298828125,SUNPHARMA.NS,2025-03-18
1711.0380859375,SUNPHARMA.NS,2025-03-19
1728.7178955078125,SUNPHARMA.NS,2025-03-20
1762.5465087890625,SUNPHARMA.NS,2025-03-21
1762.8427734375,SUNPHARMA.NS,2025-03-24
1743.039306640625,SUNPHARMA.NS,2025-03-25
1737.3106689453125,SUNPHARMA.NS,2025-03-26
1710.149169921875,SUNPHARMA.NS,2025-03-27
1713.359130859375,SUNPHARMA.NS,2025-03-28
1677.4564208984375,SUNPHARMA.NS,2025-04-01
1692.568115234375,SUNPHARMA.NS,2025-04-02
1748.224853515625,SUNPHARMA.NS,2025-04-03
1688.3209228515625,SUNPHARMA.NS,2025-04-04
1645.8499755859375,SUNPHARMA.NS,2025-04-07
1667.5794677734375,SUNPHARMA.NS,2025-04-08
1631.8740234375,SUNPHARMA.NS,2025-04-09
1666.789306640625,SUNPHARMA.NS,2025-04-11
1684.0245361328125,SUNPHARMA.NS,2025-04-15
1672.27099609375,SUNPHARMA.NS,2025-04-16
1729.952392578125,SUNPHARMA.NS,2025-04-17
1723.4337158203125,SUNPHARMA.NS,2025-04-21
1725.9029541015625,SUNPHARMA.NS,2025-04-22
1766.7935791015625,SUNPHARMA.NS,2025-04-23
1781.7078857421875,SUNPHARMA.NS,2025-04-24
1765.410888671875,SUNPHARMA.NS,2025-04-25
1818.9439697265625,SUNPHARMA.NS,2025-04-28
1783.2880859375,SUNPHARMA.NS,2025-04-29
1809.758544921875,SUNPHARMA.NS,2025-04-30
1802.153076171875,SUNPHARMA.NS,2025-05-02
1814.005615234375,SUNPHARMA.NS,2025-05-05
1796.7208251953125,SUNPHARMA.NS,2025-05-06
1759.3858642578125,SUNPHARMA.NS,2025-05-07
1745.4593505859375,SUNPHARMA.NS,2025-05-08
1723.3349609375,SUNPHARMA.NS,2025-05-09
1665.4556884765625,SUNPHARMA.NS,2025-05-12
1679.086181640625,SUNPHARMA.NS,2025-05-13
1687.1851806640625,SUNPHARMA.NS,2025-05-14
1718.6927490234375,SUNPHARMA.NS,2025-05-15
1713.5567626953125,SUNPHARMA.NS,2025-05-16
1708.9144287109375,SUNPHARMA.NS,2025-05-19
1686.7900390625,SUNPHARMA.NS,2025-05-20
1710.494873046875,SUNPHARMA.NS,2025-05-21
1697.555908203125,SUNPHARMA.NS,2025-05-22
1662.8878173828125,SUNPHARMA.NS,2025-05-23
1655.47998046875,SUNPHARMA.NS,2025-05-26
1662.6903076171875,SUNPHARMA.NS,2025-05-27
1645.8994140625,SUNPHARMA.NS,2025-05-28
1678.8885498046875,SUNPHARMA.NS,2025-05-29
1656.961669921875,SUNPHARMA.NS,2025-05-30
1653.99853515625,SUNPHARMA.NS,2025-06-02
1646.98583984375,SUNPHARMA.NS,2025-06-03
1644.41796875,SUNPHARMA.NS,2025-06-04
1662.3939208984375,SUNPHARMA.NS,2025-06-05
1658.5419921875,SUNPHARMA.NS,2025-06-06
1673.554931640625,SUNPHARMA.NS,2025-06-09
1668.02392578125,SUNPHARMA.NS,2025-06-10
1669.8017578125,SUNPHARMA.NS,2025-06-11
1666.64111328125,SUNPHARMA.NS,2025-06-12
1667.0361328125,SUNPHARMA.NS,2025-06-13
1664.56689453125,SUNPHARMA.NS,2025-06-16
1629.898681640625,SUNPHARMA.NS,2025-06-17
1627.7257080078125,SUNPHARMA.NS,2025-06-18
1627.3306884765625,SUNPHARMA.NS,2025-06-19
1644.615478515625,SUNPHARMA.NS,2025-06-20
1642.04736328125,SUNPHARMA.NS,2025-06-23
1641.2572021484375,SUNPHARMA.NS,2025-06-24
1649.0599365234375,SUNPHARMA.NS,2025-06-25
1649.257568359375,SUNPHARMA.NS,2025-06-26
1666.8385009765625,SUNPHARMA.NS,2025-06-27
1655.0850830078125,SUNPHARMA.NS,2025-06-30
1646.6895751953125,SUNPHARMA.NS,2025-07-01
1656.86279296875,SUNPHARMA.NS,2025-07-02
1659.0357666015625,SUNPHARMA.NS,2025-07-03
1655.6776123046875,SUNPHARMA.NS,2025-07-04
1664.6953125,SUNPHARMA.NS,2025-07-07
1657.3623046875,SUNPHARMA.NS,2025-07-08
1654.2904052734375,SUNPHARMA.NS,2025-07-09
1647.4527587890625,SUNPHARMA.NS,2025-07-10
1656.8668212890625,SUNPHARMA.NS,2025-07-11
1667.370849609375,SUNPHARMA.NS,2025-07-14
1711.864501953125,SUNPHARMA.NS,2025-07-15
1685.6043701171875,SUNPHARMA.NS,2025-07-16
1687.982666015625,SUNPHARMA.NS,2025-07-17
1678.271240234375,SUNPHARMA.NS,2025-07-18
1676.983154296875,SUNPHARMA.NS,2025-07-21
1662.8125,SUNPHARMA.NS,2025-07-22
1667.271728515625,SUNPHARMA.NS,2025-07-23
1676.685791015625,SUNPHARMA.NS,2025-07-24
1683.6224365234375,SUNPHARMA.NS,2025-07-25
1686.7933349609375,SUNPHARMA.NS,2025-07-28
1695.018310546875,SUNPHARMA.NS,2025-07-29
1718.1075439453125,SUNPHARMA.NS,2025-07-30
1691.252685546875,SUNPHARMA.NS,2025-07-31
1614.94970703125,SUNPHARMA.NS,2025-08-01
1626.7418212890625,SUNPHARMA.NS,2025-08-04
1617.327880859375,SUNPHARMA.NS,2025-08-05
1580.761962890625,SUNPHARMA.NS,2025-08-06
1583.932861328125,SUNPHARMA.NS,2025-08-07
1572.5369873046875,SUNPHARMA.NS,2025-08-08
1593.842529296875,SUNPHARMA.NS,2025-08-11
1607.5174560546875,SUNPHARMA.NS,2025-08-12
1624.9583740234375,SUNPHARMA.NS,2025-08-13
1626.5438232421875,SUNPHARMA.NS,2025-08-14
1617.9224853515625,SUNPHARMA.NS,2025-08-18
1611.8775634765625,SUNPHARMA.NS,2025-08-19
1618.31884765625,SUNPHARMA.NS,2025-08-20
1625.3544921875,SUNPHARMA.NS,2025-08-21
1626.940185546875,SUNPHARMA.NS,2025-08-22
1641.7052001953125,SUNPHARMA.NS,2025-08-25
1585.8157958984375,SUNPHARMA.NS,2025-08-26
1571.347900390625,SUNPHARMA.NS,2025-08-28
1580.0682373046875,SUNPHARMA.NS,2025-08-29
1549.150634765625,SUNPHARMA.NS,2025-09-01
1551.033447265625,SUNPHARMA.NS,2025-09-02
1564.4112548828125,SUNPHARMA.NS,2025-09-03
1567.978759765625,SUNPHARMA.NS,2025-09-04
1579.1763916015625,SUNPHARMA.NS,2025-09-05
1566.6904296875,SUNPHARMA.NS,2025-09-08
1577.2935791015625,SUNPHARMA.NS,2025-09-09
1578.978271484375,SUNPHARMA.NS,2025-09-10
1595.130615234375,SUNPHARMA.NS,2025-09-11
1601.9681396484375,SUNPHARMA.NS,2025-09-12
1587.5003662109375,SUNPHARMA.NS,2025-09-15
1595.9234619140625,SUNPHARMA.NS,2025-09-16
1605.53564453125,SUNPHARMA.NS,2025-09-17
1633.678466796875,SUNPHARMA.NS,2025-09-18
1641.0115966796875,SUNPHARMA.NS,2025-09-19
1629.1202392578125,SUNPHARMA.NS,2025-09-22
1616.43603515625,SUNPHARMA.NS,2025-09-23
1612.3731689453125,SUNPHARMA.NS,2025-09-24
1612.67041015625,SUNPHARMA.NS,2025-09-25
1572.3387451171875,SUNPHARMA.NS,2025-09-26
1574.9154052734375,SUNPHARMA.NS,2025-09-29
1579.8701171875,SUNPHARMA.NS,2025-09-30
1621.3907470703125,SUNPHARMA.NS,2025-10-01
1616.43603515625,SUNPHARMA.NS,2025-10-03
1639.723388671875,SUNPHARMA.NS,2025-10-06
1638.1378173828125,SUNPHARMA.NS,2025-10-07
1616.8323974609375,SUNPHARMA.NS,2025-10-08
1643.489013671875,SUNPHARMA.NS,2025-10-09
1655.7767333984375,SUNPHARMA.NS,2025-10-10
1653.29931640625,SUNPHARMA.NS,2025-10-13
1639.4261474609375,SUNPHARMA.NS,2025-10-14
1640.1197509765625,SUNPHARMA.NS,2025-10-15
1643.984375,SUNPHARMA.NS,2025-10-16
1663.902587890625,SUNPHARMA.NS,2025-10-17
1673.3165283203125,SUNPHARMA.NS,2025-10-20
1675.1993408203125,SUNPHARMA.NS,2025-10-21
1674.6048583984375,SUNPHARMA.NS,2025-10-23
1683.6224365234375,SUNPHARMA.NS,2025-10-24
1678.271240234375,SUNPHARMA.NS,2025-10-27
1671.73095703125,SUNPHARMA.NS,2025-10-28
1700.3695068359375,SUNPHARMA.NS,2025-10-29
1687.982666015625,SUNPHARMA.NS,2025-10-30
1675.3974609375,SUNPHARMA.NS,2025-10-31
1690.9554443359375,SUNPHARMA.NS,2025-11-03
1674.7039794921875,SUNPHARMA.NS,2025-11-04
1670.6409912109375,SUNPHARMA.NS,2025-11-06
1676.0911865234375,SUNPHARMA.NS,2025-11-07
1682.433349609375,SUNPHARMA.NS,2025-11-10
1700.567626953125,SUNPHARMA.NS,2025-11-11
1716.4228515625,SUNPHARMA.NS,2025-11-12
1721.6748046875,SUNPHARMA.NS,2025-11-13
1741.196533203125,SUNPHARMA.NS,2025-11-14
1747.9349365234375,SUNPHARMA.NS,2025-11-17
1742.8812255859375,SUNPHARMA.NS,2025-11-18
1767.9521484375,SUNPHARMA.NS,2025-11-19
1761.3128662109375,SUNPHARMA.NS,2025-11-20
1763.5919189453125,SUNPHARMA.NS,2025-11-21
1764.68212890625,SUNPHARMA.NS,2025-11-24
1760.71826171875,SUNPHARMA.NS,2025-11-25
1788.56396484375,SUNPHARMA.NS,2025-11-26
1793.9150390625,SUNPHARMA.NS,2025-11-27
1815.022216796875,SUNPHARMA.NS,2025-11-28
1791.0413818359375,SUNPHARMA.NS,2025-12-01
1783.2127685546875,SUNPHARMA.NS,2025-12-02
1790.34765625,SUNPHARMA.NS,2025-12-03
1801.8426513671875,SUNPHARMA.NS,2025-12-04
1788.96044921875,SUNPHARMA.NS,2025-12-05
1779.942626953125,SUNPHARMA.NS,2025-12-08
1759.925537109375,SUNPHARMA.NS,2025-12-09
1769.3394775390625,SUNPHARMA.NS,2025-12-10
1790.843017578125,SUNPHARMA.NS,2025-12-11
1777.26708984375,SUNPHARMA.NS,2025-12-12
1780.83447265625,SUNPHARMA.NS,2025-12-15
1765.177490234375,SUNPHARMA.NS,2025-12-16
1776.6724853515625,SUNPHARMA.NS,2025-12-17
1730.097900390625,SUNPHARMA.NS,2025-12-18
1729.1070556640625,SUNPHARMA.NS,2025-12-19
1753.7816162109375,SUNPHARMA.NS,2025-12-22
1740.0074462890625,SUNPHARMA.NS,2025-12-23
1721.278564453125,SUNPHARMA.NS,2025-12-24
1703.9368896484375,SUNPHARMA.NS,2025-12-26
1701.6575927734375,SUNPHARMA.NS,2025-12-29
1704.6304931640625,SUNPHARMA.NS,2025-12-30
1704.135009765625,SUNPHARMA.NS,2025-12-31
1705.5223388671875,SUNPHARMA.NS,2026-01-01
1712.35986328125,SUNPHARMA.NS,2026-01-02
1713.2518310546875,SUNPHARMA.NS,2026-01-05
1744.2684326171875,SUNPHARMA.NS,2026-01-06
1766.4658203125,SUNPHARMA.NS,2026-01-07
1744.763916015625,SUNPHARMA.NS,2026-01-08
1714.2427978515625,SUNPHARMA.NS,2026-01-09
1720.2874755859375,SUNPHARMA.NS,2026-01-12
1713.053466796875,SUNPHARMA.NS,2026-01-13
1685.3070068359375,SUNPHARMA.NS,2026-01-14
1685.3070068359375,SUNPHARMA.NS,2026-01-15
1653.794921875,SUNPHARMA.NS,2026-01-16
1660.2359619140625,SUNPHARMA.NS,2026-01-19
1599.193603515625,SUNPHARMA.NS,2026-01-20
1598.3017578125,SUNPHARMA.NS,2026-01-21
1619.408935546875,SUNPHARMA.NS,2026-01-22
1617.1297607421875,SUNPHARMA.NS,2026-01-23
1624.06640625,SUNPHARMA.NS,2026-01-27
1596.0224609375,SUNPHARMA.NS,2026-01-28
1574.9154052734375,SUNPHARMA.NS,2026-01-29
1580.8609619140625,SUNPHARMA.NS,2026-01-30
1613.166015625,SUNPHARMA.NS,2026-02-02
1686.6943359375,SUNPHARMA.NS,2026-02-03
1688.9735107421875,SUNPHARMA.NS,2026-02-04
1698.1494140625,SUNPHARMA.NS,2026-02-05
1690.6690673828125,SUNPHARMA.NS,2026-02-06
1700.1441650390625,SUNPHARMA.NS,2026-02-09
1703.3359375,SUNPHARMA.NS,2026-02-10
1706.627197265625,SUNPHARMA.NS,2026-02-11
1710.4173583984375,SUNPHARMA.NS,2026-02-12
1693.062744140625,SUNPHARMA.NS,2026-02-13
1696.054931640625,SUNPHARMA.NS,2026-02-16
1712.611572265625,SUNPHARMA.NS,2026-02-17
1719.8924560546875,SUNPHARMA.NS,2026-02-18
1708.9212646484375,SUNPHARMA.NS,2026-02-19
1719.8924560546875,SUNPHARMA.NS,2026-02-20
1727.7718505859375,SUNPHARMA.NS,2026-02-23
1727.273193359375,SUNPHARMA.NS,2026-02-24
1759.58837890625,SUNPHARMA.NS,2026-02-25
1781.0322265625,SUNPHARMA.NS,2026-02-26
1732.4595947265625,SUNPHARMA.NS,2026-02-27
1747.9190673828125,SUNPHARMA.NS,2026-03-02
1745.92431640625,SUNPHARMA.NS,2026-03-04
1779.8353271484375,SUNPHARMA.NS,2026-03-05
1794.6964111328125,SUNPHARMA.NS,2026-03-06
1802.675537109375,SUNPHARMA.NS,2026-03-09
1808.0614013671875,SUNPHARMA.NS,2026-03-10
1821.127197265625,SUNPHARMA.NS,2026-03-11
1820.52880859375,SUNPHARMA.NS,2026-03-12
1796.890625,SUNPHARMA.NS,2026-03-13
1778.5386962890625,SUNPHARMA.NS,2026-03-16
1789.70947265625,SUNPHARMA.NS,2026-03-17
1773.651611328125,SUNPHARMA.NS,2026-03-18
1739.8402099609375,SUNPHARMA.NS,2026-03-19
1772.4547119140625,SUNPHARMA.NS,2026-03-20
1753.8035888671875,SUNPHARMA.NS,2026-03-23
1748.717041015625,SUNPHARMA.NS,2026-03-24
1790.7069091796875,SUNPHARMA.NS,2026-03-25
1788.91162109375,SUNPHARMA.NS,2026-03-27
1752.606689453125,SUNPHARMA.NS,2026-03-30
1723.9818115234375,SUNPHARMA.NS,2026-04-01
1689.1729736328125,SUNPHARMA.NS,2026-04-02
1690.17041015625,SUNPHARMA.NS,2026-04-06
1713.5091552734375,SUNPHARMA.NS,2026-04-07
1710.1180419921875,SUNPHARMA.NS,2026-04-08
1712.611572265625,SUNPHARMA.NS,2026-04-09
1650.57421875,SUNPHARMA.NS,2026-04-10
1647.881103515625,SUNPHARMA.NS,2026-04-13
1692.1651611328125,SUNPHARMA.NS,2026-04-15
1688.67431640625,SUNPHARMA.NS,2026-04-16
1671.120361328125,SUNPHARMA.NS,2026-04-17
1664.23828125,SUNPHARMA.NS,2026-04-20
1660.84716796875,SUNPHARMA.NS,2026-04-21
1665.435302734375,SUNPHARMA.NS,2026-04-22
1675.708251953125,SUNPHARMA.NS,2026-04-23
1616.164306640625,SUNPHARMA.NS,2026-04-24
1728.96875,SUNPHARMA.NS,2026-04-27
1742.732666015625,SUNPHARMA.NS,2026-04-28
1774.050537109375,SUNPHARMA.NS,2026-04-29
1803.5732421875,SUNPHARMA.NS,2026-04-30
1803.5732421875,SUNPHARMA.NS,2026-05-01
1818.7333984375,SUNPHARMA.NS,2026-05-04
1816.04052734375,SUNPHARMA.NS,2026-05-05
1845.3636474609375,SUNPHARMA.NS,2026-05-06
1829.60498046875,SUNPHARMA.NS,2026-05-07
1843.0697021484375,SUNPHARMA.NS,2026-05-08
1867.8048095703125,SUNPHARMA.NS,2026-05-11
1840.8753662109375,SUNPHARMA.NS,2026-05-12
1820.0301513671875,SUNPHARMA.NS,2026-05-13
1858.32958984375,SUNPHARMA.NS,2026-05-14
1873.2904052734375,SUNPHARMA.NS,2026-05-15
1900.818359375,SUNPHARMA.NS,2026-05-18
1877.3797607421875,SUNPHARMA.NS,2026-05-19
1875.385009765625,SUNPHARMA.NS,2026-05-20
1886.3563232421875,SUNPHARMA.NS,2026-05-21
1839.7783203125,SUNPHARMA.NS,2026-05-22
1835.7886962890625,SUNPHARMA.NS,2026-05-25
1835.98828125,SUNPHARMA.NS,2026-05-26
1839.4791259765625,SUNPHARMA.NS,2026-05-27
1839.4791259765625,SUNPHARMA.NS,2026-05-28
1794.4969482421875,SUNPHARMA.NS,2026-05-29
1791.8040771484375,SUNPHARMA.NS,2026-06-01
1785.2213134765625,SUNPHARMA.NS,2026-06-02
1783.824951171875,SUNPHARMA.NS,2026-06-03
1775.4468994140625,SUNPHARMA.NS,2026-06-04
1777.5413818359375,SUNPHARMA.NS,2026-06-05
1784.1241455078125,SUNPHARMA.NS,2026-06-08
1774.3497314453125,SUNPHARMA.NS,2026-06-09
1781.73046875,SUNPHARMA.NS,2026-06-10
1789.510009765625,SUNPHARMA.NS,2026-06-11
1802.9747314453125,SUNPHARMA.NS,2026-06-12
1801.2791748046875,SUNPHARMA.NS,2026-06-15
1795.9930419921875,SUNPHARMA.NS,2026-06-16
1815.6416015625,SUNPHARMA.NS,2026-06-17
1820.0301513671875,SUNPHARMA.NS,2026-06-18
1833.4947509765625,SUNPHARMA.NS,2026-06-19
1858.030517578125,SUNPHARMA.NS,2026-06-22
1863.1170654296875,SUNPHARMA.NS,2026-06-23
1869.5003662109375,SUNPHARMA.NS,2026-06-24
1857.9307861328125,SUNPHARMA.NS,2026-06-25
1857.9307861328125,SUNPHARMA.NS,2026-06-26
1869.8994140625,SUNPHARMA.NS,2026-06-29
822.0941162109375,DRREDDY.NS,2022-05-20
827.095458984375,DRREDDY.NS,2022-05-23
841.0546875,DRREDDY.NS,2022-05-24
833.38330078125,DRREDDY.NS,2022-05-25
832.744873046875,DRREDDY.NS,2022-05-26
849.451416015625,DRREDDY.NS,2022-05-27
845.543212890625,DRREDDY.NS,2022-05-30
845.41748046875,DRREDDY.NS,2022-05-31
835.6179809570312,DRREDDY.NS,2022-06-01
838.3556518554688,DRREDDY.NS,2022-06-02
839.6809692382812,DRREDDY.NS,2022-06-03
833.054443359375,DRREDDY.NS,2022-06-06
801.7501220703125,DRREDDY.NS,2022-06-07
812.4300537109375,DRREDDY.NS,2022-06-08
836.3726196289062,DRREDDY.NS,2022-06-09
841.91552734375,DRREDDY.NS,2022-06-10
825.5960083007812,DRREDDY.NS,2022-06-13
834.0798950195312,DRREDDY.NS,2022-06-14
838.8103637695312,DRREDDY.NS,2022-06-15
829.5234985351562,DRREDDY.NS,2022-06-16
802.2822875976562,DRREDDY.NS,2022-06-17
803.2689819335938,DRREDDY.NS,2022-06-20
825.87646484375,DRREDDY.NS,2022-06-21
824.3771362304688,DRREDDY.NS,2022-06-22
830.9552612304688,DRREDDY.NS,2022-06-23
833.8090209960938,DRREDDY.NS,2022-06-24
835.9177856445312,DRREDDY.NS,2022-06-27
846.3751831054688,DRREDDY.NS,2022-06-28
844.39208984375,DRREDDY.NS,2022-06-29
850.0899658203125,DRREDDY.NS,2022-06-30
848.5614624023438,DRREDDY.NS,2022-07-01
842.4766845703125,DRREDDY.NS,2022-07-04
850.1672973632812,DRREDDY.NS,2022-07-05
849.3546752929688,DRREDDY.NS,2022-07-06
838.994140625,DRREDDY.NS,2022-07-07
852.489013671875,DRREDDY.NS,2022-07-08
876.8001708984375,DRREDDY.NS,2022-07-11
873.4301147460938,DRREDDY.NS,2022-07-12
876.9170532226562,DRREDDY.NS,2022-07-13
891.29345703125,DRREDDY.NS,2022-07-14
885.5662231445312,DRREDDY.NS,2022-07-15
870.0015869140625,DRREDDY.NS,2022-07-18
866.4562377929688,DRREDDY.NS,2022-07-19
868.56982421875,DRREDDY.NS,2022-07-20
851.4954833984375,DRREDDY.NS,2022-07-21
851.9630737304688,DRREDDY.NS,2022-07-22
843.5963134765625,DRREDDY.NS,2022-07-25
820.5026245117188,DRREDDY.NS,2022-07-26
834.9276733398438,DRREDDY.NS,2022-07-27
829.8628540039062,DRREDDY.NS,2022-07-28
796.8050537109375,DRREDDY.NS,2022-07-29
800.7205810546875,DRREDDY.NS,2022-08-01
795.8408203125,DRREDDY.NS,2022-08-02
797.964111328125,DRREDDY.NS,2022-08-03
808.0255737304688,DRREDDY.NS,2022-08-04
809.7593383789062,DRREDDY.NS,2022-08-05
822.7135620117188,DRREDDY.NS,2022-08-08
826.599853515625,DRREDDY.NS,2022-08-10
829.5219116210938,DRREDDY.NS,2022-08-11
830.0089111328125,DRREDDY.NS,2022-08-12
837.216552734375,DRREDDY.NS,2022-08-16
840.742431640625,DRREDDY.NS,2022-08-17
823.0545654296875,DRREDDY.NS,2022-08-18
818.9441528320312,DRREDDY.NS,2022-08-19
815.622802734375,DRREDDY.NS,2022-08-22
823.0643310546875,DRREDDY.NS,2022-08-23
821.68115234375,DRREDDY.NS,2022-08-24
825.5479736328125,DRREDDY.NS,2022-08-25
822.703857421875,DRREDDY.NS,2022-08-26
820.1422729492188,DRREDDY.NS,2022-08-29
826.9408569335938,DRREDDY.NS,2022-08-30
818.5740966796875,DRREDDY.NS,2022-09-01
816.2072143554688,DRREDDY.NS,2022-09-02
820.94091796875,DRREDDY.NS,2022-09-05
825.80126953125,DRREDDY.NS,2022-09-06
827.7687377929688,DRREDDY.NS,2022-09-07
832.12255859375,DRREDDY.NS,2022-09-08
828.8985595703125,DRREDDY.NS,2022-09-09
830.0770874023438,DRREDDY.NS,2022-09-12
828.4700317382812,DRREDDY.NS,2022-09-13
820.9215087890625,DRREDDY.NS,2022-09-14
812.126220703125,DRREDDY.NS,2022-09-15
794.2726440429688,DRREDDY.NS,2022-09-16
798.5193481445312,DRREDDY.NS,2022-09-19
821.2817993164062,DRREDDY.NS,2022-09-20
808.960693359375,DRREDDY.NS,2022-09-21
814.7364501953125,DRREDDY.NS,2022-09-22
806.3211059570312,DRREDDY.NS,2022-09-23
804.110107421875,DRREDDY.NS,2022-09-26
814.5806274414062,DRREDDY.NS,2022-09-27
831.74267578125,DRREDDY.NS,2022-09-28
849.4695434570312,DRREDDY.NS,2022-09-29
844.599609375,DRREDDY.NS,2022-09-30
860.953125,DRREDDY.NS,2022-10-03
859.8427734375,DRREDDY.NS,2022-10-04
856.6480102539062,DRREDDY.NS,2022-10-06
852.57666015625,DRREDDY.NS,2022-10-07
853.229248046875,DRREDDY.NS,2022-10-10
834.2848510742188,DRREDDY.NS,2022-10-11
826.1810913085938,DRREDDY.NS,2022-10-12
828.8108520507812,DRREDDY.NS,2022-10-13
839.7490234375,DRREDDY.NS,2022-10-14
844.5020751953125,DRREDDY.NS,2022-10-17
848.6611328125,DRREDDY.NS,2022-10-18
840.9373168945312,DRREDDY.NS,2022-10-19
847.2001342773438,DRREDDY.NS,2022-10-20
843.64501953125,DRREDDY.NS,2022-10-21
852.7422485351562,DRREDDY.NS,2022-10-24
865.375,DRREDDY.NS,2022-10-25
874.89111328125,DRREDDY.NS,2022-10-27
868.8035888671875,DRREDDY.NS,2022-10-28
863.6901245117188,DRREDDY.NS,2022-10-31
883.48193359375,DRREDDY.NS,2022-11-01
887.446044921875,DRREDDY.NS,2022-11-02
894.1179809570312,DRREDDY.NS,2022-11-03
881.494873046875,DRREDDY.NS,2022-11-04
873.7710571289062,DRREDDY.NS,2022-11-07
883.4039306640625,DRREDDY.NS,2022-11-09
886.23828125,DRREDDY.NS,2022-11-10
884.2903442382812,DRREDDY.NS,2022-11-11
850.044189453125,DRREDDY.NS,2022-11-14
863.6901245117188,DRREDDY.NS,2022-11-15
872.9041748046875,DRREDDY.NS,2022-11-16
861.2745361328125,DRREDDY.NS,2022-11-17
858.88818359375,DRREDDY.NS,2022-11-18
847.35595703125,DRREDDY.NS,2022-11-21
849.8201904296875,DRREDDY.NS,2022-11-22
858.2258911132812,DRREDDY.NS,2022-11-23
859.8233032226562,DRREDDY.NS,2022-11-24
860.6511840820312,DRREDDY.NS,2022-11-25
857.514892578125,DRREDDY.NS,2022-11-28
867.5178833007812,DRREDDY.NS,2022-11-29
874.1021728515625,DRREDDY.NS,2022-11-30
871.6087036132812,DRREDDY.NS,2022-12-01
878.63134765625,DRREDDY.NS,2022-12-02
872.5924682617188,DRREDDY.NS,2022-12-05
852.099365234375,DRREDDY.NS,2022-12-06
849.6254272460938,DRREDDY.NS,2022-12-07
848.593017578125,DRREDDY.NS,2022-12-08
858.5083618164062,DRREDDY.NS,2022-12-09
867.3036499023438,DRREDDY.NS,2022-12-12
868.4530029296875,DRREDDY.NS,2022-12-13
877.49169921875,DRREDDY.NS,2022-12-14
870.5568237304688,DRREDDY.NS,2022-12-15
839.4178466796875,DRREDDY.NS,2022-12-16
856.3557739257812,DRREDDY.NS,2022-12-19
851.2324829101562,DRREDDY.NS,2022-12-20
858.5960083007812,DRREDDY.NS,2022-12-21
847.2390747070312,DRREDDY.NS,2022-12-22
839.6808471679688,DRREDDY.NS,2022-12-23
827.6322631835938,DRREDDY.NS,2022-12-26
828.0706176757812,DRREDDY.NS,2022-12-27
828.4407958984375,DRREDDY.NS,2022-12-28
829.9699096679688,DRREDDY.NS,2022-12-29
825.4797973632812,DRREDDY.NS,2022-12-30
824.9927978515625,DRREDDY.NS,2023-01-02
825.6356201171875,DRREDDY.NS,2023-01-03
828.5869140625,DRREDDY.NS,2023-01-04
837.1581420898438,DRREDDY.NS,2023-01-05
832.1419677734375,DRREDDY.NS,2023-01-06
844.2684326171875,DRREDDY.NS,2023-01-09
835.44384765625,DRREDDY.NS,2023-01-10
830.2232055664062,DRREDDY.NS,2023-01-11
839.7100219726562,DRREDDY.NS,2023-01-12
841.6190795898438,DRREDDY.NS,2023-01-13
842.7196655273438,DRREDDY.NS,2023-01-16
847.72607421875,DRREDDY.NS,2023-01-17
850.1806030273438,DRREDDY.NS,2023-01-18
843.917724609375,DRREDDY.NS,2023-01-19
847.5020751953125,DRREDDY.NS,2023-01-20
845.018310546875,DRREDDY.NS,2023-01-23
828.4407958984375,DRREDDY.NS,2023-01-24
818.3500366210938,DRREDDY.NS,2023-01-25
840.3723754882812,DRREDDY.NS,2023-01-27
843.25537109375,DRREDDY.NS,2023-01-30
842.3495483398438,DRREDDY.NS,2023-01-31
847.6773071289062,DRREDDY.NS,2023-02-01
851.30078125,DRREDDY.NS,2023-02-02
849.0117797851562,DRREDDY.NS,2023-02-03
847.2975463867188,DRREDDY.NS,2023-02-06
864.9660034179688,DRREDDY.NS,2023-02-07
874.2288208007812,DRREDDY.NS,2023-02-08
874.1703491210938,DRREDDY.NS,2023-02-09
876.5274658203125,DRREDDY.NS,2023-02-10
881.4169921875,DRREDDY.NS,2023-02-13
884.0857543945312,DRREDDY.NS,2023-02-14
880.4722290039062,DRREDDY.NS,2023-02-15
880.3650512695312,DRREDDY.NS,2023-02-16
878.62158203125,DRREDDY.NS,2023-02-17
871.6964111328125,DRREDDY.NS,2023-02-20
873.9073486328125,DRREDDY.NS,2023-02-21
872.0665283203125,DRREDDY.NS,2023-02-22
866.787353515625,DRREDDY.NS,2023-02-23
874.87158203125,DRREDDY.NS,2023-02-24
861.216064453125,DRREDDY.NS,2023-02-27
840.8788452148438,DRREDDY.NS,2023-02-28
846.25537109375,DRREDDY.NS,2023-03-01
855.2941284179688,DRREDDY.NS,2023-03-02
864.5179443359375,DRREDDY.NS,2023-03-03
864.7615356445312,DRREDDY.NS,2023-03-06
862.2388305664062,DRREDDY.NS,2023-03-08
853.414306640625,DRREDDY.NS,2023-03-09
856.2583618164062,DRREDDY.NS,2023-03-10
851.359130859375,DRREDDY.NS,2023-03-13
847.2975463867188,DRREDDY.NS,2023-03-14
856.0538940429688,DRREDDY.NS,2023-03-15
853.9597778320312,DRREDDY.NS,2023-03-16
864.1672973632812,DRREDDY.NS,2023-03-17
864.8101806640625,DRREDDY.NS,2023-03-20
860.8946533203125,DRREDDY.NS,2023-03-21
871.7255859375,DRREDDY.NS,2023-03-22
866.2711791992188,DRREDDY.NS,2023-03-23
869.6217651367188,DRREDDY.NS,2023-03-24
873.8099975585938,DRREDDY.NS,2023-03-27
881.8259887695312,DRREDDY.NS,2023-03-28
889.8128051757812,DRREDDY.NS,2023-03-29
900.5172729492188,DRREDDY.NS,2023-03-31
907.0917358398438,DRREDDY.NS,2023-04-03
912.215087890625,DRREDDY.NS,2023-04-05
915.44873046875,DRREDDY.NS,2023-04-06
927.1854858398438,DRREDDY.NS,2023-04-10
927.90625,DRREDDY.NS,2023-04-11
950.82470703125,DRREDDY.NS,2023-04-12
945.3507690429688,DRREDDY.NS,2023-04-13
945.2338256835938,DRREDDY.NS,2023-04-17
956.9413452148438,DRREDDY.NS,2023-04-18
956.3472290039062,DRREDDY.NS,2023-04-19
946.3831787109375,DRREDDY.NS,2023-04-20
948.4383544921875,DRREDDY.NS,2023-04-21
936.2339477539062,DRREDDY.NS,2023-04-24
941.5325927734375,DRREDDY.NS,2023-04-25
943.8312377929688,DRREDDY.NS,2023-04-26
958.139404296875,DRREDDY.NS,2023-04-27
960.3406982421875,DRREDDY.NS,2023-04-28
964.3438720703125,DRREDDY.NS,2023-05-02
964.7042236328125,DRREDDY.NS,2023-05-03
967.7722778320312,DRREDDY.NS,2023-05-04
962.8048706054688,DRREDDY.NS,2023-05-05
955.908935546875,DRREDDY.NS,2023-05-08
961.0030517578125,DRREDDY.NS,2023-05-09
948.1558227539062,DRREDDY.NS,2023-05-10
882.8390502929688,DRREDDY.NS,2023-05-11
870.0015869140625,DRREDDY.NS,2023-05-12
880.218994140625,DRREDDY.NS,2023-05-15
879.537109375,DRREDDY.NS,2023-05-16
873.0015258789062,DRREDDY.NS,2023-05-17
861.6251220703125,DRREDDY.NS,2023-05-18
855.55712890625,DRREDDY.NS,2023-05-19
868.3555297851562,DRREDDY.NS,2023-05-22
868.92041015625,DRREDDY.NS,2023-05-23
880.3552856445312,DRREDDY.NS,2023-05-24
877.3748168945312,DRREDDY.NS,2023-05-25
882.6344604492188,DRREDDY.NS,2023-05-26
887.5629272460938,DRREDDY.NS,2023-05-29
880.287109375,DRREDDY.NS,2023-05-30
876.8099365234375,DRREDDY.NS,2023-05-31
886.7447509765625,DRREDDY.NS,2023-06-01
898.1212158203125,DRREDDY.NS,2023-06-02
896.7770385742188,DRREDDY.NS,2023-06-05
903.2250366210938,DRREDDY.NS,2023-06-06
910.4520263671875,DRREDDY.NS,2023-06-07
905.7086791992188,DRREDDY.NS,2023-06-08
909.0982055664062,DRREDDY.NS,2023-06-09
910.8221435546875,DRREDDY.NS,2023-06-12
915.9552612304688,DRREDDY.NS,2023-06-13
915.3707885742188,DRREDDY.NS,2023-06-14
935.7177124023438,DRREDDY.NS,2023-06-15
957.4575805664062,DRREDDY.NS,2023-06-16
950.43505859375,DRREDDY.NS,2023-06-19
954.7595825195312,DRREDDY.NS,2023-06-20
956.5517578125,DRREDDY.NS,2023-06-21
954.4187622070312,DRREDDY.NS,2023-06-22
972.8176879882812,DRREDDY.NS,2023-06-23
982.1096801757812,DRREDDY.NS,2023-06-26
978.9928588867188,DRREDDY.NS,2023-06-27
995.0152587890625,DRREDDY.NS,2023-06-28
1005.0963134765625,DRREDDY.NS,2023-06-30
993.1549072265625,DRREDDY.NS,2023-07-03
1010.70654296875,DRREDDY.NS,2023-07-04
1008.748779296875,DRREDDY.NS,2023-07-05
1019.1608276367188,DRREDDY.NS,2023-07-06
1009.55712890625,DRREDDY.NS,2023-07-07
1004.1904296875,DRREDDY.NS,2023-07-10
1014.183349609375,DRREDDY.NS,2023-07-11
1018.7283325195312,DRREDDY.NS,2023-07-12
1009.5892944335938,DRREDDY.NS,2023-07-13
999.6945190429688,DRREDDY.NS,2023-07-14
1026.7283935546875,DRREDDY.NS,2023-07-17
1019.1207885742188,DRREDDY.NS,2023-07-18
1025.079345703125,DRREDDY.NS,2023-07-19
1048.23583984375,DRREDDY.NS,2023-07-20
1038.2037353515625,DRREDDY.NS,2023-07-21
1058.523193359375,DRREDDY.NS,2023-07-24
1065.1392822265625,DRREDDY.NS,2023-07-25
1075.004638671875,DRREDDY.NS,2023-07-26
1081.1595458984375,DRREDDY.NS,2023-07-27
1096.080078125,DRREDDY.NS,2023-07-28
1107.3590087890625,DRREDDY.NS,2023-07-31
1112.5811767578125,DRREDDY.NS,2023-08-01
1111.285400390625,DRREDDY.NS,2023-08-02
1111.0989990234375,DRREDDY.NS,2023-08-03
1109.1456298828125,DRREDDY.NS,2023-08-04
1105.44482421875,DRREDDY.NS,2023-08-07
1110.7945556640625,DRREDDY.NS,2023-08-08
1152.62158203125,DRREDDY.NS,2023-08-09
1148.7244873046875,DRREDDY.NS,2023-08-10
1143.197998046875,DRREDDY.NS,2023-08-11
1143.266845703125,DRREDDY.NS,2023-08-14
1150.0399169921875,DRREDDY.NS,2023-08-16
1154.51611328125,DRREDDY.NS,2023-08-17
1153.298828125,DRREDDY.NS,2023-08-18
1160.4451904296875,DRREDDY.NS,2023-08-21
1163.3310546875,DRREDDY.NS,2023-08-22
1168.7890625,DRREDDY.NS,2023-08-23
1159.7188720703125,DRREDDY.NS,2023-08-24
1134.6087646484375,DRREDDY.NS,2023-08-25
1133.951171875,DRREDDY.NS,2023-08-28
1123.72265625,DRREDDY.NS,2023-08-29
1109.184814453125,DRREDDY.NS,2023-08-30
1100.9586181640625,DRREDDY.NS,2023-08-31
1095.2064208984375,DRREDDY.NS,2023-09-01
1111.089111328125,DRREDDY.NS,2023-09-04
1095.275146484375,DRREDDY.NS,2023-09-05
1096.1390380859375,DRREDDY.NS,2023-09-06
1102.39208984375,DRREDDY.NS,2023-09-07
1096.2371826171875,DRREDDY.NS,2023-09-08
1102.126953125,DRREDDY.NS,2023-09-11
1113.9063720703125,DRREDDY.NS,2023-09-12
1126.6871337890625,DRREDDY.NS,2023-09-13
1127.8160400390625,DRREDDY.NS,2023-09-14
1142.5108642578125,DRREDDY.NS,2023-09-15
1124.5472412109375,DRREDDY.NS,2023-09-18
1102.3724365234375,DRREDDY.NS,2023-09-20
1112.8658447265625,DRREDDY.NS,2023-09-21
1083.132568359375,DRREDDY.NS,2023-09-22
1067.76025390625,DRREDDY.NS,2023-09-25
1073.453857421875,DRREDDY.NS,2023-09-26
1079.088134765625,DRREDDY.NS,2023-09-27
1065.86572265625,DRREDDY.NS,2023-09-28
1096.8653564453125,DRREDDY.NS,2023-09-29
1072.265869140625,DRREDDY.NS,2023-10-03
1063.6473388671875,DRREDDY.NS,2023-10-04
1061.576171875,DRREDDY.NS,2023-10-05
1065.0411376953125,DRREDDY.NS,2023-10-06
1078.7740478515625,DRREDDY.NS,2023-10-09
1075.573974609375,DRREDDY.NS,2023-10-10
1093.0567626953125,DRREDDY.NS,2023-10-11
1085.7142333984375,DRREDDY.NS,2023-10-12
1071.971435546875,DRREDDY.NS,2023-10-13
1078.4305419921875,DRREDDY.NS,2023-10-16
1088.4429931640625,DRREDDY.NS,2023-10-17
1114.6229248046875,DRREDDY.NS,2023-10-18
1105.484130859375,DRREDDY.NS,2023-10-19
1093.390380859375,DRREDDY.NS,2023-10-20
1089.9842529296875,DRREDDY.NS,2023-10-23
1082.5042724609375,DRREDDY.NS,2023-10-25
1064.462158203125,DRREDDY.NS,2023-10-26
1059.62255859375,DRREDDY.NS,2023-10-27
1049.423583984375,DRREDDY.NS,2023-10-30
1053.781982421875,DRREDDY.NS,2023-10-31
1049.6395263671875,DRREDDY.NS,2023-11-01
1048.07861328125,DRREDDY.NS,2023-11-02
1033.2659912109375,DRREDDY.NS,2023-11-03
1048.000244140625,DRREDDY.NS,2023-11-06
1061.006591796875,DRREDDY.NS,2023-11-07
1070.6658935546875,DRREDDY.NS,2023-11-08
1071.5296630859375,DRREDDY.NS,2023-11-09
1065.0411376953125,DRREDDY.NS,2023-11-10
1064.0496826171875,DRREDDY.NS,2023-11-13
1064.0693359375,DRREDDY.NS,2023-11-15
1088.4725341796875,DRREDDY.NS,2023-11-16
1101.685302734375,DRREDDY.NS,2023-11-17
1100.232177734375,DRREDDY.NS,2023-11-20
1108.5369873046875,DRREDDY.NS,2023-11-21
1112.0904541015625,DRREDDY.NS,2023-11-22
1108.18359375,DRREDDY.NS,2023-11-23
1108.47802734375,DRREDDY.NS,2023-11-24
1114.299072265625,DRREDDY.NS,2023-11-28
1122.0635986328125,DRREDDY.NS,2023-11-29
1136.356201171875,DRREDDY.NS,2023-11-30
1128.74853515625,DRREDDY.NS,2023-12-01
1130.044189453125,DRREDDY.NS,2023-12-04
1134.05908203125,DRREDDY.NS,2023-12-05
1125.008544921875,DRREDDY.NS,2023-12-06
1135.75732421875,DRREDDY.NS,2023-12-07
1131.59521484375,DRREDDY.NS,2023-12-08
1074.58251953125,DRREDDY.NS,2023-12-11
1087.706787109375,DRREDDY.NS,2023-12-12
1099.152587890625,DRREDDY.NS,2023-12-13
1094.185546875,DRREDDY.NS,2023-12-14
1097.3463134765625,DRREDDY.NS,2023-12-15
1097.6605224609375,DRREDDY.NS,2023-12-18
1106.77001953125,DRREDDY.NS,2023-12-19
1095.3243408203125,DRREDDY.NS,2023-12-20
1090.48486328125,DRREDDY.NS,2023-12-21
1104.8558349609375,DRREDDY.NS,2023-12-22
1105.7294921875,DRREDDY.NS,2023-12-26
1121.896728515625,DRREDDY.NS,2023-12-27
1150.1773681640625,DRREDDY.NS,2023-12-28
1138.270263671875,DRREDDY.NS,2023-12-29
1142.9329833984375,DRREDDY.NS,2024-01-01
1163.5765380859375,DRREDDY.NS,2024-01-02
1164.5777587890625,DRREDDY.NS,2024-01-03
1146.96728515625,DRREDDY.NS,2024-01-04
1145.6815185546875,DRREDDY.NS,2024-01-05
1131.0946044921875,DRREDDY.NS,2024-01-08
1128.8270263671875,DRREDDY.NS,2024-01-09
1136.16943359375,DRREDDY.NS,2024-01-10
1117.56787109375,DRREDDY.NS,2024-01-11
1116.861083984375,DRREDDY.NS,2024-01-12
1135.3941650390625,DRREDDY.NS,2024-01-15
1130.46630859375,DRREDDY.NS,2024-01-16
1109.22412109375,DRREDDY.NS,2024-01-17
1109.22412109375,DRREDDY.NS,2024-01-18
1112.806884765625,DRREDDY.NS,2024-01-19
1114.024169921875,DRREDDY.NS,2024-01-23
1158.7274169921875,DRREDDY.NS,2024-01-24
1149.57861328125,DRREDDY.NS,2024-01-25
1147.261962890625,DRREDDY.NS,2024-01-29
1146.721923828125,DRREDDY.NS,2024-01-30
1201.732177734375,DRREDDY.NS,2024-01-31
1176.6026611328125,DRREDDY.NS,2024-02-01
1185.7022705078125,DRREDDY.NS,2024-02-02
1196.4903564453125,DRREDDY.NS,2024-02-05
1210.6551513671875,DRREDDY.NS,2024-02-06
1213.2366943359375,DRREDDY.NS,2024-02-07
1209.369140625,DRREDDY.NS,2024-02-08
1208.544677734375,DRREDDY.NS,2024-02-09
1243.4217529296875,DRREDDY.NS,2024-02-12
1243.784912109375,DRREDDY.NS,2024-02-13
1228.66796875,DRREDDY.NS,2024-02-14
1227.548828125,DRREDDY.NS,2024-02-15
1240.2117919921875,DRREDDY.NS,2024-02-16
1259.84423828125,DRREDDY.NS,2024-02-19
1251.7655029296875,DRREDDY.NS,2024-02-20
1246.494140625,DRREDDY.NS,2024-02-21
1249.3997802734375,DRREDDY.NS,2024-02-22
1264.75244140625,DRREDDY.NS,2024-02-23
1264.4775390625,DRREDDY.NS,2024-02-26
1266.2149658203125,DRREDDY.NS,2024-02-27
1261.9842529296875,DRREDDY.NS,2024-02-28
1261.2381591796875,DRREDDY.NS,2024-02-29
1215.946044921875,DRREDDY.NS,2024-03-01
1243.73583984375,DRREDDY.NS,2024-03-04
1237.49267578125,DRREDDY.NS,2024-03-05
1239.7210693359375,DRREDDY.NS,2024-03-06
1241.5860595703125,DRREDDY.NS,2024-03-07
1254.0133056640625,DRREDDY.NS,2024-03-11
1237.2669677734375,DRREDDY.NS,2024-03-12
1237.5908203125,DRREDDY.NS,2024-03-13
1235.7847900390625,DRREDDY.NS,2024-03-14
1233.8802490234375,DRREDDY.NS,2024-03-15
1244.9039306640625,DRREDDY.NS,2024-03-18
1204.431640625,DRREDDY.NS,2024-03-19
1198.227783203125,DRREDDY.NS,2024-03-20
1203.1162109375,DRREDDY.NS,2024-03-21
1217.840576171875,DRREDDY.NS,2024-03-22
1204.421875,DRREDDY.NS,2024-03-26
1186.6053466796875,DRREDDY.NS,2024-03-27
1208.9471435546875,DRREDDY.NS,2024-03-28
1227.0972900390625,DRREDDY.NS,2024-04-01
1224.5843505859375,DRREDDY.NS,2024-04-02
1202.370361328125,DRREDDY.NS,2024-04-03
1205.9237060546875,DRREDDY.NS,2024-04-04
1213.1485595703125,DRREDDY.NS,2024-04-05
1212.2159423828125,DRREDDY.NS,2024-04-08
1210.9102783203125,DRREDDY.NS,2024-04-09
1208.9471435546875,DRREDDY.NS,2024-04-10
1194.4093017578125,DRREDDY.NS,2024-04-12
1180.07763671875,DRREDDY.NS,2024-04-15
1187.8323974609375,DRREDDY.NS,2024-04-16
1169.5350341796875,DRREDDY.NS,2024-04-18
1166.7275390625,DRREDDY.NS,2024-04-19
1181.1082763671875,DRREDDY.NS,2024-04-22
1168.543701171875,DRREDDY.NS,2024-04-23
1168.288330078125,DRREDDY.NS,2024-04-24
1220.8934326171875,DRREDDY.NS,2024-04-25
1227.44091796875,DRREDDY.NS,2024-04-26
1236.2755126953125,DRREDDY.NS,2024-04-29
1218.056640625,DRREDDY.NS,2024-04-30
1234.3907470703125,DRREDDY.NS,2024-05-02
1246.57275390625,DRREDDY.NS,2024-05-03
1235.558837890625,DRREDDY.NS,2024-05-06
1228.5206298828125,DRREDDY.NS,2024-05-07
1189.0103759765625,DRREDDY.NS,2024-05-08
1153.8682861328125,DRREDDY.NS,2024-05-09
1162.4378662109375,DRREDDY.NS,2024-05-10
1159.993408203125,DRREDDY.NS,2024-05-13
1152.189697265625,DRREDDY.NS,2024-05-14
1153.406982421875,DRREDDY.NS,2024-05-15
1148.5772705078125,DRREDDY.NS,2024-05-16
1138.59423828125,DRREDDY.NS,2024-05-17
1134.716796875,DRREDDY.NS,2024-05-21
1152.9652099609375,DRREDDY.NS,2024-05-22
1157.863525390625,DRREDDY.NS,2024-05-23
1151.5909423828125,DRREDDY.NS,2024-05-24
1152.9554443359375,DRREDDY.NS,2024-05-27
1171.135009765625,DRREDDY.NS,2024-05-28
1178.0946044921875,DRREDDY.NS,2024-05-29
1153.1614990234375,DRREDDY.NS,2024-05-30
1137.08251953125,DRREDDY.NS,2024-05-31
1135.4039306640625,DRREDDY.NS,2024-06-03
1125.096923828125,DRREDDY.NS,2024-06-04
1143.4237060546875,DRREDDY.NS,2024-06-05
1156.5382080078125,DRREDDY.NS,2024-06-06
1189.982177734375,DRREDDY.NS,2024-06-07
1198.7872314453125,DRREDDY.NS,2024-06-10
1185.6531982421875,DRREDDY.NS,2024-06-11
1189.7366943359375,DRREDDY.NS,2024-06-12
1196.7652587890625,DRREDDY.NS,2024-06-13
1194.6842041015625,DRREDDY.NS,2024-06-14
1176.2296142578125,DRREDDY.NS,2024-06-18
1169.3485107421875,DRREDDY.NS,2024-06-19
1172.21484375,DRREDDY.NS,2024-06-20
1180.1954345703125,DRREDDY.NS,2024-06-21
1188.7354736328125,DRREDDY.NS,2024-06-24
1193.3394775390625,DRREDDY.NS,2024-06-25
1191.699951171875,DRREDDY.NS,2024-06-26
1224.260498046875,DRREDDY.NS,2024-06-27
1256.9385986328125,DRREDDY.NS,2024-06-28
1247.387451171875,DRREDDY.NS,2024-07-01
1250.63671875,DRREDDY.NS,2024-07-02
1261.5621337890625,DRREDDY.NS,2024-07-03
1272.0556640625,DRREDDY.NS,2024-07-04
1280.0362548828125,DRREDDY.NS,2024-07-05
1282.814208984375,DRREDDY.NS,2024-07-08
1292.3751220703125,DRREDDY.NS,2024-07-09
1294.2796630859375,DRREDDY.NS,2024-07-10
1294.71142578125,DRREDDY.NS,2024-07-11
1319.193115234375,DRREDDY.NS,2024-07-12
1333.976318359375,DRREDDY.NS,2024-07-15
1312.509521484375,DRREDDY.NS,2024-07-16
1316.7457275390625,DRREDDY.NS,2024-07-18
1310.5247802734375,DRREDDY.NS,2024-07-19
1337.1658935546875,DRREDDY.NS,2024-07-22
1355.74951171875,DRREDDY.NS,2024-07-23
1346.8922119140625,DRREDDY.NS,2024-07-24
1353.4190673828125,DRREDDY.NS,2024-07-25
1358.4451904296875,DRREDDY.NS,2024-07-26
1350.8221435546875,DRREDDY.NS,2024-07-29
1343.7322998046875,DRREDDY.NS,2024-07-30
1333.1370849609375,DRREDDY.NS,2024-07-31
1360.28173828125,DRREDDY.NS,2024-08-01
1375.3302001953125,DRREDDY.NS,2024-08-02
1345.29248046875,DRREDDY.NS,2024-08-05
1344.3741455078125,DRREDDY.NS,2024-08-06
1367.865234375,DRREDDY.NS,2024-08-07
1370.225341796875,DRREDDY.NS,2024-08-08
1385.076171875,DRREDDY.NS,2024-08-09
1360.0052490234375,DRREDDY.NS,2024-08-12
1372.2198486328125,DRREDDY.NS,2024-08-13
1343.1201171875,DRREDDY.NS,2024-08-14
1341.6488037109375,DRREDDY.NS,2024-08-16
1364.9029541015625,DRREDDY.NS,2024-08-19
1375.567138671875,DRREDDY.NS,2024-08-20
1394.7432861328125,DRREDDY.NS,2024-08-21
1376.2979736328125,DRREDDY.NS,2024-08-22
1373.4244384765625,DRREDDY.NS,2024-08-23
1371.212646484375,DRREDDY.NS,2024-08-26
1375.09326171875,DRREDDY.NS,2024-08-27
1382.27197265625,DRREDDY.NS,2024-08-28
1368.8131103515625,DRREDDY.NS,2024-08-29
1388.6014404296875,DRREDDY.NS,2024-08-30
1357.1614990234375,DRREDDY.NS,2024-09-02
1353.5474853515625,DRREDDY.NS,2024-09-03
1340.3848876953125,DRREDDY.NS,2024-09-04
1322.32470703125,DRREDDY.NS,2024-09-05
1316.676513671875,DRREDDY.NS,2024-09-06
1314.4549560546875,DRREDDY.NS,2024-09-09
1313.3685302734375,DRREDDY.NS,2024-09-10
1305.8839111328125,DRREDDY.NS,2024-09-11
1319.974609375,DRREDDY.NS,2024-09-12
1315.40283203125,DRREDDY.NS,2024-09-13
1312.7169189453125,DRREDDY.NS,2024-09-16
1309.665771484375,DRREDDY.NS,2024-09-17
1297.0562744140625,DRREDDY.NS,2024-09-18
1284.170166015625,DRREDDY.NS,2024-09-19
1293.76806640625,DRREDDY.NS,2024-09-20
1314.1685791015625,DRREDDY.NS,2024-09-23
1313.3587646484375,DRREDDY.NS,2024-09-24
1321.4755859375,DRREDDY.NS,2024-09-25
1331.9324951171875,DRREDDY.NS,2024-09-26
1333.0185546875,DRREDDY.NS,2024-09-27
1333.354248046875,DRREDDY.NS,2024-09-30
1332.860595703125,DRREDDY.NS,2024-10-01
1330.2044677734375,DRREDDY.NS,2024-10-03
1309.981689453125,DRREDDY.NS,2024-10-04
1305.3704833984375,DRREDDY.NS,2024-10-07
1314.484375,DRREDDY.NS,2024-10-08
1316.2222900390625,DRREDDY.NS,2024-10-09
1300.0777587890625,DRREDDY.NS,2024-10-10
1303.25732421875,DRREDDY.NS,2024-10-11
1315.2447509765625,DRREDDY.NS,2024-10-14
1305.7159423828125,DRREDDY.NS,2024-10-15
1325.3167724609375,DRREDDY.NS,2024-10-16
1323.9638671875,DRREDDY.NS,2024-10-17
1331.28076171875,DRREDDY.NS,2024-10-18
1322.6505126953125,DRREDDY.NS,2024-10-21
1315.7384033203125,DRREDDY.NS,2024-10-22
1304.975341796875,DRREDDY.NS,2024-10-23
1299.998779296875,DRREDDY.NS,2024-10-24
1286.5697021484375,DRREDDY.NS,2024-10-25
1295.0220947265625,DRREDDY.NS,2024-10-28
1258.6844482421875,DRREDDY.NS,2024-10-29
1234.1466064453125,DRREDDY.NS,2024-10-30
1258.190673828125,DRREDDY.NS,2024-10-31
1243.774169921875,DRREDDY.NS,2024-11-01
1252.3648681640625,DRREDDY.NS,2024-11-04
1256.2158203125,DRREDDY.NS,2024-11-05
1285.740234375,DRREDDY.NS,2024-11-06
1271.1754150390625,DRREDDY.NS,2024-11-07
1267.52197265625,DRREDDY.NS,2024-11-08
1271.7186279296875,DRREDDY.NS,2024-11-11
1248.0201416015625,DRREDDY.NS,2024-11-12
1229.357666015625,DRREDDY.NS,2024-11-13
1211.28759765625,DRREDDY.NS,2024-11-14
1178.5540771484375,DRREDDY.NS,2024-11-18
1198.2039794921875,DRREDDY.NS,2024-11-19
1180.3314208984375,DRREDDY.NS,2024-11-21
1199.19140625,DRREDDY.NS,2024-11-22
1194.106201171875,DRREDDY.NS,2024-11-25
1193.4642333984375,DRREDDY.NS,2024-11-26
1184.82421875,DRREDDY.NS,2024-11-27
1176.97412109375,DRREDDY.NS,2024-11-28
1187.194091796875,DRREDDY.NS,2024-11-29
1206.399658203125,DRREDDY.NS,2024-12-02
1209.1151123046875,DRREDDY.NS,2024-12-03
1200.277587890625,DRREDDY.NS,2024-12-04
1224.2723388671875,DRREDDY.NS,2024-12-05
1237.9482421875,DRREDDY.NS,2024-12-06
1239.380126953125,DRREDDY.NS,2024-12-09
1224.7659912109375,DRREDDY.NS,2024-12-10
1222.98876953125,DRREDDY.NS,2024-12-11
1229.7525634765625,DRREDDY.NS,2024-12-12
1230.6905517578125,DRREDDY.NS,2024-12-13
1253.994140625,DRREDDY.NS,2024-12-16
1231.974365234375,DRREDDY.NS,2024-12-17
1259.3756103515625,DRREDDY.NS,2024-12-18
1308.9449462890625,DRREDDY.NS,2024-12-19
1326.7681884765625,DRREDDY.NS,2024-12-20
1324.4970703125,DRREDDY.NS,2024-12-23
1333.927001953125,DRREDDY.NS,2024-12-24
1338.1236572265625,DRREDDY.NS,2024-12-26
1371.99267578125,DRREDDY.NS,2024-12-27
1359.6004638671875,DRREDDY.NS,2024-12-30
1371.0545654296875,DRREDDY.NS,2024-12-31
1351.7996826171875,DRREDDY.NS,2025-01-01
1357.773681640625,DRREDDY.NS,2025-01-02
1335.655029296875,DRREDDY.NS,2025-01-03
1333.3839111328125,DRREDDY.NS,2025-01-06
1334.5689697265625,DRREDDY.NS,2025-01-07
1353.5277099609375,DRREDDY.NS,2025-01-08
1354.366943359375,DRREDDY.NS,2025-01-09
1337.3831787109375,DRREDDY.NS,2025-01-10
1318.3255615234375,DRREDDY.NS,2025-01-13
1320.744873046875,DRREDDY.NS,2025-01-14
1320.399169921875,DRREDDY.NS,2025-01-15
1286.3819580078125,DRREDDY.NS,2025-01-16
1292.948486328125,DRREDDY.NS,2025-01-17
1285.987060546875,DRREDDY.NS,2025-01-20
1271.9654541015625,DRREDDY.NS,2025-01-21
1279.9637451171875,DRREDDY.NS,2025-01-22
1273.1998291015625,DRREDDY.NS,2025-01-23
1209.016357421875,DRREDDY.NS,2025-01-24
1182.6025390625,DRREDDY.NS,2025-01-27
1166.4085693359375,DRREDDY.NS,2025-01-28
1166.3592529296875,DRREDDY.NS,2025-01-29
1179.4920654296875,DRREDDY.NS,2025-01-30
1202.054931640625,DRREDDY.NS,2025-01-31
1189.810791015625,DRREDDY.NS,2025-02-01
1188.724609375,DRREDDY.NS,2025-02-03
1204.622314453125,DRREDDY.NS,2025-02-04
1212.126953125,DRREDDY.NS,2025-02-05
1221.112548828125,DRREDDY.NS,2025-02-06
1224.8154296875,DRREDDY.NS,2025-02-07
1205.609619140625,DRREDDY.NS,2025-02-10
1194.599853515625,DRREDDY.NS,2025-02-11
1200.5738525390625,DRREDDY.NS,2025-02-12
1208.2265625,DRREDDY.NS,2025-02-13
1182.010009765625,DRREDDY.NS,2025-02-14
1183.8861083984375,DRREDDY.NS,2025-02-17
1182.355712890625,DRREDDY.NS,2025-02-18
1151.2020263671875,DRREDDY.NS,2025-02-19
1156.2379150390625,DRREDDY.NS,2025-02-20
1137.3287353515625,DRREDDY.NS,2025-02-21
1149.91845703125,DRREDDY.NS,2025-02-24
1113.975830078125,DRREDDY.NS,2025-02-25
1111.408447265625,DRREDDY.NS,2025-02-27
1102.47216796875,DRREDDY.NS,2025-02-28
1105.533203125,DRREDDY.NS,2025-03-03
1106.0762939453125,DRREDDY.NS,2025-03-04
1112.247802734375,DRREDDY.NS,2025-03-05
1125.775634765625,DRREDDY.NS,2025-03-06
1119.0115966796875,DRREDDY.NS,2025-03-07
1106.1256103515625,DRREDDY.NS,2025-03-10
1102.6202392578125,DRREDDY.NS,2025-03-11
1091.2647705078125,DRREDDY.NS,2025-03-12
1094.0294189453125,DRREDDY.NS,2025-03-13
1136.2423095703125,DRREDDY.NS,2025-03-17
1136.2423095703125,DRREDDY.NS,2025-03-18
1157.3734130859375,DRREDDY.NS,2025-03-19
1172.2838134765625,DRREDDY.NS,2025-03-20
1185.071044921875,DRREDDY.NS,2025-03-21
1195.0936279296875,DRREDDY.NS,2025-03-24
1163.1007080078125,DRREDDY.NS,2025-03-25
1149.9677734375,DRREDDY.NS,2025-03-26
1147.597900390625,DRREDDY.NS,2025-03-27
1129.8240966796875,DRREDDY.NS,2025-03-28
1137.7235107421875,DRREDDY.NS,2025-04-01
1135.5511474609375,DRREDDY.NS,2025-04-02
1136.9830322265625,DRREDDY.NS,2025-04-03
1096.00439453125,DRREDDY.NS,2025-04-04
1074.2315673828125,DRREDDY.NS,2025-04-07
1094.0294189453125,DRREDDY.NS,2025-04-08
1080.30419921875,DRREDDY.NS,2025-04-09
1095.56005859375,DRREDDY.NS,2025-04-11
1140.3896484375,DRREDDY.NS,2025-04-15
1143.845703125,DRREDDY.NS,2025-04-16
1148.980224609375,DRREDDY.NS,2025-04-17
1162.6070556640625,DRREDDY.NS,2025-04-21
1160.2371826171875,DRREDDY.NS,2025-04-22
1171.098876953125,DRREDDY.NS,2025-04-23
1185.416748046875,DRREDDY.NS,2025-04-24
1160.0396728515625,DRREDDY.NS,2025-04-25
1183.6392822265625,DRREDDY.NS,2025-04-28
1161.2244873046875,DRREDDY.NS,2025-04-29
1169.0252685546875,DRREDDY.NS,2025-04-30
1163.1007080078125,DRREDDY.NS,2025-05-02
1156.5836181640625,DRREDDY.NS,2025-05-05
1145.8206787109375,DRREDDY.NS,2025-05-06
1146.11669921875,DRREDDY.NS,2025-05-07
1133.576416015625,DRREDDY.NS,2025-05-08
1141.3770751953125,DRREDDY.NS,2025-05-09
1180.5782470703125,DRREDDY.NS,2025-05-12
1191.933837890625,DRREDDY.NS,2025-05-13
1204.6717529296875,DRREDDY.NS,2025-05-14
1220.7669677734375,DRREDDY.NS,2025-05-15
1215.2371826171875,DRREDDY.NS,2025-05-16
1203.684326171875,DRREDDY.NS,2025-05-19
1208.8189697265625,DRREDDY.NS,2025-05-20
1209.3126220703125,DRREDDY.NS,2025-05-21
1206.843994140625,DRREDDY.NS,2025-05-22
1214.644775390625,DRREDDY.NS,2025-05-23
1225.3092041015625,DRREDDY.NS,2025-05-26
1227.5802001953125,DRREDDY.NS,2025-05-27
1226.98779296875,DRREDDY.NS,2025-05-28
1232.5174560546875,DRREDDY.NS,2025-05-29
1235.479736328125,DRREDDY.NS,2025-05-30
1232.0235595703125,DRREDDY.NS,2025-06-02
1232.6160888671875,DRREDDY.NS,2025-06-03
1236.1710205078125,DRREDDY.NS,2025-06-04
1274.384765625,DRREDDY.NS,2025-06-05
1304.303955078125,DRREDDY.NS,2025-06-06
1302.526611328125,DRREDDY.NS,2025-06-09
1331.853515625,DRREDDY.NS,2025-06-10
1334.12451171875,DRREDDY.NS,2025-06-11
1345.5787353515625,DRREDDY.NS,2025-06-12
1345.38134765625,DRREDDY.NS,2025-06-13
1329.878662109375,DRREDDY.NS,2025-06-16
1302.23046875,DRREDDY.NS,2025-06-17
1296.799560546875,DRREDDY.NS,2025-06-18
1309.4385986328125,DRREDDY.NS,2025-06-19
1308.6488037109375,DRREDDY.NS,2025-06-20
1301.3416748046875,DRREDDY.NS,2025-06-23
1320.498046875,DRREDDY.NS,2025-06-24
1324.743896484375,DRREDDY.NS,2025-06-25
1304.8963623046875,DRREDDY.NS,2025-06-26
1284.654052734375,DRREDDY.NS,2025-06-27
1267.176513671875,DRREDDY.NS,2025-06-30
1260.758056640625,DRREDDY.NS,2025-07-01
1254.83349609375,DRREDDY.NS,2025-07-02
1275.075927734375,DRREDDY.NS,2025-07-03
1290.9736328125,DRREDDY.NS,2025-07-04
1294.03466796875,DRREDDY.NS,2025-07-07
1267.670166015625,DRREDDY.NS,2025-07-08
1253.4510498046875,DRREDDY.NS,2025-07-09
1254.6434326171875,DRREDDY.NS,2025-07-10
1246.793212890625,DRREDDY.NS,2025-07-11
1242.7191162109375,DRREDDY.NS,2025-07-14
1252.9542236328125,DRREDDY.NS,2025-07-15
1251.463623046875,DRREDDY.NS,2025-07-16
1255.1402587890625,DRREDDY.NS,2025-07-17
1249.5755615234375,DRREDDY.NS,2025-07-18
1251.3642578125,DRREDDY.NS,2025-07-21
1232.1859130859375,DRREDDY.NS,2025-07-22
1239.539306640625,DRREDDY.NS,2025-07-23
1257.525146484375,DRREDDY.NS,2025-07-24
1269.8470458984375,DRREDDY.NS,2025-07-25
1279.2872314453125,DRREDDY.NS,2025-07-28
1291.609130859375,DRREDDY.NS,2025-07-29
1283.95751953125,DRREDDY.NS,2025-07-30
1262.2950439453125,DRREDDY.NS,2025-07-31
1212.9080810546875,DRREDDY.NS,2025-08-01
1217.2803955078125,DRREDDY.NS,2025-08-04
1207.144775390625,DRREDDY.NS,2025-08-05
1189.15869140625,DRREDDY.NS,2025-08-06
1193.23291015625,DRREDDY.NS,2025-08-07
1203.76611328125,DRREDDY.NS,2025-08-08
1211.8150634765625,DRREDDY.NS,2025-08-11
1212.610107421875,DRREDDY.NS,2025-08-12
1245.50146484375,DRREDDY.NS,2025-08-13
1252.4573974609375,DRREDDY.NS,2025-08-14
1254.7427978515625,DRREDDY.NS,2025-08-18
1236.359375,DRREDDY.NS,2025-08-19
1237.5518798828125,DRREDDY.NS,2025-08-20
1268.55517578125,DRREDDY.NS,2025-08-21
1269.5489501953125,DRREDDY.NS,2025-08-22
1275.809326171875,DRREDDY.NS,2025-08-25
1255.2396240234375,DRREDDY.NS,2025-08-26
1251.8612060546875,DRREDDY.NS,2025-08-28
1252.1591796875,DRREDDY.NS,2025-08-29
1271.83447265625,DRREDDY.NS,2025-09-01
1245.799560546875,DRREDDY.NS,2025-09-02
1254.2459716796875,DRREDDY.NS,2025-09-03
1245.10400390625,DRREDDY.NS,2025-09-04
1260.1087646484375,DRREDDY.NS,2025-09-05
1242.7191162109375,DRREDDY.NS,2025-09-08
1283.1627197265625,DRREDDY.NS,2025-09-09
1295.9813232421875,DRREDDY.NS,2025-09-10
1294.88818359375,DRREDDY.NS,2025-09-11
1308.4024658203125,DRREDDY.NS,2025-09-12
1292.602783203125,DRREDDY.NS,2025-09-15
1302.142333984375,DRREDDY.NS,2025-09-16
1303.135986328125,DRREDDY.NS,2025-09-17
1314.36474609375,DRREDDY.NS,2025-09-18
1313.3709716796875,DRREDDY.NS,2025-09-19
1293.198974609375,DRREDDY.NS,2025-09-22
1300.1549072265625,DRREDDY.NS,2025-09-23
1289.919677734375,DRREDDY.NS,2025-09-24
1267.1640625,DRREDDY.NS,2025-09-25
1245.203369140625,DRREDDY.NS,2025-09-26
1226.8199462890625,DRREDDY.NS,2025-09-29
1215.988525390625,DRREDDY.NS,2025-09-30
1236.856201171875,DRREDDY.NS,2025-10-01
1240.23486328125,DRREDDY.NS,2025-10-03
1240.731689453125,DRREDDY.NS,2025-10-06
1240.63232421875,DRREDDY.NS,2025-10-07
1226.7205810546875,DRREDDY.NS,2025-10-08
1238.2474365234375,DRREDDY.NS,2025-10-09
1256.43212890625,DRREDDY.NS,2025-10-10
1254.4447021484375,DRREDDY.NS,2025-10-13
1229.5029296875,DRREDDY.NS,2025-10-14
1224.6337890625,DRREDDY.NS,2025-10-15
1232.384521484375,DRREDDY.NS,2025-10-16
1247.9857177734375,DRREDDY.NS,2025-10-17
1273.9212646484375,DRREDDY.NS,2025-10-20
1280.5789794921875,DRREDDY.NS,2025-10-21
1271.337646484375,DRREDDY.NS,2025-10-23
1275.5111083984375,DRREDDY.NS,2025-10-24
1276.206787109375,DRREDDY.NS,2025-10-27
1281.274658203125,DRREDDY.NS,2025-10-28
1243.0172119140625,DRREDDY.NS,2025-10-29
1194.6240234375,DRREDDY.NS,2025-10-30
1190.0531005859375,DRREDDY.NS,2025-10-31
1188.463134765625,DRREDDY.NS,2025-11-03
1192.43798828125,DRREDDY.NS,2025-11-04
1197.6051025390625,DRREDDY.NS,2025-11-06
1197.803955078125,DRREDDY.NS,2025-11-07
1191.1461181640625,DRREDDY.NS,2025-11-10
1203.865478515625,DRREDDY.NS,2025-11-11
1221.8514404296875,DRREDDY.NS,2025-11-12
1227.1180419921875,DRREDDY.NS,2025-11-13
1238.1480712890625,DRREDDY.NS,2025-11-14
1236.5582275390625,DRREDDY.NS,2025-11-17
1235.9620361328125,DRREDDY.NS,2025-11-18
1242.321533203125,DRREDDY.NS,2025-11-19
1240.731689453125,DRREDDY.NS,2025-11-20
1236.061279296875,DRREDDY.NS,2025-11-21
1218.4727783203125,DRREDDY.NS,2025-11-24
1228.3104248046875,DRREDDY.NS,2025-11-25
1240.135498046875,DRREDDY.NS,2025-11-26
1241.4273681640625,DRREDDY.NS,2025-11-27
1250.867431640625,DRREDDY.NS,2025-11-28
1252.1591796875,DRREDDY.NS,2025-12-01
1267.1640625,DRREDDY.NS,2025-12-02
1272.62939453125,DRREDDY.NS,2025-12-03
1269.5489501953125,DRREDDY.NS,2025-12-04
1267.1640625,DRREDDY.NS,2025-12-05
1258.5189208984375,DRREDDY.NS,2025-12-08
1238.3468017578125,DRREDDY.NS,2025-12-09
1242.9178466796875,DRREDDY.NS,2025-12-10
1265.4747314453125,DRREDDY.NS,2025-12-11
1271.23828125,DRREDDY.NS,2025-12-12
1272.530029296875,DRREDDY.NS,2025-12-15
1268.8533935546875,DRREDDY.NS,2025-12-16
1263.9842529296875,DRREDDY.NS,2025-12-17
1271.933837890625,DRREDDY.NS,2025-12-18
1270.1451416015625,DRREDDY.NS,2025-12-19
1275.3123779296875,DRREDDY.NS,2025-12-22
1275.4117431640625,DRREDDY.NS,2025-12-23
1257.8233642578125,DRREDDY.NS,2025-12-24
1261.30126953125,DRREDDY.NS,2025-12-26
1260.6055908203125,DRREDDY.NS,2025-12-29
1257.8233642578125,DRREDDY.NS,2025-12-30
1263.3880615234375,DRREDDY.NS,2025-12-31
1245.50146484375,DRREDDY.NS,2026-01-01
1248.1844482421875,DRREDDY.NS,2026-01-02
1242.1229248046875,DRREDDY.NS,2026-01-05
1248.2838134765625,DRREDDY.NS,2026-01-06
1234.96826171875,DRREDDY.NS,2026-01-07
1199.2945556640625,DRREDDY.NS,2026-01-08
1202.4742431640625,DRREDDY.NS,2026-01-09
1207.84033203125,DRREDDY.NS,2026-01-12
1183.7928466796875,DRREDDY.NS,2026-01-13
1179.0230712890625,DRREDDY.NS,2026-01-14
1179.0230712890625,DRREDDY.NS,2026-01-15
1168.0924072265625,DRREDDY.NS,2026-01-16
1159.8446044921875,DRREDDY.NS,2026-01-19
1159.3477783203125,DRREDDY.NS,2026-01-20
1149.9075927734375,DRREDDY.NS,2026-01-21
1209.82763671875,DRREDDY.NS,2026-01-22
1227.8135986328125,DRREDDY.NS,2026-01-23
1231.9871826171875,DRREDDY.NS,2026-01-27
1214.796142578125,DRREDDY.NS,2026-01-28
1201.2818603515625,DRREDDY.NS,2026-01-29
1210.423828125,DRREDDY.NS,2026-01-30
1175.0482177734375,DRREDDY.NS,2026-02-02
1227.6148681640625,DRREDDY.NS,2026-02-03
1232.384521484375,DRREDDY.NS,2026-02-04
1237.0550537109375,DRREDDY.NS,2026-02-05
1233.3782958984375,DRREDDY.NS,2026-02-06
1267.462158203125,DRREDDY.NS,2026-02-09
1248.0850830078125,DRREDDY.NS,2026-02-10
1262.2950439453125,DRREDDY.NS,2026-02-11
1266.865966796875,DRREDDY.NS,2026-02-12
1260.1087646484375,DRREDDY.NS,2026-02-13
1261.400634765625,DRREDDY.NS,2026-02-16
1276.70361328125,DRREDDY.NS,2026-02-17
1272.23193359375,DRREDDY.NS,2026-02-18
1274.2193603515625,DRREDDY.NS,2026-02-19
1272.331298828125,DRREDDY.NS,2026-02-20
1299.1611328125,DRREDDY.NS,2026-02-23
1292.0064697265625,DRREDDY.NS,2026-02-24
1298.266845703125,DRREDDY.NS,2026-02-25
1310.9862060546875,DRREDDY.NS,2026-02-26
1278.1942138671875,DRREDDY.NS,2026-02-27
1286.2430419921875,DRREDDY.NS,2026-03-02
1283.063232421875,DRREDDY.NS,2026-03-04
1305.22265625,DRREDDY.NS,2026-03-05
1295.5838623046875,DRREDDY.NS,2026-03-06
1278.8897705078125,DRREDDY.NS,2026-03-09
1306.3157958984375,DRREDDY.NS,2026-03-10
1317.1470947265625,DRREDDY.NS,2026-03-11
1310.6881103515625,DRREDDY.NS,2026-03-12
1284.1563720703125,DRREDDY.NS,2026-03-13
1268.8533935546875,DRREDDY.NS,2026-03-16
1275.7099609375,DRREDDY.NS,2026-03-17
1286.640625,DRREDDY.NS,2026-03-18
1266.468505859375,DRREDDY.NS,2026-03-19
1290.7147216796875,DRREDDY.NS,2026-03-20
1245.402099609375,DRREDDY.NS,2026-03-23
1251.662353515625,DRREDDY.NS,2026-03-24
1292.5032958984375,DRREDDY.NS,2026-03-25
1273.623046875,DRREDDY.NS,2026-03-27
1246.9920654296875,DRREDDY.NS,2026-03-30
1201.9774169921875,DRREDDY.NS,2026-04-01
1209.6290283203125,DRREDDY.NS,2026-04-02
1210.1258544921875,DRREDDY.NS,2026-04-06
1188.5625,DRREDDY.NS,2026-04-07
1183.8922119140625,DRREDDY.NS,2026-04-08
1204.262939453125,DRREDDY.NS,2026-04-09
1224.4349365234375,DRREDDY.NS,2026-04-10
1228.1116943359375,DRREDDY.NS,2026-04-13
1210.1258544921875,DRREDDY.NS,2026-04-15
1213.703125,DRREDDY.NS,2026-04-16
1227.9129638671875,DRREDDY.NS,2026-04-17
1224.83251953125,DRREDDY.NS,2026-04-20
1212.9080810546875,DRREDDY.NS,2026-04-21
1209.330810546875,DRREDDY.NS,2026-04-22
1322.6124267578125,DRREDDY.NS,2026-04-23
1308.800048828125,DRREDDY.NS,2026-04-24
1326.09033203125,DRREDDY.NS,2026-04-27
1346.063720703125,DRREDDY.NS,2026-04-28
1321.4200439453125,DRREDDY.NS,2026-04-29
1314.5634765625,DRREDDY.NS,2026-04-30
1314.5634765625,DRREDDY.NS,2026-05-01
1279.08837890625,DRREDDY.NS,2026-05-04
1263.189208984375,DRREDDY.NS,2026-05-05
1302.738525390625,DRREDDY.NS,2026-05-06
1299.35986328125,DRREDDY.NS,2026-05-07
1285.7462158203125,DRREDDY.NS,2026-05-08
1271.83447265625,DRREDDY.NS,2026-05-11
1261.996826171875,DRREDDY.NS,2026-05-12
1257.3265380859375,DRREDDY.NS,2026-05-13
1295.3851318359375,DRREDDY.NS,2026-05-14
1328.2764892578125,DRREDDY.NS,2026-05-15
1322.8111572265625,DRREDDY.NS,2026-05-18
1326.785888671875,DRREDDY.NS,2026-05-19
1313.56982421875,DRREDDY.NS,2026-05-20
1310.191162109375,DRREDDY.NS,2026-05-21
1298.96240234375,DRREDDY.NS,2026-05-22
1323.0098876953125,DRREDDY.NS,2026-05-25
1319.531982421875,DRREDDY.NS,2026-05-26
1310.6881103515625,DRREDDY.NS,2026-05-27
1310.6881103515625,DRREDDY.NS,2026-05-28
1295.2857666015625,DRREDDY.NS,2026-05-29
1282.268310546875,DRREDDY.NS,2026-06-01
1265.9716796875,DRREDDY.NS,2026-06-02
1255.339111328125,DRREDDY.NS,2026-06-03
1259.5125732421875,DRREDDY.NS,2026-06-04
1270.1451416015625,DRREDDY.NS,2026-06-05
1267.5615234375,DRREDDY.NS,2026-06-08
1260.50634765625,DRREDDY.NS,2026-06-09
1263.68603515625,DRREDDY.NS,2026-06-10
1267.958984375,DRREDDY.NS,2026-06-11
1267.36279296875,DRREDDY.NS,2026-06-12
1271.43701171875,DRREDDY.NS,2026-06-15
1268.8533935546875,DRREDDY.NS,2026-06-16
1261.003173828125,DRREDDY.NS,2026-06-17
1259.5125732421875,DRREDDY.NS,2026-06-18
1264.0836181640625,DRREDDY.NS,2026-06-19
1282.56640625,DRREDDY.NS,2026-06-22
1293.099609375,DRREDDY.NS,2026-06-23
1320.02880859375,DRREDDY.NS,2026-06-24
1341.989501953125,DRREDDY.NS,2026-06-25
1341.989501953125,DRREDDY.NS,2026-06-26
1367.03076171875,DRREDDY.NS,2026-06-29
1530.2398681640625,LT.NS,2022-05-20
1562.6011962890625,LT.NS,2022-05-23
1545.636474609375,LT.NS,2022-05-24
1496.643310546875,LT.NS,2022-05-25
1486.9490966796875,LT.NS,2022-05-26
1520.9261474609375,LT.NS,2022-05-27
1578.47265625,LT.NS,2022-05-30
1572.4376220703125,LT.NS,2022-05-31
1566.2601318359375,LT.NS,2022-06-01
1555.9482421875,LT.NS,2022-06-02
1570.109375,LT.NS,2022-06-03
1558.8470458984375,LT.NS,2022-06-06
1510.6142578125,LT.NS,2022-06-07
1505.957275390625,LT.NS,2022-06-08
1515.9837646484375,LT.NS,2022-06-09
1506.4798583984375,LT.NS,2022-06-10
1456.061279296875,LT.NS,2022-06-13
1468.0361328125,LT.NS,2022-06-14
1482.95751953125,LT.NS,2022-06-15
1451.6419677734375,LT.NS,2022-06-16
1416.04931640625,LT.NS,2022-06-17
1398.7996826171875,LT.NS,2022-06-20
1425.885986328125,LT.NS,2022-06-21
1405.405029296875,LT.NS,2022-06-22
1420.18359375,LT.NS,2022-06-23
1420.7064208984375,LT.NS,2022-06-24
1459.6253662109375,LT.NS,2022-06-27
1474.54638671875,LT.NS,2022-06-28
1471.1251220703125,LT.NS,2022-06-29
1480.9617919921875,LT.NS,2022-06-30
1494.17236328125,LT.NS,2022-07-01
1503.2484130859375,LT.NS,2022-07-04
1487.28173828125,LT.NS,2022-07-05
1478.9658203125,LT.NS,2022-07-06
1531.1903076171875,LT.NS,2022-07-07
1603.7535400390625,LT.NS,2022-07-08
1580.5162353515625,LT.NS,2022-07-11
1571.7249755859375,LT.NS,2022-07-12
1565.54736328125,LT.NS,2022-07-13
1564.5020751953125,LT.NS,2022-07-14
1601.282470703125,LT.NS,2022-07-15
1641.9595947265625,LT.NS,2022-07-18
1644.0029296875,LT.NS,2022-07-19
1653.6494140625,LT.NS,2022-07-20
1699.0828857421875,LT.NS,2022-07-21
1701.5855712890625,LT.NS,2022-07-22
1715.7353515625,LT.NS,2022-07-25
1685.7032470703125,LT.NS,2022-07-26
1729.4039306640625,LT.NS,2022-07-27
1733.831787109375,LT.NS,2022-07-28
1740.377197265625,LT.NS,2022-07-29
1746.7781982421875,LT.NS,2022-08-01
1725.9385986328125,LT.NS,2022-08-02
1722.8104248046875,LT.NS,2022-08-03
1713.473388671875,LT.NS,2022-08-04
1720.5482177734375,LT.NS,2022-08-05
1761.1685791015625,LT.NS,2022-08-08
1785.7142333984375,LT.NS,2022-08-10
1797.2650146484375,LT.NS,2022-08-11
1777.33984375,LT.NS,2022-08-12
1779.6983642578125,LT.NS,2022-08-16
1786.24365234375,LT.NS,2022-08-17
1823.6395263671875,LT.NS,2022-08-18
1863.58642578125,LT.NS,2022-08-19
1810.2598876953125,LT.NS,2022-08-22
1806.794677734375,LT.NS,2022-08-23
1822.484375,LT.NS,2022-08-24
1807.61279296875,LT.NS,2022-08-25
1834.08349609375,LT.NS,2022-08-26
1811.0780029296875,LT.NS,2022-08-29
1850.54345703125,LT.NS,2022-08-30
1841.3509521484375,LT.NS,2022-09-01
1867.8697509765625,LT.NS,2022-09-02
1894.6773681640625,LT.NS,2022-09-05
1888.8538818359375,LT.NS,2022-09-06
1884.81103515625,LT.NS,2022-09-07
1900.5008544921875,LT.NS,2022-09-08
1876.7734375,LT.NS,2022-09-09
1888.4688720703125,LT.NS,2022-09-12
1916.81640625,LT.NS,2022-09-13
1880.768310546875,LT.NS,2022-09-14
1884.2335205078125,LT.NS,2022-09-15
1848.1370849609375,LT.NS,2022-09-16
1839.18505859375,LT.NS,2022-09-19
1860.3616943359375,LT.NS,2022-09-20
1824.6983642578125,LT.NS,2022-09-21
1817.5272216796875,LT.NS,2022-09-22
1787.3507080078125,LT.NS,2022-09-23
1782.1527099609375,LT.NS,2022-09-26
1772.2864990234375,LT.NS,2022-09-27
1766.7515869140625,LT.NS,2022-09-28
1747.5482177734375,LT.NS,2022-09-29
1778.5430908203125,LT.NS,2022-09-30
1751.2061767578125,LT.NS,2022-10-03
1801.50048828125,LT.NS,2022-10-04
1841.3509521484375,LT.NS,2022-10-06
1852.516845703125,LT.NS,2022-10-07
1838.1744384765625,LT.NS,2022-10-10
1808.6234130859375,LT.NS,2022-10-11
1839.714599609375,LT.NS,2022-10-12
1805.92822265625,LT.NS,2022-10-13
1840.051513671875,LT.NS,2022-10-14
1812.7144775390625,LT.NS,2022-10-17
1846.30810546875,LT.NS,2022-10-18
1833.6021728515625,LT.NS,2022-10-19
1832.88037109375,LT.NS,2022-10-20
1806.505859375,LT.NS,2022-10-21
1838.270751953125,LT.NS,2022-10-24
1876.14794921875,LT.NS,2022-10-25
1890.538330078125,LT.NS,2022-10-27
1901.126708984375,LT.NS,2022-10-28
1947.378173828125,LT.NS,2022-10-31
1948.6776123046875,LT.NS,2022-11-01
1937.945068359375,LT.NS,2022-11-02
1933.5169677734375,LT.NS,2022-11-03
1939.677490234375,LT.NS,2022-11-04
1942.132080078125,LT.NS,2022-11-07
1928.51171875,LT.NS,2022-11-09
1903.62939453125,LT.NS,2022-11-10
1935.8271484375,LT.NS,2022-11-11
1924.950439453125,LT.NS,2022-11-14
1921.822021484375,LT.NS,2022-11-15
1928.6080322265625,LT.NS,2022-11-16
1953.5867919921875,LT.NS,2022-11-17
1948.6776123046875,LT.NS,2022-11-18
1936.1640625,LT.NS,2022-11-21
1953.8275146484375,LT.NS,2022-11-22
1949.20703125,LT.NS,2022-11-23
1975.3890380859375,LT.NS,2022-11-24
1985.5439453125,LT.NS,2022-11-25
1987.180419921875,LT.NS,2022-11-28
1973.80078125,LT.NS,2022-11-29
1997.1912841796875,LT.NS,2022-11-30
2025.49072265625,LT.NS,2022-12-01
2007.442626953125,LT.NS,2022-12-02
2007.5389404296875,LT.NS,2022-12-05
2015.1431884765625,LT.NS,2022-12-06
2044.5018310546875,LT.NS,2022-12-07
2086.566162109375,LT.NS,2022-12-08
2073.4267578125,LT.NS,2022-12-09
2082.715576171875,LT.NS,2022-12-12
2091.571044921875,LT.NS,2022-12-13
2113.27734375,LT.NS,2022-12-14
2096.04736328125,LT.NS,2022-12-15
2093.592529296875,LT.NS,2022-12-16
2102.255859375,LT.NS,2022-12-19
2082.282470703125,LT.NS,2022-12-20
2065.96728515625,LT.NS,2022-12-21
2030.9774169921875,LT.NS,2022-12-22
1985.5439453125,LT.NS,2022-12-23
2012.7850341796875,LT.NS,2022-12-26
2044.5980224609375,LT.NS,2022-12-27
2041.710205078125,LT.NS,2022-12-28
2031.891845703125,LT.NS,2022-12-29
2007.7314453125,LT.NS,2022-12-30
2011.24462890625,LT.NS,2023-01-02
2010.763427734375,LT.NS,2023-01-03
1993.0523681640625,LT.NS,2023-01-04
2009.2236328125,LT.NS,2023-01-05
2008.453369140625,LT.NS,2023-01-06
2042.287841796875,LT.NS,2023-01-09
2027.8009033203125,LT.NS,2023-01-10
2045.8011474609375,LT.NS,2023-01-11
2078.913818359375,LT.NS,2023-01-12
2072.80126953125,LT.NS,2023-01-13
2057.20751953125,LT.NS,2023-01-16
2130.2666015625,LT.NS,2023-01-17
2181.66796875,LT.NS,2023-01-18
2188.021240234375,LT.NS,2023-01-19
2165.737548828125,LT.NS,2023-01-20
2149.9033203125,LT.NS,2023-01-23
2124.87646484375,LT.NS,2023-01-24
2093.303955078125,LT.NS,2023-01-25
2079.010009765625,LT.NS,2023-01-27
2033.817138671875,LT.NS,2023-01-30
2044.886474609375,LT.NS,2023-01-31
2065.2451171875,LT.NS,2023-02-01
2064.61962890625,LT.NS,2023-02-02
2085.458984375,LT.NS,2023-02-03
2075.400146484375,LT.NS,2023-02-06
2084.255615234375,LT.NS,2023-02-07
2051.09521484375,LT.NS,2023-02-08
2067.025634765625,LT.NS,2023-02-09
2082.860107421875,LT.NS,2023-02-10
2120.83349609375,LT.NS,2023-02-13
2109.619384765625,LT.NS,2023-02-14
2093.640869140625,LT.NS,2023-02-15
2096.76904296875,LT.NS,2023-02-16
2143.02099609375,LT.NS,2023-02-17
2142.20263671875,LT.NS,2023-02-20
2146.0048828125,LT.NS,2023-02-21
2112.603759765625,LT.NS,2023-02-22
2078.3359375,LT.NS,2023-02-23
2054.17529296875,LT.NS,2023-02-24
2034.5869140625,LT.NS,2023-02-27
2030.2076416015625,LT.NS,2023-02-28
2036.1273193359375,LT.NS,2023-03-01
2042.19140625,LT.NS,2023-03-02
2071.501708984375,LT.NS,2023-03-03
2061.009521484375,LT.NS,2023-03-06
2089.5498046875,LT.NS,2023-03-08
2111.111572265625,LT.NS,2023-03-09
2077.08447265625,LT.NS,2023-03-10
2053.983154296875,LT.NS,2023-03-13
2063.94580078125,LT.NS,2023-03-14
2095.180908203125,LT.NS,2023-03-15
2092.2451171875,LT.NS,2023-03-16
2113.56591796875,LT.NS,2023-03-17
2096.04736328125,LT.NS,2023-03-20
2125.79052734375,LT.NS,2023-03-21
2131.084716796875,LT.NS,2023-03-22
2124.057861328125,LT.NS,2023-03-23
2085.07373046875,LT.NS,2023-03-24
2073.378662109375,LT.NS,2023-03-27
2053.7421875,LT.NS,2023-03-28
2067.07373046875,LT.NS,2023-03-29
2083.19677734375,LT.NS,2023-03-31
2088.92431640625,LT.NS,2023-04-03
2173.245361328125,LT.NS,2023-04-05
2189.1279296875,LT.NS,2023-04-06
2223.2509765625,LT.NS,2023-04-10
2215.358154296875,LT.NS,2023-04-11
2202.844970703125,LT.NS,2023-04-12
2174.208251953125,LT.NS,2023-04-13
2131.133056640625,LT.NS,2023-04-17
2133.6357421875,LT.NS,2023-04-18
2136.5234375,LT.NS,2023-04-19
2149.18115234375,LT.NS,2023-04-20
2132.2880859375,LT.NS,2023-04-21
2145.475341796875,LT.NS,2023-04-24
2163.812255859375,LT.NS,2023-04-25
2190.95654296875,LT.NS,2023-04-26
2219.3046875,LT.NS,2023-04-27
2275.903564453125,LT.NS,2023-04-28
2295.203369140625,LT.NS,2023-05-02
2268.107177734375,LT.NS,2023-05-03
2268.6845703125,LT.NS,2023-05-04
2288.51318359375,LT.NS,2023-05-05
2276.8662109375,LT.NS,2023-05-08
2285.4814453125,LT.NS,2023-05-09
2275.951904296875,LT.NS,2023-05-10
2158.229248046875,LT.NS,2023-05-11
2137.967529296875,LT.NS,2023-05-12
2162.753662109375,LT.NS,2023-05-15
2143.8388671875,LT.NS,2023-05-16
2136.5234375,LT.NS,2023-05-17
2106.298828125,LT.NS,2023-05-18
2108.07958984375,LT.NS,2023-05-19
2133.6357421875,LT.NS,2023-05-22
2115.394775390625,LT.NS,2023-05-23
2103.36279296875,LT.NS,2023-05-24
2122.180908203125,LT.NS,2023-05-25
2135.41650390625,LT.NS,2023-05-26
2141.2880859375,LT.NS,2023-05-29
2128.052734375,LT.NS,2023-05-30
2123.095458984375,LT.NS,2023-05-31
2125.1650390625,LT.NS,2023-06-01
2150.9140625,LT.NS,2023-06-02
2183.400634765625,LT.NS,2023-06-05
2192.689453125,LT.NS,2023-06-06
2228.834228515625,LT.NS,2023-06-07
2252.7060546875,LT.NS,2023-06-08
2274.55615234375,LT.NS,2023-06-09
2252.368896484375,LT.NS,2023-06-12
2266.27783203125,LT.NS,2023-06-13
2266.90380859375,LT.NS,2023-06-14
2272.919677734375,LT.NS,2023-06-15
2278.2138671875,LT.NS,2023-06-16
2277.78076171875,LT.NS,2023-06-19
2292.84521484375,LT.NS,2023-06-20
2304.8291015625,LT.NS,2023-06-21
2325.813232421875,LT.NS,2023-06-22
2300.1123046875,LT.NS,2023-06-23
2288.5615234375,LT.NS,2023-06-26
2298.668701171875,LT.NS,2023-06-27
2330.818603515625,LT.NS,2023-06-28
2382.8935546875,LT.NS,2023-06-30
2362.1982421875,LT.NS,2023-07-03
2369.70654296875,LT.NS,2023-07-04
2378.3212890625,LT.NS,2023-07-05
2395.455078125,LT.NS,2023-07-06
2357.67431640625,LT.NS,2023-07-07
2347.470947265625,LT.NS,2023-07-10
2381.93115234375,LT.NS,2023-07-11
2363.064697265625,LT.NS,2023-07-12
2358.4443359375,LT.NS,2023-07-13
2379.717041015625,LT.NS,2023-07-14
2376.396240234375,LT.NS,2023-07-17
2382.0751953125,LT.NS,2023-07-18
2400.79736328125,LT.NS,2023-07-19
2396.513916015625,LT.NS,2023-07-20
2489.449951171875,LT.NS,2023-07-21
2507.7392578125,LT.NS,2023-07-24
2465.049072265625,LT.NS,2023-07-25
2547.204833984375,LT.NS,2023-07-26
2560.632568359375,LT.NS,2023-07-27
2550.381103515625,LT.NS,2023-07-28
2580.99072265625,LT.NS,2023-07-31
2566.8408203125,LT.NS,2023-08-01
2552.724853515625,LT.NS,2023-08-02
2529.311767578125,LT.NS,2023-08-03
2557.34912109375,LT.NS,2023-08-04
2566.110595703125,LT.NS,2023-08-07
2562.508544921875,LT.NS,2023-08-08
2581.395263671875,LT.NS,2023-08-09
2573.509521484375,LT.NS,2023-08-10
2568.64208984375,LT.NS,2023-08-11
2589.475341796875,LT.NS,2023-08-14
2619.800537109375,LT.NS,2023-08-16
2582.271484375,LT.NS,2023-08-17
2572.00048828125,LT.NS,2023-08-18
2591.76318359375,LT.NS,2023-08-21
2607.875,LT.NS,2023-08-22
2645.647705078125,LT.NS,2023-08-23
2616.977294921875,LT.NS,2023-08-24
2568.544677734375,LT.NS,2023-08-25
2623.98681640625,LT.NS,2023-08-28
2646.9619140625,LT.NS,2023-08-29
2637.275390625,LT.NS,2023-08-30
2631.142333984375,LT.NS,2023-08-31
2630.558349609375,LT.NS,2023-09-01
2639.31982421875,LT.NS,2023-09-04
2660.591064453125,LT.NS,2023-09-05
2658.157470703125,LT.NS,2023-09-06
2771.037353515625,LT.NS,2023-09-07
2824.776123046875,LT.NS,2023-09-08
2817.57177734375,LT.NS,2023-09-11
2866.151123046875,LT.NS,2023-09-12
2829.78955078125,LT.NS,2023-09-13
2841.326171875,LT.NS,2023-09-14
2831.5419921875,LT.NS,2023-09-15
2842.54296875,LT.NS,2023-09-18
2813.483154296875,LT.NS,2023-09-20
2822.585693359375,LT.NS,2023-09-21
2841.228759765625,LT.NS,2023-09-22
2825.65234375,LT.NS,2023-09-25
2835.43603515625,LT.NS,2023-09-26
2886.54638671875,LT.NS,2023-09-27
2930.30615234375,LT.NS,2023-09-28
2943.497314453125,LT.NS,2023-09-29
2991.88134765625,LT.NS,2023-10-03
2947.586181640625,LT.NS,2023-10-04
3014.07763671875,LT.NS,2023-10-05
3011.7900390625,LT.NS,2023-10-06
2993.29296875,LT.NS,2023-10-09
2994.55859375,LT.NS,2023-10-10
3006.92236328125,LT.NS,2023-10-11
3000.15625,LT.NS,2023-10-12
3007.798828125,LT.NS,2023-10-13
3019.772705078125,LT.NS,2023-10-16
2985.115478515625,LT.NS,2023-10-17
2964.96337890625,LT.NS,2023-10-18
2973.530517578125,LT.NS,2023-10-19
2932.593994140625,LT.NS,2023-10-20
2879.974853515625,LT.NS,2023-10-23
2838.89208984375,LT.NS,2023-10-25
2788.755859375,LT.NS,2023-10-26
2825.068115234375,LT.NS,2023-10-27
2848.87109375,LT.NS,2023-10-30
2851.499267578125,LT.NS,2023-10-31
2818.642822265625,LT.NS,2023-11-01
2840.83935546875,LT.NS,2023-11-02
2834.170654296875,LT.NS,2023-11-03
2896.6708984375,LT.NS,2023-11-06
2882.8955078125,LT.NS,2023-11-07
2917.11474609375,LT.NS,2023-11-08
2944.76318359375,LT.NS,2023-11-09
2952.9404296875,LT.NS,2023-11-10
2967.786376953125,LT.NS,2023-11-13
2983.80126953125,LT.NS,2023-11-15
2970.366455078125,LT.NS,2023-11-16
3026.684814453125,LT.NS,2023-11-17
3007.019775390625,LT.NS,2023-11-20
2993.43896484375,LT.NS,2023-11-21
3000.69189453125,LT.NS,2023-11-22
2965.011962890625,LT.NS,2023-11-23
2973.384521484375,LT.NS,2023-11-24
2969.2470703125,LT.NS,2023-11-28
3002.103515625,LT.NS,2023-11-29
3026.87939453125,LT.NS,2023-11-30
3106.1728515625,LT.NS,2023-12-01
3225.819091796875,LT.NS,2023-12-04
3227.668701171875,LT.NS,2023-12-05
3302.484130859375,LT.NS,2023-12-06
3266.755859375,LT.NS,2023-12-07
3289.0009765625,LT.NS,2023-12-08
3296.156005859375,LT.NS,2023-12-11
3253.9052734375,LT.NS,2023-12-12
3309.78564453125,LT.NS,2023-12-13
3342.203857421875,LT.NS,2023-12-14
3395.650146484375,LT.NS,2023-12-15
3399.155029296875,LT.NS,2023-12-18
3406.310302734375,LT.NS,2023-12-19
3327.990478515625,LT.NS,2023-12-20
3333.49072265625,LT.NS,2023-12-21
3385.866455078125,LT.NS,2023-12-22
3397.646240234375,LT.NS,2023-12-26
3450.167724609375,LT.NS,2023-12-27
3424.904541015625,LT.NS,2023-12-28
3432.644287109375,LT.NS,2023-12-29
3432.108642578125,LT.NS,2024-01-01
3347.071533203125,LT.NS,2024-01-02
3349.26220703125,LT.NS,2024-01-03
3367.1259765625,LT.NS,2024-01-04
3428.652587890625,LT.NS,2024-01-05
3408.40380859375,LT.NS,2024-01-08
3461.80126953125,LT.NS,2024-01-09
3451.627685546875,LT.NS,2024-01-10
3412.054443359375,LT.NS,2024-01-11
3474.31103515625,LT.NS,2024-01-12
3449.242919921875,LT.NS,2024-01-15
3478.886474609375,LT.NS,2024-01-16
3476.404052734375,LT.NS,2024-01-17
3500.791015625,LT.NS,2024-01-18
3549.466796875,LT.NS,2024-01-19
3456.982177734375,LT.NS,2024-01-23
3494.170654296875,LT.NS,2024-01-24
3498.308349609375,LT.NS,2024-01-25
3609.825439453125,LT.NS,2024-01-29
3537.103271484375,LT.NS,2024-01-30
3387.618896484375,LT.NS,2024-01-31
3308.033203125,LT.NS,2024-02-01
3286.664306640625,LT.NS,2024-02-02
3253.272705078125,LT.NS,2024-02-05
3333.588134765625,LT.NS,2024-02-06
3304.82080078125,LT.NS,2024-02-07
3247.187744140625,LT.NS,2024-02-08
3236.528076171875,LT.NS,2024-02-09
3212.18994140625,LT.NS,2024-02-12
3233.55859375,LT.NS,2024-02-13
3221.3896484375,LT.NS,2024-02-14
3212.919677734375,LT.NS,2024-02-15
3297.080810546875,LT.NS,2024-02-16
3251.423095703125,LT.NS,2024-02-19
3267.87548828125,LT.NS,2024-02-20
3209.123046875,LT.NS,2024-02-21
3274.68994140625,LT.NS,2024-02-22
3298.249267578125,LT.NS,2024-02-23
3378.272705078125,LT.NS,2024-02-26
3413.611572265625,LT.NS,2024-02-27
3378.321533203125,LT.NS,2024-02-28
3385.47705078125,LT.NS,2024-02-29
3537.298095703125,LT.NS,2024-03-01
3547.9580078125,LT.NS,2024-03-04
3516.95166015625,LT.NS,2024-03-05
3545.767578125,LT.NS,2024-03-06
3579.59765625,LT.NS,2024-03-07
3544.2099609375,LT.NS,2024-03-11
3525.761474609375,LT.NS,2024-03-12
3444.86181640625,LT.NS,2024-03-13
3512.667724609375,LT.NS,2024-03-14
3443.4990234375,LT.NS,2024-03-15
3466.912353515625,LT.NS,2024-03-18
3408.987548828125,LT.NS,2024-03-19
3416.77587890625,LT.NS,2024-03-20
3465.744140625,LT.NS,2024-03-21
3522.013671875,LT.NS,2024-03-22
3572.928955078125,LT.NS,2024-03-26
3608.267822265625,LT.NS,2024-03-27
3664.245361328125,LT.NS,2024-03-28
3736.383544921875,LT.NS,2024-04-01
3706.59375,LT.NS,2024-04-02
3682.304443359375,LT.NS,2024-04-03
3697.296630859375,LT.NS,2024-04-04
3643.99609375,LT.NS,2024-04-05
3707.031982421875,LT.NS,2024-04-08
3685.0302734375,LT.NS,2024-04-09
3653.82861328125,LT.NS,2024-04-10
3581.836669921875,LT.NS,2024-04-12
3505.4638671875,LT.NS,2024-04-15
3449.632080078125,LT.NS,2024-04-16
3456.93359375,LT.NS,2024-04-18
3425.197021484375,LT.NS,2024-04-19
3517.048583984375,LT.NS,2024-04-22
3514.56591796875,LT.NS,2024-04-23
3538.612060546875,LT.NS,2024-04-24
3555.600341796875,LT.NS,2024-04-25
3509.747314453125,LT.NS,2024-04-26
3538.076904296875,LT.NS,2024-04-29
3499.135986328125,LT.NS,2024-04-30
3504.197998046875,LT.NS,2024-05-02
3407.137939453125,LT.NS,2024-05-03
3371.604248046875,LT.NS,2024-05-06
3336.995361328125,LT.NS,2024-05-07
3394.531005859375,LT.NS,2024-05-08
3188.727783203125,LT.NS,2024-05-09
3184.833740234375,LT.NS,2024-05-10
3206.640869140625,LT.NS,2024-05-13
3289.974365234375,LT.NS,2024-05-14
3320.98095703125,LT.NS,2024-05-15
3368.975830078125,LT.NS,2024-05-16
3359.386474609375,LT.NS,2024-05-17
3349.845947265625,LT.NS,2024-05-21
3369.21923828125,LT.NS,2024-05-22
3490.471435546875,LT.NS,2024-05-23
3529.899169921875,LT.NS,2024-05-24
3555.30810546875,LT.NS,2024-05-27
3561.343994140625,LT.NS,2024-05-28
3538.5634765625,LT.NS,2024-05-29
3538.466064453125,LT.NS,2024-05-30
3572.150390625,LT.NS,2024-05-31
3793.96728515625,LT.NS,2024-06-03
3313.095703125,LT.NS,2024-06-04
3318.741943359375,LT.NS,2024-06-05
3390.3447265625,LT.NS,2024-06-06
3438.97216796875,LT.NS,2024-06-07
3449.92431640625,LT.NS,2024-06-10
3503.41943359375,LT.NS,2024-06-11
3534.182861328125,LT.NS,2024-06-12
3605.5908203125,LT.NS,2024-06-13
3590.16015625,LT.NS,2024-06-14
3591.523193359375,LT.NS,2024-06-18
3494.901123046875,LT.NS,2024-06-19
3526.7890625,LT.NS,2024-06-20
3468.45849609375,LT.NS,2024-06-21
3465.122314453125,LT.NS,2024-06-24
3520.264404296875,LT.NS,2024-06-25
3535.12939453125,LT.NS,2024-06-26
3497.304931640625,LT.NS,2024-06-27
3481.655029296875,LT.NS,2024-06-28
3460.16748046875,LT.NS,2024-07-01
3558.23583984375,LT.NS,2024-07-02
3546.314697265625,LT.NS,2024-07-03
3506.03759765625,LT.NS,2024-07-04
3558.873779296875,LT.NS,2024-07-05
3563.63232421875,LT.NS,2024-07-08
3597.0908203125,LT.NS,2024-07-09
3581.3427734375,LT.NS,2024-07-10
3552.937744140625,LT.NS,2024-07-11
3580.656005859375,LT.NS,2024-07-12
3582.863525390625,LT.NS,2024-07-15
3568.096923828125,LT.NS,2024-07-16
3587.376708984375,LT.NS,2024-07-18
3550.386474609375,LT.NS,2024-07-19
3582.71630859375,LT.NS,2024-07-22
3471.450927734375,LT.NS,2024-07-23
3453.200927734375,LT.NS,2024-07-24
3551.0244140625,LT.NS,2024-07-25
3610.630615234375,LT.NS,2024-07-26
3703.8916015625,LT.NS,2024-07-29
3713.408935546875,LT.NS,2024-07-30
3743.187744140625,LT.NS,2024-07-31
3708.15966796875,LT.NS,2024-08-01
3596.6982421875,LT.NS,2024-08-02
3461.590087890625,LT.NS,2024-08-05
3508.8828125,LT.NS,2024-08-06
3569.764892578125,LT.NS,2024-08-07
3486.6591796875,LT.NS,2024-08-08
3524.4345703125,LT.NS,2024-08-09
3504.712890625,LT.NS,2024-08-12
3484.9423828125,LT.NS,2024-08-13
3478.46630859375,LT.NS,2024-08-14
3501.1806640625,LT.NS,2024-08-16
3488.131103515625,LT.NS,2024-08-19
3505.44873046875,LT.NS,2024-08-20
3528.359375,LT.NS,2024-08-21
3538.6123046875,LT.NS,2024-08-22
3530.81201171875,LT.NS,2024-08-23
3573.34619140625,LT.NS,2024-08-26
3633.00146484375,LT.NS,2024-08-27
3619.608642578125,LT.NS,2024-08-28
3614.114013671875,LT.NS,2024-08-29
3634.9150390625,LT.NS,2024-08-30
3613.770751953125,LT.NS,2024-09-02
3620.687744140625,LT.NS,2024-09-03
3582.07861328125,LT.NS,2024-09-04
3555.93017578125,LT.NS,2024-09-05
3507.460205078125,LT.NS,2024-09-06
3510.943359375,LT.NS,2024-09-09
3528.457275390625,LT.NS,2024-09-10
3470.37158203125,LT.NS,2024-09-11
3553.82080078125,LT.NS,2024-09-12
3544.989990234375,LT.NS,2024-09-13
3593.31298828125,LT.NS,2024-09-16
3625.642822265625,LT.NS,2024-09-17
3660.229248046875,LT.NS,2024-09-18
3614.359375,LT.NS,2024-09-19
3722.48486328125,LT.NS,2024-09-20
3716.401611328125,LT.NS,2024-09-23
3720.228271484375,LT.NS,2024-09-24
3722.43603515625,LT.NS,2024-09-25
3691.332275390625,LT.NS,2024-09-26
3635.89599609375,LT.NS,2024-09-27
3606.36279296875,LT.NS,2024-09-30
3584.727783203125,LT.NS,2024-10-01
3431.811279296875,LT.NS,2024-10-03
3428.180908203125,LT.NS,2024-10-04
3403.06298828125,LT.NS,2024-10-07
3465.9072265625,LT.NS,2024-10-08
3421.4599609375,LT.NS,2024-10-09
3395.213623046875,LT.NS,2024-10-10
3416.995849609375,LT.NS,2024-10-11
3488.131103515625,LT.NS,2024-10-14
3485.040283203125,LT.NS,2024-10-15
3466.103515625,LT.NS,2024-10-16
3503.093994140625,LT.NS,2024-10-17
3510.452880859375,LT.NS,2024-10-18
3518.10595703125,LT.NS,2024-10-21
3445.793212890625,LT.NS,2024-10-22
3390.356689453125,LT.NS,2024-10-23
3377.8466796875,LT.NS,2024-10-24
3263.784912109375,LT.NS,2024-10-25
3277.9140625,LT.NS,2024-10-28
3317.259033203125,LT.NS,2024-10-29
3344.192626953125,LT.NS,2024-10-30
3554.114990234375,LT.NS,2024-10-31
3558.0888671875,LT.NS,2024-11-01
3507.16552734375,LT.NS,2024-11-04
3507.50927734375,LT.NS,2024-11-05
3576.8291015625,LT.NS,2024-11-06
3577.90869140625,LT.NS,2024-11-07
3591.39990234375,LT.NS,2024-11-08
3560.5419921875,LT.NS,2024-11-11
3523.747802734375,LT.NS,2024-11-12
3481.16455078125,LT.NS,2024-11-13
3459.873291015625,LT.NS,2024-11-14
3475.4736328125,LT.NS,2024-11-18
3439.906005859375,LT.NS,2024-11-19
3417.927978515625,LT.NS,2024-11-21
3535.6689453125,LT.NS,2024-11-22
3682.35498046875,LT.NS,2024-11-25
3632.903564453125,LT.NS,2024-11-26
3629.076904296875,LT.NS,2024-11-27
3597.041748046875,LT.NS,2024-11-28
3654.685791015625,LT.NS,2024-11-29
3634.326171875,LT.NS,2024-12-02
3715.763916015625,LT.NS,2024-12-03
3718.56005859375,LT.NS,2024-12-04
3759.42626953125,LT.NS,2024-12-05
3793.914306640625,LT.NS,2024-12-06
3872.99755859375,LT.NS,2024-12-09
3849.302001953125,LT.NS,2024-12-10
3843.0224609375,LT.NS,2024-12-11
3787.242431640625,LT.NS,2024-12-12
3813.83251953125,LT.NS,2024-12-13
3804.854736328125,LT.NS,2024-12-16
3735.534423828125,LT.NS,2024-12-17
3687.407958984375,LT.NS,2024-12-18
3646.394775390625,LT.NS,2024-12-19
3561.523193359375,LT.NS,2024-12-20
3571.97265625,LT.NS,2024-12-23
3571.236572265625,LT.NS,2024-12-24
3561.1796875,LT.NS,2024-12-26
3540.1826171875,LT.NS,2024-12-27
3511.5810546875,LT.NS,2024-12-30
3539.74072265625,LT.NS,2024-12-31
3598.46435546875,LT.NS,2025-01-01
3643.598388671875,LT.NS,2025-01-02
3591.007080078125,LT.NS,2025-01-03
3535.37451171875,LT.NS,2025-01-06
3574.719970703125,LT.NS,2025-01-07
3528.65380859375,LT.NS,2025-01-08
3461.491943359375,LT.NS,2025-01-09
3469.586669921875,LT.NS,2025-01-10
3399.089111328125,LT.NS,2025-01-13
3397.42138671875,LT.NS,2025-01-14
3435.49072265625,LT.NS,2025-01-15
3441.868408203125,LT.NS,2025-01-16
3501.474853515625,LT.NS,2025-01-17
3525.366455078125,LT.NS,2025-01-20
3474.44384765625,LT.NS,2025-01-21
3451.974609375,LT.NS,2025-01-22
3437.305908203125,LT.NS,2025-01-23
3393.10400390625,LT.NS,2025-01-24
3392.564208984375,LT.NS,2025-01-27
3349.637939453125,LT.NS,2025-01-28
3384.763916015625,LT.NS,2025-01-29
3356.55517578125,LT.NS,2025-01-30
3500.248291015625,LT.NS,2025-01-31
3382.60546875,LT.NS,2025-02-01
3227.28515625,LT.NS,2025-02-03
3374.41259765625,LT.NS,2025-02-04
3319.515869140625,LT.NS,2025-02-05
3289.638916015625,LT.NS,2025-02-06
3274.087158203125,LT.NS,2025-02-07
3265.992431640625,LT.NS,2025-02-10
3178.66796875,LT.NS,2025-02-11
3227.7265625,LT.NS,2025-02-12
3202.21630859375,LT.NS,2025-02-13
3176.70556640625,LT.NS,2025-02-14
3161.203125,LT.NS,2025-02-17
3159.534912109375,LT.NS,2025-02-18
3214.235595703125,LT.NS,2025-02-19
3214.1376953125,LT.NS,2025-02-20
3252.69775390625,LT.NS,2025-02-21
3196.378173828125,LT.NS,2025-02-24
3165.176513671875,LT.NS,2025-02-25
3149.08544921875,LT.NS,2025-02-27
3104.294921875,LT.NS,2025-02-28
3137.115234375,LT.NS,2025-03-03
3152.51953125,LT.NS,2025-03-04
3178.66796875,LT.NS,2025-03-05
3198.53662109375,LT.NS,2025-03-06
3183.622802734375,LT.NS,2025-03-07
3117.884033203125,LT.NS,2025-03-10
3135.300048828125,LT.NS,2025-03-11
3133.53369140625,LT.NS,2025-03-12
3127.303466796875,LT.NS,2025-03-13
3113.7138671875,LT.NS,2025-03-17
3113.7138671875,LT.NS,2025-03-18
3257.06396484375,LT.NS,2025-03-19
3287.97119140625,LT.NS,2025-03-20
3351.649169921875,LT.NS,2025-03-21
3416.308837890625,LT.NS,2025-03-24
3404.28955078125,LT.NS,2025-03-25
3379.956298828125,LT.NS,2025-03-26
3435.687255859375,LT.NS,2025-03-27
3426.562255859375,LT.NS,2025-03-28
3372.10693359375,LT.NS,2025-04-01
3355.52490234375,LT.NS,2025-04-02
3355.77001953125,LT.NS,2025-04-03
3198.781982421875,LT.NS,2025-04-04
3010.739501953125,LT.NS,2025-04-07
3101.5966796875,LT.NS,2025-04-08
2996.65966796875,LT.NS,2025-04-09
3057.29638671875,LT.NS,2025-04-11
3196.280029296875,LT.NS,2025-04-15
3166.94287109375,LT.NS,2025-04-16
3186.173828125,LT.NS,2025-04-17
3218.7490234375,LT.NS,2025-04-21
3196.476318359375,LT.NS,2025-04-22
3238.863037109375,LT.NS,2025-04-23
3238.470703125,LT.NS,2025-04-24
3210.50732421875,LT.NS,2025-04-25
3264.66796875,LT.NS,2025-04-28
3259.76220703125,LT.NS,2025-04-29
3278.110107421875,LT.NS,2025-04-30
3272.125,LT.NS,2025-05-02
3267.513427734375,LT.NS,2025-05-05
3271.241943359375,LT.NS,2025-05-06
3258.879150390625,LT.NS,2025-05-07
3261.33203125,LT.NS,2025-05-08
3379.072998046875,LT.NS,2025-05-09
3519.67578125,LT.NS,2025-05-12
3499.85595703125,LT.NS,2025-05-13
3505.84130859375,LT.NS,2025-05-14
3550.09228515625,LT.NS,2025-05-15
3536.846435546875,LT.NS,2025-05-16
3532.43115234375,LT.NS,2025-05-19
3500.64111328125,LT.NS,2025-05-20
3521.44189453125,LT.NS,2025-05-21
3484.549560546875,LT.NS,2025-05-22
3532.136474609375,LT.NS,2025-05-23
3580.01806640625,LT.NS,2025-05-26
3571.48193359375,LT.NS,2025-05-27
3577.663330078125,LT.NS,2025-05-28
3586.493896484375,LT.NS,2025-05-29
3605.92138671875,LT.NS,2025-05-30
3610.336669921875,LT.NS,2025-06-02
3609.54443359375,LT.NS,2025-06-03
3591.42138671875,LT.NS,2025-06-04
3607.36572265625,LT.NS,2025-06-05
3620.93310546875,LT.NS,2025-06-06
3643.314453125,LT.NS,2025-06-09
3644.205810546875,LT.NS,2025-06-10
3649.157470703125,LT.NS,2025-06-11
3569.039794921875,LT.NS,2025-06-12
3552.699462890625,LT.NS,2025-06-13
3593.599853515625,LT.NS,2025-06-16
3587.261962890625,LT.NS,2025-06-17
3566.6630859375,LT.NS,2025-06-18
3586.07373046875,LT.NS,2025-06-19
3626.577880859375,LT.NS,2025-06-20
3549.03515625,LT.NS,2025-06-23
3569.93115234375,LT.NS,2025-06-24
3584.7861328125,LT.NS,2025-06-25
3624.201171875,LT.NS,2025-06-26
3643.611572265625,LT.NS,2025-06-27
3634.302490234375,LT.NS,2025-06-30
3631.232421875,LT.NS,2025-07-01
3562.008544921875,LT.NS,2025-07-02
3548.242919921875,LT.NS,2025-07-03
3559.830078125,LT.NS,2025-07-04
3546.757568359375,LT.NS,2025-07-07
3571.515625,LT.NS,2025-07-08
3545.073974609375,LT.NS,2025-07-09
3540.122314453125,LT.NS,2025-07-10
3506.352294921875,LT.NS,2025-07-11
3462.08447265625,LT.NS,2025-07-14
3460.202880859375,LT.NS,2025-07-15
3469.908203125,LT.NS,2025-07-16
3440.396484375,LT.NS,2025-07-17
3431.285400390625,LT.NS,2025-07-18
3468.91796875,LT.NS,2025-07-21
3431.08740234375,LT.NS,2025-07-22
3451.19091796875,LT.NS,2025-07-23
3443.862548828125,LT.NS,2025-07-24
3409.59716796875,LT.NS,2025-07-25
3389.097412109375,LT.NS,2025-07-28
3461.78759765625,LT.NS,2025-07-29
3629.64794921875,LT.NS,2025-07-30
3601.324462890625,LT.NS,2025-07-31
3552.6005859375,LT.NS,2025-08-01
3595.976806640625,LT.NS,2025-08-04
3617.26904296875,LT.NS,2025-08-05
3593.302734375,LT.NS,2025-08-06
3606.375244140625,LT.NS,2025-08-07
3572.7041015625,LT.NS,2025-08-08
3632.916015625,LT.NS,2025-08-11
3650.44482421875,LT.NS,2025-08-12
3657.97119140625,LT.NS,2025-08-13
3641.432861328125,LT.NS,2025-08-14
3599.938232421875,LT.NS,2025-08-18
3578.052001953125,LT.NS,2025-08-19
3557.55224609375,LT.NS,2025-08-20
3577.65576171875,LT.NS,2025-08-21
3561.018310546875,LT.NS,2025-08-22
3568.247802734375,LT.NS,2025-08-25
3507.04541015625,LT.NS,2025-08-26
3525.66357421875,LT.NS,2025-08-28
3566.16796875,LT.NS,2025-08-29
3563.593017578125,LT.NS,2025-09-01
3540.3203125,LT.NS,2025-09-02
3565.969970703125,LT.NS,2025-09-03
3557.849365234375,LT.NS,2025-09-04
3519.2265625,LT.NS,2025-09-05
3495.458740234375,LT.NS,2025-09-08
3490.903076171875,LT.NS,2025-09-09
3515.661376953125,LT.NS,2025-09-10
3505.4609375,LT.NS,2025-09-11
3545.173095703125,LT.NS,2025-09-12
3551.510986328125,LT.NS,2025-09-15
3632.32177734375,LT.NS,2025-09-16
3649.8505859375,LT.NS,2025-09-17
3650.345703125,LT.NS,2025-09-18
3639.84814453125,LT.NS,2025-09-19
3609.2470703125,LT.NS,2025-09-22
3622.220458984375,LT.NS,2025-09-23
3638.263916015625,LT.NS,2025-09-24
3609.14794921875,LT.NS,2025-09-25
3693.425048828125,LT.NS,2025-09-26
3652.722412109375,LT.NS,2025-09-29
3623.60693359375,LT.NS,2025-09-30
3634.797607421875,LT.NS,2025-10-01
3696.990234375,LT.NS,2025-10-03
3700.8525390625,LT.NS,2025-10-06
3693.623046875,LT.NS,2025-10-07
3693.72216796875,LT.NS,2025-10-08
3732.740966796875,LT.NS,2025-10-09
3747.397705078125,LT.NS,2025-10-10
3733.0380859375,LT.NS,2025-10-13
3708.081787109375,LT.NS,2025-10-14
3791.665283203125,LT.NS,2025-10-15
3824.4453125,LT.NS,2025-10-16
3802.261962890625,LT.NS,2025-10-17
3835.23974609375,LT.NS,2025-10-20
3850.58984375,LT.NS,2025-10-21
3880.794921875,LT.NS,2025-10-23
3867.128173828125,LT.NS,2025-10-24
3885.845703125,LT.NS,2025-10-27
3934.37158203125,LT.NS,2025-10-28
3919.81396484375,LT.NS,2025-10-29
3948.929443359375,LT.NS,2025-10-30
3991.909423828125,LT.NS,2025-10-31
3941.9970703125,LT.NS,2025-11-03
3886.439697265625,LT.NS,2025-11-04
3844.053955078125,LT.NS,2025-11-06
3844.945068359375,LT.NS,2025-11-07
3880.596923828125,LT.NS,2025-11-10
3916.74365234375,LT.NS,2025-11-11
3916.34765625,LT.NS,2025-11-12
3963.7841796875,LT.NS,2025-11-13
3965.665771484375,LT.NS,2025-11-14
3988.740478515625,LT.NS,2025-11-17
3960.912353515625,LT.NS,2025-11-18
3980.718994140625,LT.NS,2025-11-19
3998.3466796875,LT.NS,2025-11-20
3985.967529296875,LT.NS,2025-11-21
3974.47998046875,LT.NS,2025-11-24
3958.040283203125,LT.NS,2025-11-25
4022.708740234375,LT.NS,2025-11-26
4041.822021484375,LT.NS,2025-11-27
4030.2353515625,LT.NS,2025-11-28
4033.80029296875,LT.NS,2025-12-01
3991.513427734375,LT.NS,2025-12-02
3949.424560546875,LT.NS,2025-12-03
3945.067138671875,LT.NS,2025-12-04
3999.138916015625,LT.NS,2025-12-05
3958.040283203125,LT.NS,2025-12-08
3958.832763671875,LT.NS,2025-12-09
3952.692626953125,LT.NS,2025-12-10
3965.170654296875,LT.NS,2025-12-11
4034.69189453125,LT.NS,2025-12-12
4052.7158203125,LT.NS,2025-12-15
4024.491455078125,LT.NS,2025-12-16
4023.104736328125,LT.NS,2025-12-17
3992.107666015625,LT.NS,2025-12-18
4034.097412109375,LT.NS,2025-12-19
4033.008056640625,LT.NS,2025-12-22
4019.539794921875,LT.NS,2025-12-23
4014.39013671875,LT.NS,2025-12-24
4008.15087890625,LT.NS,2025-12-26
3999.634033203125,LT.NS,2025-12-29
4012.805419921875,LT.NS,2025-12-30
4044.000732421875,LT.NS,2025-12-31
4100.35009765625,LT.NS,2026-01-01
4123.1279296875,LT.NS,2026-01-02
4110.25341796875,LT.NS,2026-01-05
4100.54833984375,LT.NS,2026-01-06
4116.7900390625,LT.NS,2026-01-07
3989.43359375,LT.NS,2026-01-08
3986.2646484375,LT.NS,2026-01-09
3980.124755859375,LT.NS,2026-01-12
3849.797607421875,LT.NS,2026-01-13
3828.40673828125,LT.NS,2026-01-14
3828.40673828125,LT.NS,2026-01-15
3819.097412109375,LT.NS,2026-01-16
3832.367919921875,LT.NS,2026-01-19
3773.6416015625,LT.NS,2026-01-20
3730.067138671875,LT.NS,2026-01-21
3757.10302734375,LT.NS,2026-01-22
3707.586669921875,LT.NS,2026-01-23
3751.1611328125,LT.NS,2026-01-27
3757.301025390625,LT.NS,2026-01-28
3894.857421875,LT.NS,2026-01-29
3894.263427734375,LT.NS,2026-01-30
3883.369873046875,LT.NS,2026-02-02
3999.733154296875,LT.NS,2026-02-03
4047.566162109375,LT.NS,2026-02-04
4023.996337890625,LT.NS,2026-02-05
4028.749755859375,LT.NS,2026-02-06
4073.809814453125,LT.NS,2026-02-09
4128.673828125,LT.NS,2026-02-10
4130.06005859375,LT.NS,2026-02-11
4145.41015625,LT.NS,2026-02-12
4133.5263671875,LT.NS,2026-02-13
4160.859375,LT.NS,2026-02-16
4238.40185546875,LT.NS,2026-02-17
4284.05615234375,LT.NS,2026-02-18
4239.09521484375,LT.NS,2026-02-19
4338.22705078125,LT.NS,2026-02-20
4375.3642578125,LT.NS,2026-02-23
4218.00146484375,LT.NS,2026-02-24
4256.9208984375,LT.NS,2026-02-25
4245.037109375,LT.NS,2026-02-26
4236.91650390625,LT.NS,2026-02-27
4027.36328125,LT.NS,2026-03-02
3845.044189453125,LT.NS,2026-03-04
3999.634033203125,LT.NS,2026-03-05
3911.593994140625,LT.NS,2026-03-06
3804.93603515625,LT.NS,2026-03-09
3838.5078125,LT.NS,2026-03-10
3801.667724609375,LT.NS,2026-03-11
3683.521728515625,LT.NS,2026-03-12
3405.73486328125,LT.NS,2026-03-13
3435.8408203125,LT.NS,2026-03-16
3508.531005859375,LT.NS,2026-03-17
3573.001220703125,LT.NS,2026-03-18
3401.278564453125,LT.NS,2026-03-19
3401.57568359375,LT.NS,2026-03-20
3310.0693359375,LT.NS,2026-03-23
3482.782470703125,LT.NS,2026-03-24
3614.000732421875,LT.NS,2026-03-25
3529.625,LT.NS,2026-03-27
3470.205322265625,LT.NS,2026-03-30
3572.60498046875,LT.NS,2026-04-01
3578.151123046875,LT.NS,2026-04-02
3691.642333984375,LT.NS,2026-04-06
3687.284912109375,LT.NS,2026-04-07
3967.1513671875,LT.NS,2026-04-08
3858.512451171875,LT.NS,2026-04-09
3921.59619140625,LT.NS,2026-04-10
3916.050537109375,LT.NS,2026-04-13
4036.87060546875,LT.NS,2026-04-15
4079.949462890625,LT.NS,2026-04-16
4056.47900390625,LT.NS,2026-04-17
4011.815185546875,LT.NS,2026-04-20
4035.97900390625,LT.NS,2026-04-21
3982.20458984375,LT.NS,2026-04-22
4014.88525390625,LT.NS,2026-04-23
3975.47021484375,LT.NS,2026-04-24
4014.39013671875,LT.NS,2026-04-27
3998.643798828125,LT.NS,2026-04-28
4056.47900390625,LT.NS,2026-04-29
3975.173095703125,LT.NS,2026-04-30
3975.173095703125,LT.NS,2026-05-01
4061.13330078125,LT.NS,2026-05-04
4015.28125,LT.NS,2026-05-05
3969.726318359375,LT.NS,2026-05-06
3984.0859375,LT.NS,2026-05-07
3936.05517578125,LT.NS,2026-05-08
3902.0869140625,LT.NS,2026-05-11
3819.196533203125,LT.NS,2026-05-12
3877.923095703125,LT.NS,2026-05-13
3902.284912109375,LT.NS,2026-05-14
3871.188720703125,LT.NS,2026-05-15
3879.903564453125,LT.NS,2026-05-18
3883.07275390625,LT.NS,2026-05-19
3872.872314453125,LT.NS,2026-05-20
3890.5,LT.NS,2026-05-21
3926.60009765625,LT.NS,2026-05-22
4033.39990234375,LT.NS,2026-05-25
4037.800048828125,LT.NS,2026-05-26
4047.5,LT.NS,2026-05-27
4047.5,LT.NS,2026-05-28
4076.5,LT.NS,2026-05-29
4010.800048828125,LT.NS,2026-06-01
4000.89990234375,LT.NS,2026-06-02
3953.199951171875,LT.NS,2026-06-03
3942.10009765625,LT.NS,2026-06-04
3953.199951171875,LT.NS,2026-06-05
3875.5,LT.NS,2026-06-08
3900.60009765625,LT.NS,2026-06-09
3917.5,LT.NS,2026-06-10
3862.0,LT.NS,2026-06-11
4049.300048828125,LT.NS,2026-06-12
4169.7998046875,LT.NS,2026-06-15
4186.39990234375,LT.NS,2026-06-16
4207.7001953125,LT.NS,2026-06-17
4190.0,LT.NS,2026-06-18
4209.39990234375,LT.NS,2026-06-19
4201.2998046875,LT.NS,2026-06-22
4179.39990234375,LT.NS,2026-06-23
4181.7001953125,LT.NS,2026-06-24
4216.39990234375,LT.NS,2026-06-25
4216.39990234375,LT.NS,2026-06-26
4165.2001953125,LT.NS,2026-06-29
562.6235961914062,BAJFINANCE.NS,2022-05-20
565.0030517578125,BAJFINANCE.NS,2022-05-23
565.470947265625,BAJFINANCE.NS,2022-05-24
568.2598876953125,BAJFINANCE.NS,2022-05-25
567.3239135742188,BAJFINANCE.NS,2022-05-26
584.4571533203125,BAJFINANCE.NS,2022-05-27
595.934814453125,BAJFINANCE.NS,2022-05-30
593.1019897460938,BAJFINANCE.NS,2022-05-31
586.0808715820312,BAJFINANCE.NS,2022-06-01
590.7322998046875,BAJFINANCE.NS,2022-06-02
587.8409423828125,BAJFINANCE.NS,2022-06-03
587.138916015625,BAJFINANCE.NS,2022-06-06
573.252685546875,BAJFINANCE.NS,2022-06-07
580.6345825195312,BAJFINANCE.NS,2022-06-08
575.1980590820312,BAJFINANCE.NS,2022-06-09
552.667236328125,BAJFINANCE.NS,2022-06-10
522.5106811523438,BAJFINANCE.NS,2022-06-13
524.2172241210938,BAJFINANCE.NS,2022-06-14
534.8658447265625,BAJFINANCE.NS,2022-06-15
515.2604370117188,BAJFINANCE.NS,2022-06-16
528.4884033203125,BAJFINANCE.NS,2022-06-17
533.4518432617188,BAJFINANCE.NS,2022-06-20
541.1262817382812,BAJFINANCE.NS,2022-06-21
530.443603515625,BAJFINANCE.NS,2022-06-22
531.2772216796875,BAJFINANCE.NS,2022-06-23
544.8904418945312,BAJFINANCE.NS,2022-06-24
550.1026000976562,BAJFINANCE.NS,2022-06-27
543.7689819335938,BAJFINANCE.NS,2022-06-28
537.5816650390625,BAJFINANCE.NS,2022-06-29
528.5482177734375,BAJFINANCE.NS,2022-06-30
549.482666015625,BAJFINANCE.NS,2022-07-01
551.0387573242188,BAJFINANCE.NS,2022-07-04
554.0531616210938,BAJFINANCE.NS,2022-07-05
579.0687866210938,BAJFINANCE.NS,2022-07-06
573.5880737304688,BAJFINANCE.NS,2022-07-07
574.8114013671875,BAJFINANCE.NS,2022-07-08
573.6664428710938,BAJFINANCE.NS,2022-07-11
574.8457641601562,BAJFINANCE.NS,2022-07-12
575.3693237304688,BAJFINANCE.NS,2022-07-13
570.6666870117188,BAJFINANCE.NS,2022-07-14
578.9220581054688,BAJFINANCE.NS,2022-07-15
593.0740356445312,BAJFINANCE.NS,2022-07-18
593.6759643554688,BAJFINANCE.NS,2022-07-19
594.5029296875,BAJFINANCE.NS,2022-07-20
613.3429565429688,BAJFINANCE.NS,2022-07-21
612.4963989257812,BAJFINANCE.NS,2022-07-22
609.43798828125,BAJFINANCE.NS,2022-07-25
613.1031494140625,BAJFINANCE.NS,2022-07-26
626.0123291015625,BAJFINANCE.NS,2022-07-27
692.5885620117188,BAJFINANCE.NS,2022-07-28
705.5562744140625,BAJFINANCE.NS,2022-07-29
710.6358032226562,BAJFINANCE.NS,2022-08-01
718.553466796875,BAJFINANCE.NS,2022-08-02
714.095458984375,BAJFINANCE.NS,2022-08-03
716.0822143554688,BAJFINANCE.NS,2022-08-04
714.9127197265625,BAJFINANCE.NS,2022-08-05
718.5828247070312,BAJFINANCE.NS,2022-08-08
699.7135009765625,BAJFINANCE.NS,2022-08-10
716.3074340820312,BAJFINANCE.NS,2022-08-11
715.372802734375,BAJFINANCE.NS,2022-08-12
713.09228515625,BAJFINANCE.NS,2022-08-16
736.6790771484375,BAJFINANCE.NS,2022-08-17
732.8768310546875,BAJFINANCE.NS,2022-08-18
714.6190795898438,BAJFINANCE.NS,2022-08-19
695.0938720703125,BAJFINANCE.NS,2022-08-22
705.4193115234375,BAJFINANCE.NS,2022-08-23
702.4048461914062,BAJFINANCE.NS,2022-08-24
689.7062377929688,BAJFINANCE.NS,2022-08-25
691.16943359375,BAJFINANCE.NS,2022-08-26
681.6026000976562,BAJFINANCE.NS,2022-08-29
715.0643310546875,BAJFINANCE.NS,2022-08-30
702.8355102539062,BAJFINANCE.NS,2022-09-01
703.72119140625,BAJFINANCE.NS,2022-09-02
704.2938232421875,BAJFINANCE.NS,2022-09-05
696.7725219726562,BAJFINANCE.NS,2022-09-06
701.3870239257812,BAJFINANCE.NS,2022-09-07
710.3079223632812,BAJFINANCE.NS,2022-09-08
702.79638671875,BAJFINANCE.NS,2022-09-09
713.170654296875,BAJFINANCE.NS,2022-09-12
724.5774536132812,BAJFINANCE.NS,2022-09-13
732.406982421875,BAJFINANCE.NS,2022-09-14
722.89892578125,BAJFINANCE.NS,2022-09-15
711.9179077148438,BAJFINANCE.NS,2022-09-16
733.6451416015625,BAJFINANCE.NS,2022-09-19
747.2783813476562,BAJFINANCE.NS,2022-09-20
752.6857299804688,BAJFINANCE.NS,2022-09-21
755.51416015625,BAJFINANCE.NS,2022-09-22
734.7265625,BAJFINANCE.NS,2022-09-23
710.4890747070312,BAJFINANCE.NS,2022-09-26
708.859375,BAJFINANCE.NS,2022-09-27
704.9104614257812,BAJFINANCE.NS,2022-09-28
695.3436279296875,BAJFINANCE.NS,2022-09-29
717.9515991210938,BAJFINANCE.NS,2022-09-30
701.90576171875,BAJFINANCE.NS,2022-10-03
732.9208374023438,BAJFINANCE.NS,2022-10-04
724.6458740234375,BAJFINANCE.NS,2022-10-06
718.87158203125,BAJFINANCE.NS,2022-10-07
713.806884765625,BAJFINANCE.NS,2022-10-10
704.9397583007812,BAJFINANCE.NS,2022-10-11
707.22998046875,BAJFINANCE.NS,2022-10-12
699.9336547851562,BAJFINANCE.NS,2022-10-13
711.7612915039062,BAJFINANCE.NS,2022-10-14
719.855224609375,BAJFINANCE.NS,2022-10-17
723.3001708984375,BAJFINANCE.NS,2022-10-18
722.3214721679688,BAJFINANCE.NS,2022-10-19
727.4107666015625,BAJFINANCE.NS,2022-10-20
703.9561157226562,BAJFINANCE.NS,2022-10-21
705.3019409179688,BAJFINANCE.NS,2022-10-24
695.1625366210938,BAJFINANCE.NS,2022-10-25
682.26318359375,BAJFINANCE.NS,2022-10-27
685.7620849609375,BAJFINANCE.NS,2022-10-28
699.1947631835938,BAJFINANCE.NS,2022-10-31
705.5953979492188,BAJFINANCE.NS,2022-11-01
700.3789672851562,BAJFINANCE.NS,2022-11-02
696.99267578125,BAJFINANCE.NS,2022-11-03
705.8401489257812,BAJFINANCE.NS,2022-11-04
703.69189453125,BAJFINANCE.NS,2022-11-07
699.18505859375,BAJFINANCE.NS,2022-11-09
682.6547241210938,BAJFINANCE.NS,2022-11-10
690.1271362304688,BAJFINANCE.NS,2022-11-11
687.6167602539062,BAJFINANCE.NS,2022-11-14
687.61181640625,BAJFINANCE.NS,2022-11-15
674.8201904296875,BAJFINANCE.NS,2022-11-16
674.8201904296875,BAJFINANCE.NS,2022-11-17
664.6857299804688,BAJFINANCE.NS,2022-11-18
653.68505859375,BAJFINANCE.NS,2022-11-21
654.2673950195312,BAJFINANCE.NS,2022-11-22
663.5650634765625,BAJFINANCE.NS,2022-11-23
662.713623046875,BAJFINANCE.NS,2022-11-24
660.3794555664062,BAJFINANCE.NS,2022-11-25
663.3106079101562,BAJFINANCE.NS,2022-11-28
659.0728149414062,BAJFINANCE.NS,2022-11-29
657.781005859375,BAJFINANCE.NS,2022-11-30
660.4038696289062,BAJFINANCE.NS,2022-12-01
653.3572387695312,BAJFINANCE.NS,2022-12-02
651.8598022460938,BAJFINANCE.NS,2022-12-05
655.5886840820312,BAJFINANCE.NS,2022-12-06
648.4098510742188,BAJFINANCE.NS,2022-12-07
644.177001953125,BAJFINANCE.NS,2022-12-08
637.8644409179688,BAJFINANCE.NS,2022-12-09
636.7927856445312,BAJFINANCE.NS,2022-12-12
647.9108276367188,BAJFINANCE.NS,2022-12-13
651.3460693359375,BAJFINANCE.NS,2022-12-14
648.4293823242188,BAJFINANCE.NS,2022-12-15
645.64013671875,BAJFINANCE.NS,2022-12-16
654.4581909179688,BAJFINANCE.NS,2022-12-19
650.1372680664062,BAJFINANCE.NS,2022-12-20
638.7695922851562,BAJFINANCE.NS,2022-12-21
635.2413940429688,BAJFINANCE.NS,2022-12-22
623.8836669921875,BAJFINANCE.NS,2022-12-23
629.6676635742188,BAJFINANCE.NS,2022-12-26
636.6165161132812,BAJFINANCE.NS,2022-12-27
633.8173828125,BAJFINANCE.NS,2022-12-28
637.223388671875,BAJFINANCE.NS,2022-12-29
643.5164184570312,BAJFINANCE.NS,2022-12-30
641.4170532226562,BAJFINANCE.NS,2023-01-02
646.5552978515625,BAJFINANCE.NS,2023-01-03
643.1052856445312,BAJFINANCE.NS,2023-01-04
597.0133666992188,BAJFINANCE.NS,2023-01-05
585.3031616210938,BAJFINANCE.NS,2023-01-06
586.5706176757812,BAJFINANCE.NS,2023-01-09
577.8404541015625,BAJFINANCE.NS,2023-01-10
577.0185546875,BAJFINANCE.NS,2023-01-11
577.27783203125,BAJFINANCE.NS,2023-01-12
585.0487060546875,BAJFINANCE.NS,2023-01-13
588.2881469726562,BAJFINANCE.NS,2023-01-16
585.7484741210938,BAJFINANCE.NS,2023-01-17
587.08935546875,BAJFINANCE.NS,2023-01-18
588.43994140625,BAJFINANCE.NS,2023-01-19
573.5587158203125,BAJFINANCE.NS,2023-01-20
573.8131713867188,BAJFINANCE.NS,2023-01-23
573.03515625,BAJFINANCE.NS,2023-01-24
567.24609375,BAJFINANCE.NS,2023-01-25
563.801025390625,BAJFINANCE.NS,2023-01-27
589.3549194335938,BAJFINANCE.NS,2023-01-30
576.1033325195312,BAJFINANCE.NS,2023-01-31
569.3307495117188,BAJFINANCE.NS,2023-02-01
559.5877685546875,BAJFINANCE.NS,2023-02-02
588.6160278320312,BAJFINANCE.NS,2023-02-03
597.41943359375,BAJFINANCE.NS,2023-02-06
602.9344482421875,BAJFINANCE.NS,2023-02-07
621.6375122070312,BAJFINANCE.NS,2023-02-08
631.7523193359375,BAJFINANCE.NS,2023-02-09
629.8438720703125,BAJFINANCE.NS,2023-02-10
621.0355834960938,BAJFINANCE.NS,2023-02-13
632.114501953125,BAJFINANCE.NS,2023-02-14
635.1729736328125,BAJFINANCE.NS,2023-02-15
630.0200805664062,BAJFINANCE.NS,2023-02-16
628.00390625,BAJFINANCE.NS,2023-02-17
623.178955078125,BAJFINANCE.NS,2023-02-20
624.3386840820312,BAJFINANCE.NS,2023-02-21
606.663330078125,BAJFINANCE.NS,2023-02-22
607.0255126953125,BAJFINANCE.NS,2023-02-23
610.3433227539062,BAJFINANCE.NS,2023-02-24
606.2571411132812,BAJFINANCE.NS,2023-02-27
598.1927490234375,BAJFINANCE.NS,2023-02-28
602.3765258789062,BAJFINANCE.NS,2023-03-01
595.3446044921875,BAJFINANCE.NS,2023-03-02
597.0133666992188,BAJFINANCE.NS,2023-03-03
600.4192504882812,BAJFINANCE.NS,2023-03-06
586.9131469726562,BAJFINANCE.NS,2023-03-08
577.5615844726562,BAJFINANCE.NS,2023-03-09
574.9044799804688,BAJFINANCE.NS,2023-03-10
570.9308471679688,BAJFINANCE.NS,2023-03-13
560.9481201171875,BAJFINANCE.NS,2023-03-14
559.6953735351562,BAJFINANCE.NS,2023-03-15
559.3381958007812,BAJFINANCE.NS,2023-03-16
561.0264282226562,BAJFINANCE.NS,2023-03-17
543.2581176757812,BAJFINANCE.NS,2023-03-20
558.8488159179688,BAJFINANCE.NS,2023-03-21
570.9945068359375,BAJFINANCE.NS,2023-03-22
570.8819580078125,BAJFINANCE.NS,2023-03-23
552.8934326171875,BAJFINANCE.NS,2023-03-24
547.3931274414062,BAJFINANCE.NS,2023-03-27
541.6578979492188,BAJFINANCE.NS,2023-03-28
550.5396728515625,BAJFINANCE.NS,2023-03-29
549.712646484375,BAJFINANCE.NS,2023-03-31
559.3333129882812,BAJFINANCE.NS,2023-04-03
563.8597412109375,BAJFINANCE.NS,2023-04-05
580.5858154296875,BAJFINANCE.NS,2023-04-06
570.4660034179688,BAJFINANCE.NS,2023-04-10
571.3421020507812,BAJFINANCE.NS,2023-04-11
573.2210693359375,BAJFINANCE.NS,2023-04-12
577.8699340820312,BAJFINANCE.NS,2023-04-13
583.4485473632812,BAJFINANCE.NS,2023-04-17
578.966064453125,BAJFINANCE.NS,2023-04-18
582.107666015625,BAJFINANCE.NS,2023-04-19
578.6773681640625,BAJFINANCE.NS,2023-04-20
581.1436157226562,BAJFINANCE.NS,2023-04-21
580.737548828125,BAJFINANCE.NS,2023-04-24
594.586181640625,BAJFINANCE.NS,2023-04-25
592.697265625,BAJFINANCE.NS,2023-04-26
606.80029296875,BAJFINANCE.NS,2023-04-27
614.6348876953125,BAJFINANCE.NS,2023-04-28
611.6058349609375,BAJFINANCE.NS,2023-05-02
604.862548828125,BAJFINANCE.NS,2023-05-03
625.415283203125,BAJFINANCE.NS,2023-05-04
625.3760986328125,BAJFINANCE.NS,2023-05-05
651.6151123046875,BAJFINANCE.NS,2023-05-08
641.2702026367188,BAJFINANCE.NS,2023-05-09
649.026611328125,BAJFINANCE.NS,2023-05-10
652.1534423828125,BAJFINANCE.NS,2023-05-11
657.1399536132812,BAJFINANCE.NS,2023-05-12
656.9343872070312,BAJFINANCE.NS,2023-05-15
664.0104370117188,BAJFINANCE.NS,2023-05-16
656.2249145507812,BAJFINANCE.NS,2023-05-17
664.4801635742188,BAJFINANCE.NS,2023-05-18
663.9712524414062,BAJFINANCE.NS,2023-05-19
664.83740234375,BAJFINANCE.NS,2023-05-22
663.614013671875,BAJFINANCE.NS,2023-05-23
664.1425170898438,BAJFINANCE.NS,2023-05-24
669.544921875,BAJFINANCE.NS,2023-05-25
675.7450561523438,BAJFINANCE.NS,2023-05-26
678.4413452148438,BAJFINANCE.NS,2023-05-29
685.6593017578125,BAJFINANCE.NS,2023-05-30
684.0983276367188,BAJFINANCE.NS,2023-05-31
689.0553588867188,BAJFINANCE.NS,2023-06-01
687.4307861328125,BAJFINANCE.NS,2023-06-02
689.3196411132812,BAJFINANCE.NS,2023-06-05
696.2439575195312,BAJFINANCE.NS,2023-06-06
692.9163208007812,BAJFINANCE.NS,2023-06-07
686.0801391601562,BAJFINANCE.NS,2023-06-08
688.7276000976562,BAJFINANCE.NS,2023-06-09
694.653564453125,BAJFINANCE.NS,2023-06-12
701.4114990234375,BAJFINANCE.NS,2023-06-13
694.5703735351562,BAJFINANCE.NS,2023-06-14
697.4819946289062,BAJFINANCE.NS,2023-06-15
704.9788818359375,BAJFINANCE.NS,2023-06-16
722.8890991210938,BAJFINANCE.NS,2023-06-19
709.4418334960938,BAJFINANCE.NS,2023-06-20
705.267578125,BAJFINANCE.NS,2023-06-21
688.0277709960938,BAJFINANCE.NS,2023-06-22
684.0786743164062,BAJFINANCE.NS,2023-06-23
684.9644165039062,BAJFINANCE.NS,2023-06-26
686.9756469726562,BAJFINANCE.NS,2023-06-27
693.9196166992188,BAJFINANCE.NS,2023-06-28
703.7874755859375,BAJFINANCE.NS,2023-06-30
720.7320556640625,BAJFINANCE.NS,2023-07-03
772.572998046875,BAJFINANCE.NS,2023-07-04
770.4402465820312,BAJFINANCE.NS,2023-07-05
763.314453125,BAJFINANCE.NS,2023-07-06
749.171142578125,BAJFINANCE.NS,2023-07-07
740.413818359375,BAJFINANCE.NS,2023-07-10
731.641845703125,BAJFINANCE.NS,2023-07-11
730.4574584960938,BAJFINANCE.NS,2023-07-12
734.6493530273438,BAJFINANCE.NS,2023-07-13
735.4110717773438,BAJFINANCE.NS,2023-07-14
738.2219848632812,BAJFINANCE.NS,2023-07-17
729.282958984375,BAJFINANCE.NS,2023-07-18
745.4705810546875,BAJFINANCE.NS,2023-07-19
746.64013671875,BAJFINANCE.NS,2023-07-20
745.1806640625,BAJFINANCE.NS,2023-07-21
745.1658935546875,BAJFINANCE.NS,2023-07-24
747.6083984375,BAJFINANCE.NS,2023-07-25
730.5753173828125,BAJFINANCE.NS,2023-07-26
715.9258422851562,BAJFINANCE.NS,2023-07-27
725.5086669921875,BAJFINANCE.NS,2023-07-28
717.51806640625,BAJFINANCE.NS,2023-07-31
714.5105590820312,BAJFINANCE.NS,2023-08-01
707.9990234375,BAJFINANCE.NS,2023-08-02
698.652099609375,BAJFINANCE.NS,2023-08-03
702.617919921875,BAJFINANCE.NS,2023-08-04
700.0084228515625,BAJFINANCE.NS,2023-08-07
705.065185546875,BAJFINANCE.NS,2023-08-08
700.3228759765625,BAJFINANCE.NS,2023-08-09
702.1412353515625,BAJFINANCE.NS,2023-08-10
693.9589233398438,BAJFINANCE.NS,2023-08-11
689.7767944335938,BAJFINANCE.NS,2023-08-14
686.1844482421875,BAJFINANCE.NS,2023-08-16
680.4593505859375,BAJFINANCE.NS,2023-08-17
674.4490966796875,BAJFINANCE.NS,2023-08-18
692.7401123046875,BAJFINANCE.NS,2023-08-21
694.8778686523438,BAJFINANCE.NS,2023-08-22
699.4481811523438,BAJFINANCE.NS,2023-08-23
701.5121459960938,BAJFINANCE.NS,2023-08-24
708.790283203125,BAJFINANCE.NS,2023-08-25
711.1589965820312,BAJFINANCE.NS,2023-08-28
716.8350219726562,BAJFINANCE.NS,2023-08-29
714.353271484375,BAJFINANCE.NS,2023-08-30
704.0233764648438,BAJFINANCE.NS,2023-08-31
719.5132446289062,BAJFINANCE.NS,2023-09-01
714.5645751953125,BAJFINANCE.NS,2023-09-04
721.9212646484375,BAJFINANCE.NS,2023-09-05
726.1181640625,BAJFINANCE.NS,2023-09-06
723.7002563476562,BAJFINANCE.NS,2023-09-07
728.3639526367188,BAJFINANCE.NS,2023-09-08
726.4965209960938,BAJFINANCE.NS,2023-09-11
730.3935546875,BAJFINANCE.NS,2023-09-12
734.7771606445312,BAJFINANCE.NS,2023-09-13
736.5855102539062,BAJFINANCE.NS,2023-09-14
736.379150390625,BAJFINANCE.NS,2023-09-15
741.9273681640625,BAJFINANCE.NS,2023-09-18
740.97900390625,BAJFINANCE.NS,2023-09-20
735.5928344726562,BAJFINANCE.NS,2023-09-21
734.3299560546875,BAJFINANCE.NS,2023-09-22
768.5825805664062,BAJFINANCE.NS,2023-09-25
773.5755615234375,BAJFINANCE.NS,2023-09-26
770.322265625,BAJFINANCE.NS,2023-09-27
760.63623046875,BAJFINANCE.NS,2023-09-28
767.6881713867188,BAJFINANCE.NS,2023-09-29
783.1044311523438,BAJFINANCE.NS,2023-10-03
771.9439697265625,BAJFINANCE.NS,2023-10-04
771.6343994140625,BAJFINANCE.NS,2023-10-05
802.85498046875,BAJFINANCE.NS,2023-10-06
789.0114135742188,BAJFINANCE.NS,2023-10-09
794.5055541992188,BAJFINANCE.NS,2023-10-10
796.3091430664062,BAJFINANCE.NS,2023-10-11
787.6943359375,BAJFINANCE.NS,2023-10-12
791.365234375,BAJFINANCE.NS,2023-10-13
789.8271484375,BAJFINANCE.NS,2023-10-16
795.4295043945312,BAJFINANCE.NS,2023-10-17
773.172607421875,BAJFINANCE.NS,2023-10-18
770.7154541015625,BAJFINANCE.NS,2023-10-19
763.6043701171875,BAJFINANCE.NS,2023-10-20
766.5235595703125,BAJFINANCE.NS,2023-10-23
756.2575073242188,BAJFINANCE.NS,2023-10-25
729.4598388671875,BAJFINANCE.NS,2023-10-26
737.8533935546875,BAJFINANCE.NS,2023-10-27
737.4454956054688,BAJFINANCE.NS,2023-10-30
736.4234619140625,BAJFINANCE.NS,2023-10-31
734.3839721679688,BAJFINANCE.NS,2023-11-01
732.1429443359375,BAJFINANCE.NS,2023-11-02
728.447509765625,BAJFINANCE.NS,2023-11-03
743.2445068359375,BAJFINANCE.NS,2023-11-06
736.71337890625,BAJFINANCE.NS,2023-11-07
733.20947265625,BAJFINANCE.NS,2023-11-08
726.0099487304688,BAJFINANCE.NS,2023-11-09
731.7203979492188,BAJFINANCE.NS,2023-11-10
723.4693603515625,BAJFINANCE.NS,2023-11-13
710.04833984375,BAJFINANCE.NS,2023-11-15
723.6265258789062,BAJFINANCE.NS,2023-11-16
709.7239379882812,BAJFINANCE.NS,2023-11-17
694.7451171875,BAJFINANCE.NS,2023-11-20
698.1409301757812,BAJFINANCE.NS,2023-11-21
700.6177978515625,BAJFINANCE.NS,2023-11-22
695.2415161132812,BAJFINANCE.NS,2023-11-23
690.0471801757812,BAJFINANCE.NS,2023-11-24
700.5391845703125,BAJFINANCE.NS,2023-11-28
700.7897338867188,BAJFINANCE.NS,2023-11-29
699.9838256835938,BAJFINANCE.NS,2023-11-30
713.4932250976562,BAJFINANCE.NS,2023-12-01
728.069091796875,BAJFINANCE.NS,2023-12-04
722.3832397460938,BAJFINANCE.NS,2023-12-05
729.980712890625,BAJFINANCE.NS,2023-12-06
726.4522094726562,BAJFINANCE.NS,2023-12-07
718.2355346679688,BAJFINANCE.NS,2023-12-08
716.7760009765625,BAJFINANCE.NS,2023-12-11
718.918701171875,BAJFINANCE.NS,2023-12-12
713.3604736328125,BAJFINANCE.NS,2023-12-13
734.6099853515625,BAJFINANCE.NS,2023-12-14
738.625,BAJFINANCE.NS,2023-12-15
745.7556762695312,BAJFINANCE.NS,2023-12-18
750.1834106445312,BAJFINANCE.NS,2023-12-19
736.5511474609375,BAJFINANCE.NS,2023-12-20
724.0885620117188,BAJFINANCE.NS,2023-12-21
717.0266723632812,BAJFINANCE.NS,2023-12-22
703.95458984375,BAJFINANCE.NS,2023-12-26
710.8837890625,BAJFINANCE.NS,2023-12-27
713.4244384765625,BAJFINANCE.NS,2023-12-28
720.216064453125,BAJFINANCE.NS,2023-12-29
717.3952026367188,BAJFINANCE.NS,2024-01-01
730.2706298828125,BAJFINANCE.NS,2024-01-02
725.8232421875,BAJFINANCE.NS,2024-01-03
757.3485107421875,BAJFINANCE.NS,2024-01-04
757.89892578125,BAJFINANCE.NS,2024-01-05
760.3412475585938,BAJFINANCE.NS,2024-01-08
759.3043823242188,BAJFINANCE.NS,2024-01-09
754.8912963867188,BAJFINANCE.NS,2024-01-10
753.829833984375,BAJFINANCE.NS,2024-01-11
752.9747314453125,BAJFINANCE.NS,2024-01-12
734.9835205078125,BAJFINANCE.NS,2024-01-15
732.8850708007812,BAJFINANCE.NS,2024-01-16
723.272705078125,BAJFINANCE.NS,2024-01-17
714.1026611328125,BAJFINANCE.NS,2024-01-18
719.3657836914062,BAJFINANCE.NS,2024-01-19
694.9515380859375,BAJFINANCE.NS,2024-01-23
693.43798828125,BAJFINANCE.NS,2024-01-24
696.4061889648438,BAJFINANCE.NS,2024-01-25
706.8392333984375,BAJFINANCE.NS,2024-01-29
670.0360717773438,BAJFINANCE.NS,2024-01-30
674.5277099609375,BAJFINANCE.NS,2024-01-31
662.772705078125,BAJFINANCE.NS,2024-02-01
673.0927734375,BAJFINANCE.NS,2024-02-02
649.4942626953125,BAJFINANCE.NS,2024-02-05
648.5064697265625,BAJFINANCE.NS,2024-02-06
659.4210815429688,BAJFINANCE.NS,2024-02-07
646.2950439453125,BAJFINANCE.NS,2024-02-08
654.0448608398438,BAJFINANCE.NS,2024-02-09
645.6561889648438,BAJFINANCE.NS,2024-02-12
649.0470581054688,BAJFINANCE.NS,2024-02-13
653.2586669921875,BAJFINANCE.NS,2024-02-14
650.5950927734375,BAJFINANCE.NS,2024-02-15
650.575439453125,BAJFINANCE.NS,2024-02-16
659.7750244140625,BAJFINANCE.NS,2024-02-19
664.767822265625,BAJFINANCE.NS,2024-02-20
657.4161376953125,BAJFINANCE.NS,2024-02-21
656.0548706054688,BAJFINANCE.NS,2024-02-22
658.3056030273438,BAJFINANCE.NS,2024-02-23
652.9391479492188,BAJFINANCE.NS,2024-02-26
644.3883056640625,BAJFINANCE.NS,2024-02-27
638.73193359375,BAJFINANCE.NS,2024-02-28
638.4026489257812,BAJFINANCE.NS,2024-02-29
645.8822631835938,BAJFINANCE.NS,2024-03-01
648.9290771484375,BAJFINANCE.NS,2024-03-04
621.5858764648438,BAJFINANCE.NS,2024-03-05
620.3081665039062,BAJFINANCE.NS,2024-03-06
631.1000366210938,BAJFINANCE.NS,2024-03-07
632.3482666015625,BAJFINANCE.NS,2024-03-11
632.5742797851562,BAJFINANCE.NS,2024-03-12
634.5498657226562,BAJFINANCE.NS,2024-03-13
628.7804565429688,BAJFINANCE.NS,2024-03-14
640.2700805664062,BAJFINANCE.NS,2024-03-15
639.3167724609375,BAJFINANCE.NS,2024-03-18
648.3197021484375,BAJFINANCE.NS,2024-03-19
653.5534057617188,BAJFINANCE.NS,2024-03-20
660.06494140625,BAJFINANCE.NS,2024-03-21
664.5025634765625,BAJFINANCE.NS,2024-03-22
679.1668701171875,BAJFINANCE.NS,2024-03-26
690.2388305664062,BAJFINANCE.NS,2024-03-27
712.1074829101562,BAJFINANCE.NS,2024-03-28
712.6676025390625,BAJFINANCE.NS,2024-04-01
708.3872680664062,BAJFINANCE.NS,2024-04-02
718.397705078125,BAJFINANCE.NS,2024-04-03
715.8570556640625,BAJFINANCE.NS,2024-04-04
705.2667236328125,BAJFINANCE.NS,2024-04-05
705.5516967773438,BAJFINANCE.NS,2024-04-08
707.0308837890625,BAJFINANCE.NS,2024-04-09
710.6331787109375,BAJFINANCE.NS,2024-04-10
710.5642700195312,BAJFINANCE.NS,2024-04-12
695.4970703125,BAJFINANCE.NS,2024-04-15
683.506103515625,BAJFINANCE.NS,2024-04-16
677.5057983398438,BAJFINANCE.NS,2024-04-18
699.7479858398438,BAJFINANCE.NS,2024-04-19
716.7218627929688,BAJFINANCE.NS,2024-04-22
713.5473022460938,BAJFINANCE.NS,2024-04-23
720.3535766601562,BAJFINANCE.NS,2024-04-24
716.9873046875,BAJFINANCE.NS,2024-04-25
661.5834350585938,BAJFINANCE.NS,2024-04-26
670.9598999023438,BAJFINANCE.NS,2024-04-29
680.48876953125,BAJFINANCE.NS,2024-04-30
676.4738159179688,BAJFINANCE.NS,2024-05-02
681.2701416015625,BAJFINANCE.NS,2024-05-03
674.2279052734375,BAJFINANCE.NS,2024-05-06
675.4761962890625,BAJFINANCE.NS,2024-05-07
668.29150390625,BAJFINANCE.NS,2024-05-08
649.1944580078125,BAJFINANCE.NS,2024-05-09
656.9590454101562,BAJFINANCE.NS,2024-05-10
660.35986328125,BAJFINANCE.NS,2024-05-13
656.1286010742188,BAJFINANCE.NS,2024-05-14
656.5512084960938,BAJFINANCE.NS,2024-05-15
663.1510620117188,BAJFINANCE.NS,2024-05-16
661.2099609375,BAJFINANCE.NS,2024-05-17
662.7284545898438,BAJFINANCE.NS,2024-05-21
662.8955688476562,BAJFINANCE.NS,2024-05-22
670.9647827148438,BAJFINANCE.NS,2024-05-23
671.9723510742188,BAJFINANCE.NS,2024-05-24
677.7318115234375,BAJFINANCE.NS,2024-05-27
675.5253295898438,BAJFINANCE.NS,2024-05-28
669.0040283203125,BAJFINANCE.NS,2024-05-29
650.30517578125,BAJFINANCE.NS,2024-05-30
658.2908935546875,BAJFINANCE.NS,2024-05-31
679.7024536132812,BAJFINANCE.NS,2024-06-03
639.79833984375,BAJFINANCE.NS,2024-06-04
671.9476928710938,BAJFINANCE.NS,2024-06-05
680.7098999023438,BAJFINANCE.NS,2024-06-06
706.814697265625,BAJFINANCE.NS,2024-06-07
696.7354736328125,BAJFINANCE.NS,2024-06-10
701.5761108398438,BAJFINANCE.NS,2024-06-11
709.404541015625,BAJFINANCE.NS,2024-06-12
716.9921875,BAJFINANCE.NS,2024-06-13
721.5723876953125,BAJFINANCE.NS,2024-06-14
720.8990478515625,BAJFINANCE.NS,2024-06-18
710.996826171875,BAJFINANCE.NS,2024-06-19
708.3578491210938,BAJFINANCE.NS,2024-06-20
704.7177734375,BAJFINANCE.NS,2024-06-21
699.5416870117188,BAJFINANCE.NS,2024-06-24
698.8107299804688,BAJFINANCE.NS,2024-06-25
707.0835571289062,BAJFINANCE.NS,2024-06-26
707.9280395507812,BAJFINANCE.NS,2024-06-27
702.8705444335938,BAJFINANCE.NS,2024-06-28
718.7938232421875,BAJFINANCE.NS,2024-07-01
707.8145141601562,BAJFINANCE.NS,2024-07-02
717.020751953125,BAJFINANCE.NS,2024-07-03
702.031005859375,BAJFINANCE.NS,2024-07-04
705.0881958007812,BAJFINANCE.NS,2024-07-05
701.1617431640625,BAJFINANCE.NS,2024-07-08
698.1785888671875,BAJFINANCE.NS,2024-07-09
696.884521484375,BAJFINANCE.NS,2024-07-10
686.5473022460938,BAJFINANCE.NS,2024-07-11
691.88134765625,BAJFINANCE.NS,2024-07-12
697.7537841796875,BAJFINANCE.NS,2024-07-15
697.29443359375,BAJFINANCE.NS,2024-07-16
702.3223266601562,BAJFINANCE.NS,2024-07-18
684.7691650390625,BAJFINANCE.NS,2024-07-19
680.0228881835938,BAJFINANCE.NS,2024-07-22
664.4996948242188,BAJFINANCE.NS,2024-07-23
652.6510620117188,BAJFINANCE.NS,2024-07-24
656.6615600585938,BAJFINANCE.NS,2024-07-25
670.6881713867188,BAJFINANCE.NS,2024-07-26
672.9304809570312,BAJFINANCE.NS,2024-07-29
674.0319213867188,BAJFINANCE.NS,2024-07-30
672.38720703125,BAJFINANCE.NS,2024-07-31
668.9002685546875,BAJFINANCE.NS,2024-08-01
664.292236328125,BAJFINANCE.NS,2024-08-02
651.6187744140625,BAJFINANCE.NS,2024-08-05
645.8551025390625,BAJFINANCE.NS,2024-08-06
655.6144409179688,BAJFINANCE.NS,2024-08-07
650.1864624023438,BAJFINANCE.NS,2024-08-08
653.7425537109375,BAJFINANCE.NS,2024-08-09
652.7498168945312,BAJFINANCE.NS,2024-08-12
638.614501953125,BAJFINANCE.NS,2024-08-13
637.9674682617188,BAJFINANCE.NS,2024-08-14
651.0458984375,BAJFINANCE.NS,2024-08-16
653.5598754882812,BAJFINANCE.NS,2024-08-19
664.015625,BAJFINANCE.NS,2024-08-20
665.3145751953125,BAJFINANCE.NS,2024-08-21
666.1295166015625,BAJFINANCE.NS,2024-08-22
665.364013671875,BAJFINANCE.NS,2024-08-23
669.5621337890625,BAJFINANCE.NS,2024-08-26
677.9830322265625,BAJFINANCE.NS,2024-08-27
681.5786743164062,BAJFINANCE.NS,2024-08-28
697.7339477539062,BAJFINANCE.NS,2024-08-29
711.2273559570312,BAJFINANCE.NS,2024-08-30
734.9244995117188,BAJFINANCE.NS,2024-09-02
726.40478515625,BAJFINANCE.NS,2024-09-03
721.0410766601562,BAJFINANCE.NS,2024-09-04
715.647705078125,BAJFINANCE.NS,2024-09-05
722.7845458984375,BAJFINANCE.NS,2024-09-06
725.7775268554688,BAJFINANCE.NS,2024-09-09
715.346435546875,BAJFINANCE.NS,2024-09-10
725.5899047851562,BAJFINANCE.NS,2024-09-11
733.7638549804688,BAJFINANCE.NS,2024-09-12
750.5761108398438,BAJFINANCE.NS,2024-09-13
725.609619140625,BAJFINANCE.NS,2024-09-16
727.5604858398438,BAJFINANCE.NS,2024-09-17
753.7963256835938,BAJFINANCE.NS,2024-09-18
749.7710571289062,BAJFINANCE.NS,2024-09-19
748.99072265625,BAJFINANCE.NS,2024-09-20
750.2402954101562,BAJFINANCE.NS,2024-09-23
746.2001953125,BAJFINANCE.NS,2024-09-24
753.0851440429688,BAJFINANCE.NS,2024-09-25
767.35888671875,BAJFINANCE.NS,2024-09-26
766.1339111328125,BAJFINANCE.NS,2024-09-27
760.8986206054688,BAJFINANCE.NS,2024-09-30
760.8986206054688,BAJFINANCE.NS,2024-10-01
734.3120727539062,BAJFINANCE.NS,2024-10-03
712.3336791992188,BAJFINANCE.NS,2024-10-04
718.0678100585938,BAJFINANCE.NS,2024-10-07
709.9234619140625,BAJFINANCE.NS,2024-10-08
721.1348876953125,BAJFINANCE.NS,2024-10-09
723.036376953125,BAJFINANCE.NS,2024-10-10
721.2880249023438,BAJFINANCE.NS,2024-10-11
712.081787109375,BAJFINANCE.NS,2024-10-14
693.1259765625,BAJFINANCE.NS,2024-10-15
687.1448974609375,BAJFINANCE.NS,2024-10-16
681.529296875,BAJFINANCE.NS,2024-10-17
681.5342407226562,BAJFINANCE.NS,2024-10-18
669.8140258789062,BAJFINANCE.NS,2024-10-21
659.6397094726562,BAJFINANCE.NS,2024-10-22
691.041748046875,BAJFINANCE.NS,2024-10-23
695.4967041015625,BAJFINANCE.NS,2024-10-24
682.581298828125,BAJFINANCE.NS,2024-10-25
682.6998291015625,BAJFINANCE.NS,2024-10-28
693.6791381835938,BAJFINANCE.NS,2024-10-29
687.0115356445312,BAJFINANCE.NS,2024-10-30
680.566162109375,BAJFINANCE.NS,2024-10-31
683.9098510742188,BAJFINANCE.NS,2024-11-01
676.0173950195312,BAJFINANCE.NS,2024-11-04
684.5765991210938,BAJFINANCE.NS,2024-11-05
692.0690307617188,BAJFINANCE.NS,2024-11-06
682.023193359375,BAJFINANCE.NS,2024-11-07
681.1785278320312,BAJFINANCE.NS,2024-11-08
669.6065673828125,BAJFINANCE.NS,2024-11-11
655.7182006835938,BAJFINANCE.NS,2024-11-12
648.5862426757812,BAJFINANCE.NS,2024-11-13
646.9218139648438,BAJFINANCE.NS,2024-11-14
648.7789306640625,BAJFINANCE.NS,2024-11-18
651.4805297851562,BAJFINANCE.NS,2024-11-19
638.6737670898438,BAJFINANCE.NS,2024-11-21
660.2373046875,BAJFINANCE.NS,2024-11-22
660.3805541992188,BAJFINANCE.NS,2024-11-25
653.7178955078125,BAJFINANCE.NS,2024-11-26
662.3363647460938,BAJFINANCE.NS,2024-11-27
642.9954223632812,BAJFINANCE.NS,2024-11-28
649.5642700195312,BAJFINANCE.NS,2024-11-29
656.947998046875,BAJFINANCE.NS,2024-12-02
659.397705078125,BAJFINANCE.NS,2024-12-03
665.77392578125,BAJFINANCE.NS,2024-12-04
676.67919921875,BAJFINANCE.NS,2024-12-05
676.6693725585938,BAJFINANCE.NS,2024-12-06
678.4522705078125,BAJFINANCE.NS,2024-12-09
685.1544799804688,BAJFINANCE.NS,2024-12-10
702.826171875,BAJFINANCE.NS,2024-12-11
703.883056640625,BAJFINANCE.NS,2024-12-12
709.5134887695312,BAJFINANCE.NS,2024-12-13
712.0422973632812,BAJFINANCE.NS,2024-12-16
706.5501098632812,BAJFINANCE.NS,2024-12-17
698.8107299804688,BAJFINANCE.NS,2024-12-18
683.4110107421875,BAJFINANCE.NS,2024-12-19
676.4668579101562,BAJFINANCE.NS,2024-12-20
678.289306640625,BAJFINANCE.NS,2024-12-23
672.5106811523438,BAJFINANCE.NS,2024-12-24
673.2564697265625,BAJFINANCE.NS,2024-12-26
682.3442993164062,BAJFINANCE.NS,2024-12-27
680.41796875,BAJFINANCE.NS,2024-12-30
673.9725952148438,BAJFINANCE.NS,2024-12-31
685.0656127929688,BAJFINANCE.NS,2025-01-01
729.9015502929688,BAJFINANCE.NS,2025-01-02
731.6845092773438,BAJFINANCE.NS,2025-01-03
725.9652099609375,BAJFINANCE.NS,2025-01-06
726.4196166992188,BAJFINANCE.NS,2025-01-07
726.5628051757812,BAJFINANCE.NS,2025-01-08
718.863037109375,BAJFINANCE.NS,2025-01-09
719.9100341796875,BAJFINANCE.NS,2025-01-10
706.3673706054688,BAJFINANCE.NS,2025-01-13
724.5477294921875,BAJFINANCE.NS,2025-01-14
708.9801025390625,BAJFINANCE.NS,2025-01-15
717.1145629882812,BAJFINANCE.NS,2025-01-16
709.4443359375,BAJFINANCE.NS,2025-01-17
734.929443359375,BAJFINANCE.NS,2025-01-20
720.265625,BAJFINANCE.NS,2025-01-21
730.6868896484375,BAJFINANCE.NS,2025-01-22
735.2406005859375,BAJFINANCE.NS,2025-01-23
734.7813110351562,BAJFINANCE.NS,2025-01-24
720.6409912109375,BAJFINANCE.NS,2025-01-27
751.376220703125,BAJFINANCE.NS,2025-01-28
766.4945068359375,BAJFINANCE.NS,2025-01-29
780.5211181640625,BAJFINANCE.NS,2025-01-30
778.8864135742188,BAJFINANCE.NS,2025-01-31
790.2459716796875,BAJFINANCE.NS,2025-02-01
832.2964477539062,BAJFINANCE.NS,2025-02-03
837.19091796875,BAJFINANCE.NS,2025-02-04
840.559326171875,BAJFINANCE.NS,2025-02-05
840.3469848632812,BAJFINANCE.NS,2025-02-06
837.082275390625,BAJFINANCE.NS,2025-02-07
818.5660400390625,BAJFINANCE.NS,2025-02-10
809.122802734375,BAJFINANCE.NS,2025-02-11
811.3798828125,BAJFINANCE.NS,2025-02-12
830.636962890625,BAJFINANCE.NS,2025-02-13
828.9873046875,BAJFINANCE.NS,2025-02-14
832.3753662109375,BAJFINANCE.NS,2025-02-17
836.2575073242188,BAJFINANCE.NS,2025-02-18
833.644775390625,BAJFINANCE.NS,2025-02-19
829.693603515625,BAJFINANCE.NS,2025-02-20
829.4219360351562,BAJFINANCE.NS,2025-02-21
825.2979125976562,BAJFINANCE.NS,2025-02-24
838.51953125,BAJFINANCE.NS,2025-02-25
859.9151611328125,BAJFINANCE.NS,2025-02-27
842.618896484375,BAJFINANCE.NS,2025-02-28
852.2548217773438,BAJFINANCE.NS,2025-03-03
848.1159057617188,BAJFINANCE.NS,2025-03-04
819.7415771484375,BAJFINANCE.NS,2025-03-05
830.8197021484375,BAJFINANCE.NS,2025-03-06
830.1924438476562,BAJFINANCE.NS,2025-03-07
824.0779418945312,BAJFINANCE.NS,2025-03-10
823.8656005859375,BAJFINANCE.NS,2025-03-11
838.08984375,BAJFINANCE.NS,2025-03-12
831.7679443359375,BAJFINANCE.NS,2025-03-13
847.5628051757812,BAJFINANCE.NS,2025-03-17
847.5628051757812,BAJFINANCE.NS,2025-03-18
862.503173828125,BAJFINANCE.NS,2025-03-19
857.3716430664062,BAJFINANCE.NS,2025-03-20
880.72802734375,BAJFINANCE.NS,2025-03-21
897.9107666015625,BAJFINANCE.NS,2025-03-24
895.6585083007812,BAJFINANCE.NS,2025-03-25
875.7841186523438,BAJFINANCE.NS,2025-03-26
889.3959350585938,BAJFINANCE.NS,2025-03-27
883.6420288085938,BAJFINANCE.NS,2025-03-28
859.2039794921875,BAJFINANCE.NS,2025-04-01
856.3442993164062,BAJFINANCE.NS,2025-04-02
848.9703979492188,BAJFINANCE.NS,2025-04-03
861.2437744140625,BAJFINANCE.NS,2025-04-04
846.3428955078125,BAJFINANCE.NS,2025-04-07
871.45751953125,BAJFINANCE.NS,2025-04-08
862.9181518554688,BAJFINANCE.NS,2025-04-09
881.221923828125,BAJFINANCE.NS,2025-04-11
902.9434814453125,BAJFINANCE.NS,2025-04-15
894.5966796875,BAJFINANCE.NS,2025-04-16
905.0672607421875,BAJFINANCE.NS,2025-04-17
916.0317993164062,BAJFINANCE.NS,2025-04-21
914.7476806640625,BAJFINANCE.NS,2025-04-22
920.92138671875,BAJFINANCE.NS,2025-04-23
918.748291015625,BAJFINANCE.NS,2025-04-24
900.0789184570312,BAJFINANCE.NS,2025-04-25
898.2021484375,BAJFINANCE.NS,2025-04-28
898.2021484375,BAJFINANCE.NS,2025-04-29
852.9117431640625,BAJFINANCE.NS,2025-04-30
876.0260620117188,BAJFINANCE.NS,2025-05-02
882.2987060546875,BAJFINANCE.NS,2025-05-05
869.0128173828125,BAJFINANCE.NS,2025-05-06
887.6821899414062,BAJFINANCE.NS,2025-05-07
872.4700927734375,BAJFINANCE.NS,2025-05-08
854.7150268554688,BAJFINANCE.NS,2025-05-09
892.0549926757812,BAJFINANCE.NS,2025-05-12
894.3795166015625,BAJFINANCE.NS,2025-05-13
898.2371215820312,BAJFINANCE.NS,2025-05-14
908.870361328125,BAJFINANCE.NS,2025-05-15
906.7437133789062,BAJFINANCE.NS,2025-05-16
915.4976196289062,BAJFINANCE.NS,2025-05-19
898.039306640625,BAJFINANCE.NS,2025-05-20
909.7606201171875,BAJFINANCE.NS,2025-05-21
903.97412109375,BAJFINANCE.NS,2025-05-22
914.3106079101562,BAJFINANCE.NS,2025-05-23
916.8823852539062,BAJFINANCE.NS,2025-05-26
907.139404296875,BAJFINANCE.NS,2025-05-27
916.6845703125,BAJFINANCE.NS,2025-05-28
910.403564453125,BAJFINANCE.NS,2025-05-29
912.4410400390625,BAJFINANCE.NS,2025-05-30
906.2788696289062,BAJFINANCE.NS,2025-06-02
892.4141845703125,BAJFINANCE.NS,2025-06-03
893.2092895507812,BAJFINANCE.NS,2025-06-04
887.941650390625,BAJFINANCE.NS,2025-06-05
931.4243774414062,BAJFINANCE.NS,2025-06-06
954.880126953125,BAJFINANCE.NS,2025-06-09
943.9473266601562,BAJFINANCE.NS,2025-06-10
936.7416381835938,BAJFINANCE.NS,2025-06-11
931.1261596679688,BAJFINANCE.NS,2025-06-12
927.3990478515625,BAJFINANCE.NS,2025-06-13
932.2691650390625,BAJFINANCE.NS,2025-06-16
917.3607788085938,BAJFINANCE.NS,2025-06-17
913.38525390625,BAJFINANCE.NS,2025-06-18
894.9982299804688,BAJFINANCE.NS,2025-06-19
899.4707641601562,BAJFINANCE.NS,2025-06-20
909.9066162109375,BAJFINANCE.NS,2025-06-23
910.9005126953125,BAJFINANCE.NS,2025-06-24
922.3302612304688,BAJFINANCE.NS,2025-06-25
945.6866455078125,BAJFINANCE.NS,2025-06-26
941.2141723632812,BAJFINANCE.NS,2025-06-27
930.7783203125,BAJFINANCE.NS,2025-06-30
930.9274291992188,BAJFINANCE.NS,2025-07-01
917.3607788085938,BAJFINANCE.NS,2025-07-02
904.5892944335938,BAJFINANCE.NS,2025-07-03
919.646728515625,BAJFINANCE.NS,2025-07-04
919.000732421875,BAJFINANCE.NS,2025-07-07
921.982421875,BAJFINANCE.NS,2025-07-08
934.8532104492188,BAJFINANCE.NS,2025-07-09
941.8602294921875,BAJFINANCE.NS,2025-07-10
927.796630859375,BAJFINANCE.NS,2025-07-11
913.2361450195312,BAJFINANCE.NS,2025-07-14
922.7278442382812,BAJFINANCE.NS,2025-07-15
916.118408203125,BAJFINANCE.NS,2025-07-16
917.658935546875,BAJFINANCE.NS,2025-07-17
936.2446899414062,BAJFINANCE.NS,2025-07-18
942.6553344726562,BAJFINANCE.NS,2025-07-21
946.730224609375,BAJFINANCE.NS,2025-07-22
962.384033203125,BAJFINANCE.NS,2025-07-23
953.0911865234375,BAJFINANCE.NS,2025-07-24
908.1672973632812,BAJFINANCE.NS,2025-07-25
875.1204223632812,BAJFINANCE.NS,2025-07-28
881.1334838867188,BAJFINANCE.NS,2025-07-29
879.44384765625,BAJFINANCE.NS,2025-07-30
875.816162109375,BAJFINANCE.NS,2025-07-31
870.2503662109375,BAJFINANCE.NS,2025-08-01
879.89111328125,BAJFINANCE.NS,2025-08-04
886.4508056640625,BAJFINANCE.NS,2025-08-05
871.2940063476562,BAJFINANCE.NS,2025-08-06
873.72900390625,BAJFINANCE.NS,2025-08-07
871.7909545898438,BAJFINANCE.NS,2025-08-08
872.4369506835938,BAJFINANCE.NS,2025-08-11
847.7884521484375,BAJFINANCE.NS,2025-08-12
854.7456665039062,BAJFINANCE.NS,2025-08-13
856.1868286132812,BAJFINANCE.NS,2025-08-14
899.6695556640625,BAJFINANCE.NS,2025-08-18
896.7872314453125,BAJFINANCE.NS,2025-08-19
882.3758544921875,BAJFINANCE.NS,2025-08-20
890.128173828125,BAJFINANCE.NS,2025-08-21
889.034912109375,BAJFINANCE.NS,2025-08-22
895.29638671875,BAJFINANCE.NS,2025-08-25
870.8964233398438,BAJFINANCE.NS,2025-08-26
871.4927368164062,BAJFINANCE.NS,2025-08-28
872.4866333007812,BAJFINANCE.NS,2025-08-29
883.9163818359375,BAJFINANCE.NS,2025-09-01
884.6617431640625,BAJFINANCE.NS,2025-09-02
890.8239135742188,BAJFINANCE.NS,2025-09-03
929.0390014648438,BAJFINANCE.NS,2025-09-04
931.87158203125,BAJFINANCE.NS,2025-09-05
938.5306396484375,BAJFINANCE.NS,2025-09-08
942.6056518554688,BAJFINANCE.NS,2025-09-09
962.0361938476562,BAJFINANCE.NS,2025-09-10
964.3220825195312,BAJFINANCE.NS,2025-09-11
997.1204833984375,BAJFINANCE.NS,2025-09-12
1003.6801147460938,BAJFINANCE.NS,2025-09-15
997.1204833984375,BAJFINANCE.NS,2025-09-16
1001.3445434570312,BAJFINANCE.NS,2025-09-17
990.4117431640625,BAJFINANCE.NS,2025-09-18
986.386474609375,BAJFINANCE.NS,2025-09-19
1000.3506469726562,BAJFINANCE.NS,2025-09-22
1019.2345581054688,BAJFINANCE.NS,2025-09-23
1023.4585571289062,BAJFINANCE.NS,2025-09-24
1006.5624389648438,BAJFINANCE.NS,2025-09-25
979.0813598632812,BAJFINANCE.NS,2025-09-26
984.8956298828125,BAJFINANCE.NS,2025-09-29
992.797119140625,BAJFINANCE.NS,2025-09-30
981.66552734375,BAJFINANCE.NS,2025-10-01
983.7029418945312,BAJFINANCE.NS,2025-10-03
1002.7360229492188,BAJFINANCE.NS,2025-10-06
1010.3392333984375,BAJFINANCE.NS,2025-10-07
1016.89892578125,BAJFINANCE.NS,2025-10-08
1017.8430786132812,BAJFINANCE.NS,2025-10-09
1017.5946044921875,BAJFINANCE.NS,2025-10-10
1030.415771484375,BAJFINANCE.NS,2025-10-13
1012.92333984375,BAJFINANCE.NS,2025-10-14
1053.4244384765625,BAJFINANCE.NS,2025-10-15
1059.2386474609375,BAJFINANCE.NS,2025-10-16
1063.56201171875,BAJFINANCE.NS,2025-10-17
1074.3955078125,BAJFINANCE.NS,2025-10-20
1079.86181640625,BAJFINANCE.NS,2025-10-21
1087.465087890625,BAJFINANCE.NS,2025-10-23
1083.092041015625,BAJFINANCE.NS,2025-10-24
1077.774658203125,BAJFINANCE.NS,2025-10-27
1066.1959228515625,BAJFINANCE.NS,2025-10-28
1056.4556884765625,BAJFINANCE.NS,2025-10-29
1045.870849609375,BAJFINANCE.NS,2025-10-30
1036.428955078125,BAJFINANCE.NS,2025-10-31
1036.72705078125,BAJFINANCE.NS,2025-11-03
1050.5421142578125,BAJFINANCE.NS,2025-11-04
1035.534423828125,BAJFINANCE.NS,2025-11-06
1060.0833740234375,BAJFINANCE.NS,2025-11-07
1078.3709716796875,BAJFINANCE.NS,2025-11-10
999.05859375,BAJFINANCE.NS,2025-11-11
1007.0097045898438,BAJFINANCE.NS,2025-11-12
999.2573852539062,BAJFINANCE.NS,2025-11-13
1012.27734375,BAJFINANCE.NS,2025-11-14
1020.5266723632812,BAJFINANCE.NS,2025-11-17
1007.4072265625,BAJFINANCE.NS,2025-11-18
999.4561157226562,BAJFINANCE.NS,2025-11-19
1022.3156127929688,BAJFINANCE.NS,2025-11-20
997.9652709960938,BAJFINANCE.NS,2025-11-21
987.927001953125,BAJFINANCE.NS,2025-11-24
980.1746826171875,BAJFINANCE.NS,2025-11-25
1004.5249633789062,BAJFINANCE.NS,2025-11-26
1027.48388671875,BAJFINANCE.NS,2025-11-27
1031.1612548828125,BAJFINANCE.NS,2025-11-28
1014.8613891601562,BAJFINANCE.NS,2025-12-01
1019.2345581054688,BAJFINANCE.NS,2025-12-02
1015.1596069335938,BAJFINANCE.NS,2025-12-03
1022.8125,BAJFINANCE.NS,2025-12-04
1041.5970458984375,BAJFINANCE.NS,2025-12-05
1020.1290893554688,BAJFINANCE.NS,2025-12-08
1010.4883422851562,BAJFINANCE.NS,2025-12-09
1004.1273803710938,BAJFINANCE.NS,2025-12-10
1000.2512817382812,BAJFINANCE.NS,2025-12-11
1011.0846557617188,BAJFINANCE.NS,2025-12-12
1006.5127563476562,BAJFINANCE.NS,2025-12-15
992.3001708984375,BAJFINANCE.NS,2025-12-16
993.4927368164062,BAJFINANCE.NS,2025-12-17
994.1884765625,BAJFINANCE.NS,2025-12-18
1002.1396484375,BAJFINANCE.NS,2025-12-19
1001.6427001953125,BAJFINANCE.NS,2025-12-22
1005.220703125,BAJFINANCE.NS,2025-12-23
1005.5188598632812,BAJFINANCE.NS,2025-12-24
993.8903198242188,BAJFINANCE.NS,2025-12-26
991.902587890625,BAJFINANCE.NS,2025-12-29
983.2556762695312,BAJFINANCE.NS,2025-12-30
980.77099609375,BAJFINANCE.NS,2025-12-31
967.1546630859375,BAJFINANCE.NS,2026-01-01
984.398681640625,BAJFINANCE.NS,2026-01-02
972.7702026367188,BAJFINANCE.NS,2026-01-05
971.3787231445312,BAJFINANCE.NS,2026-01-06
962.8809814453125,BAJFINANCE.NS,2026-01-07
966.01171875,BAJFINANCE.NS,2026-01-08
953.7371215820312,BAJFINANCE.NS,2026-01-09
946.084228515625,BAJFINANCE.NS,2026-01-12
943.2019653320312,BAJFINANCE.NS,2026-01-13
940.1705932617188,BAJFINANCE.NS,2026-01-14
940.1705932617188,BAJFINANCE.NS,2026-01-15
944.4442749023438,BAJFINANCE.NS,2026-01-16
963.5269775390625,BAJFINANCE.NS,2026-01-19
927.4984741210938,BAJFINANCE.NS,2026-01-20
930.5298461914062,BAJFINANCE.NS,2026-01-21
937.0894775390625,BAJFINANCE.NS,2026-01-22
922.18115234375,BAJFINANCE.NS,2026-01-23
909.1115112304688,BAJFINANCE.NS,2026-01-27
929.4365844726562,BAJFINANCE.NS,2026-01-28
929.4365844726562,BAJFINANCE.NS,2026-01-29
924.1688842773438,BAJFINANCE.NS,2026-01-30
898.1787109375,BAJFINANCE.NS,2026-02-02
958.5078735351562,BAJFINANCE.NS,2026-02-03
957.41455078125,BAJFINANCE.NS,2026-02-04
958.855712890625,BAJFINANCE.NS,2026-02-05
975.7021484375,BAJFINANCE.NS,2026-02-06
977.143310546875,BAJFINANCE.NS,2026-02-09
959.7005004882812,BAJFINANCE.NS,2026-02-10
963.0300903320312,BAJFINANCE.NS,2026-02-11
992.995849609375,BAJFINANCE.NS,2026-02-12
1018.4891357421875,BAJFINANCE.NS,2026-02-13
1006.5624389648438,BAJFINANCE.NS,2026-02-16
1007.9539184570312,BAJFINANCE.NS,2026-02-17
1017.544921875,BAJFINANCE.NS,2026-02-18
1010.836181640625,BAJFINANCE.NS,2026-02-19
1023.90576171875,BAJFINANCE.NS,2026-02-20
1024.700927734375,BAJFINANCE.NS,2026-02-23
1017.2964477539062,BAJFINANCE.NS,2026-02-24
1014.8117065429688,BAJFINANCE.NS,2026-02-25
1006.76123046875,BAJFINANCE.NS,2026-02-26
989.8154296875,BAJFINANCE.NS,2026-02-27
972.2732543945312,BAJFINANCE.NS,2026-03-02
939.3257446289062,BAJFINANCE.NS,2026-03-04
956.5200805664062,BAJFINANCE.NS,2026-03-05
944.3945922851562,BAJFINANCE.NS,2026-03-06
932.31884765625,BAJFINANCE.NS,2026-03-09
934.05810546875,BAJFINANCE.NS,2026-03-10
888.1901245117188,BAJFINANCE.NS,2026-03-11
857.8267211914062,BAJFINANCE.NS,2026-03-12
849.825927734375,BAJFINANCE.NS,2026-03-13
872.7848510742188,BAJFINANCE.NS,2026-03-16
863.2931518554688,BAJFINANCE.NS,2026-03-17
874.7228393554688,BAJFINANCE.NS,2026-03-18
827.1155395507812,BAJFINANCE.NS,2026-03-19
825.4755859375,BAJFINANCE.NS,2026-03-20
807.63525390625,BAJFINANCE.NS,2026-03-23
843.8129272460938,BAJFINANCE.NS,2026-03-24
877.356689453125,BAJFINANCE.NS,2026-03-25
838.6446533203125,BAJFINANCE.NS,2026-03-27
796.6527709960938,BAJFINANCE.NS,2026-03-30
812.3065795898438,BAJFINANCE.NS,2026-04-01
821.7982177734375,BAJFINANCE.NS,2026-04-02
845.6515502929688,BAJFINANCE.NS,2026-04-06
849.8756103515625,BAJFINANCE.NS,2026-04-07
909.4593505859375,BAJFINANCE.NS,2026-04-08
897.7314453125,BAJFINANCE.NS,2026-04-09
918.9013061523438,BAJFINANCE.NS,2026-04-10
893.457763671875,BAJFINANCE.NS,2026-04-13
907.5709838867188,BAJFINANCE.NS,2026-04-15
900.3652954101562,BAJFINANCE.NS,2026-04-16
902.700927734375,BAJFINANCE.NS,2026-04-17
912.1428833007812,BAJFINANCE.NS,2026-04-20
933.1139526367188,BAJFINANCE.NS,2026-04-21
929.0390014648438,BAJFINANCE.NS,2026-04-22
912.7391967773438,BAJFINANCE.NS,2026-04-23
915.9196166992188,BAJFINANCE.NS,2026-04-24
916.1680908203125,BAJFINANCE.NS,2026-04-27
918.0068359375,BAJFINANCE.NS,2026-04-28
924.3179931640625,BAJFINANCE.NS,2026-04-29
931.2752685546875,BAJFINANCE.NS,2026-04-30
931.2752685546875,BAJFINANCE.NS,2026-05-01
944.3945922851562,BAJFINANCE.NS,2026-05-04
952.7432861328125,BAJFINANCE.NS,2026-05-05
974.7579345703125,BAJFINANCE.NS,2026-05-06
966.8068237304688,BAJFINANCE.NS,2026-05-07
949.5131225585938,BAJFINANCE.NS,2026-05-08
930.3310546875,BAJFINANCE.NS,2026-05-11
898.6756591796875,BAJFINANCE.NS,2026-05-12
890.6748657226562,BAJFINANCE.NS,2026-05-13
906.5770874023438,BAJFINANCE.NS,2026-05-14
904.887451171875,BAJFINANCE.NS,2026-05-15
915.4723510742188,BAJFINANCE.NS,2026-05-18
917.9074096679688,BAJFINANCE.NS,2026-05-19
917.4601440429688,BAJFINANCE.NS,2026-05-20
902.1046142578125,BAJFINANCE.NS,2026-05-21
910.9501953125,BAJFINANCE.NS,2026-05-22
936.1453247070312,BAJFINANCE.NS,2026-05-25
924.5167846679688,BAJFINANCE.NS,2026-05-26
925.4609985351562,BAJFINANCE.NS,2026-05-27
925.4609985351562,BAJFINANCE.NS,2026-05-28
902.700927734375,BAJFINANCE.NS,2026-05-29
883.6182250976562,BAJFINANCE.NS,2026-06-01
876.6112670898438,BAJFINANCE.NS,2026-06-02
871.4430541992188,BAJFINANCE.NS,2026-06-03
869.0577392578125,BAJFINANCE.NS,2026-06-04
883.9661254882812,BAJFINANCE.NS,2026-06-05
865.77783203125,BAJFINANCE.NS,2026-06-08
881.4813842773438,BAJFINANCE.NS,2026-06-09
878.6984252929688,BAJFINANCE.NS,2026-06-10
865.231201171875,BAJFINANCE.NS,2026-06-11
912.6895141601562,BAJFINANCE.NS,2026-06-12
936.5428466796875,BAJFINANCE.NS,2026-06-15
953.786865234375,BAJFINANCE.NS,2026-06-16
952.5445556640625,BAJFINANCE.NS,2026-06-17
952.9917602539062,BAJFINANCE.NS,2026-06-18
955.9237060546875,BAJFINANCE.NS,2026-06-19
962.384033203125,BAJFINANCE.NS,2026-06-22
956.5200805664062,BAJFINANCE.NS,2026-06-23
984.8956298828125,BAJFINANCE.NS,2026-06-24
974.4100952148438,BAJFINANCE.NS,2026-06-25
974.4100952148438,BAJFINANCE.NS,2026-06-26
976.0499877929688,BAJFINANCE.NS,2026-06-29
1063.41845703125,SBILIFE.NS,2022-05-20
1068.5303955078125,SBILIFE.NS,2022-05-23
1065.4532470703125,SBILIFE.NS,2022-05-24
1087.885986328125,SBILIFE.NS,2022-05-25
1097.1666259765625,SBILIFE.NS,2022-05-26
1112.800048828125,SBILIFE.NS,2022-05-27
1139.89794921875,SBILIFE.NS,2022-05-30
1165.45751953125,SBILIFE.NS,2022-05-31
1144.2158203125,SBILIFE.NS,2022-06-01
1135.2823486328125,SBILIFE.NS,2022-06-02
1132.70166015625,SBILIFE.NS,2022-06-03
1133.54541015625,SBILIFE.NS,2022-06-06
1125.9024658203125,SBILIFE.NS,2022-06-07
1127.639404296875,SBILIFE.NS,2022-06-08
1155.0845947265625,SBILIFE.NS,2022-06-09
1146.3499755859375,SBILIFE.NS,2022-06-10
1125.306884765625,SBILIFE.NS,2022-06-13
1123.7186279296875,SBILIFE.NS,2022-06-14
1117.415771484375,SBILIFE.NS,2022-06-15
1096.9681396484375,SBILIFE.NS,2022-06-16
1074.0887451171875,SBILIFE.NS,2022-06-17
1067.9842529296875,SBILIFE.NS,2022-06-20
1088.2333984375,SBILIFE.NS,2022-06-21
1062.525146484375,SBILIFE.NS,2022-06-22
1065.9000244140625,SBILIFE.NS,2022-06-23
1070.565185546875,SBILIFE.NS,2022-06-24
1076.5206298828125,SBILIFE.NS,2022-06-27
1070.06884765625,SBILIFE.NS,2022-06-28
1059.7459716796875,SBILIFE.NS,2022-06-29
1073.592529296875,SBILIFE.NS,2022-06-30
1091.70751953125,SBILIFE.NS,2022-07-01
1109.375732421875,SBILIFE.NS,2022-07-04
1102.77490234375,SBILIFE.NS,2022-07-05
1107.837158203125,SBILIFE.NS,2022-07-06
1116.274169921875,SBILIFE.NS,2022-07-07
1138.4090576171875,SBILIFE.NS,2022-07-08
1138.905517578125,SBILIFE.NS,2022-07-11
1131.31201171875,SBILIFE.NS,2022-07-12
1131.4112548828125,SBILIFE.NS,2022-07-13
1130.517822265625,SBILIFE.NS,2022-07-14
1146.895751953125,SBILIFE.NS,2022-07-15
1168.4351806640625,SBILIFE.NS,2022-07-18
1161.288330078125,SBILIFE.NS,2022-07-19
1177.269287109375,SBILIFE.NS,2022-07-20
1159.8988037109375,SBILIFE.NS,2022-07-21
1156.325439453125,SBILIFE.NS,2022-07-22
1136.4735107421875,SBILIFE.NS,2022-07-25
1129.7735595703125,SBILIFE.NS,2022-07-26
1140.8409423828125,SBILIFE.NS,2022-07-27
1182.6292724609375,SBILIFE.NS,2022-07-28
1284.8172607421875,SBILIFE.NS,2022-07-29
1303.5772705078125,SBILIFE.NS,2022-08-01
1275.6851806640625,SBILIFE.NS,2022-08-02
1274.047607421875,SBILIFE.NS,2022-08-03
1269.33251953125,SBILIFE.NS,2022-08-04
1257.2724609375,SBILIFE.NS,2022-08-05
1260.49853515625,SBILIFE.NS,2022-08-08
1263.7740478515625,SBILIFE.NS,2022-08-10
1252.16064453125,SBILIFE.NS,2022-08-11
1277.0252685546875,SBILIFE.NS,2022-08-12
1299.904541015625,SBILIFE.NS,2022-08-16
1295.68603515625,SBILIFE.NS,2022-08-17
1314.3963623046875,SBILIFE.NS,2022-08-18
1287.34814453125,SBILIFE.NS,2022-08-19
1266.55322265625,SBILIFE.NS,2022-08-22
1269.779296875,SBILIFE.NS,2022-08-23
1277.9681396484375,SBILIFE.NS,2022-08-24
1287.3978271484375,SBILIFE.NS,2022-08-25
1303.97412109375,SBILIFE.NS,2022-08-26
1288.5889892578125,SBILIFE.NS,2022-08-29
1319.26025390625,SBILIFE.NS,2022-08-30
1286.9510498046875,SBILIFE.NS,2022-09-01
1278.6630859375,SBILIFE.NS,2022-09-02
1283.824462890625,SBILIFE.NS,2022-09-05
1301.6414794921875,SBILIFE.NS,2022-09-06
1321.692138671875,SBILIFE.NS,2022-09-07
1307.944580078125,SBILIFE.NS,2022-09-08
1287.8443603515625,SBILIFE.NS,2022-09-09
1296.3311767578125,SBILIFE.NS,2022-09-12
1314.594970703125,SBILIFE.NS,2022-09-13
1293.6512451171875,SBILIFE.NS,2022-09-14
1285.41259765625,SBILIFE.NS,2022-09-15
1262.8310546875,SBILIFE.NS,2022-09-16
1293.6512451171875,SBILIFE.NS,2022-09-19
1299.6068115234375,SBILIFE.NS,2022-09-20
1296.62890625,SBILIFE.NS,2022-09-21
1275.9830322265625,SBILIFE.NS,2022-09-22
1263.575439453125,SBILIFE.NS,2022-09-23
1250.473388671875,SBILIFE.NS,2022-09-26
1233.1029052734375,SBILIFE.NS,2022-09-27
1229.6287841796875,SBILIFE.NS,2022-09-28
1230.6214599609375,SBILIFE.NS,2022-09-29
1241.1925048828125,SBILIFE.NS,2022-09-30
1228.0902099609375,SBILIFE.NS,2022-10-03
1251.3170166015625,SBILIFE.NS,2022-10-04
1235.9317626953125,SBILIFE.NS,2022-10-06
1233.99609375,SBILIFE.NS,2022-10-07
1230.125,SBILIFE.NS,2022-10-10
1197.4189453125,SBILIFE.NS,2022-10-11
1203.2255859375,SBILIFE.NS,2022-10-12
1179.1055908203125,SBILIFE.NS,2022-10-13
1171.0655517578125,SBILIFE.NS,2022-10-14
1180.991455078125,SBILIFE.NS,2022-10-17
1210.0250244140625,SBILIFE.NS,2022-10-18
1218.0152587890625,SBILIFE.NS,2022-10-19
1213.89599609375,SBILIFE.NS,2022-10-20
1237.122802734375,SBILIFE.NS,2022-10-21
1248.28955078125,SBILIFE.NS,2022-10-24
1245.5599365234375,SBILIFE.NS,2022-10-25
1243.6243896484375,SBILIFE.NS,2022-10-27
1243.5250244140625,SBILIFE.NS,2022-10-28
1256.5777587890625,SBILIFE.NS,2022-10-31
1259.3570556640625,SBILIFE.NS,2022-11-01
1263.2281494140625,SBILIFE.NS,2022-11-02
1266.6031494140625,SBILIFE.NS,2022-11-03
1256.2303466796875,SBILIFE.NS,2022-11-04
1269.1837158203125,SBILIFE.NS,2022-11-07
1254.443603515625,SBILIFE.NS,2022-11-09
1229.18212890625,SBILIFE.NS,2022-11-10
1240.9940185546875,SBILIFE.NS,2022-11-11
1239.3560791015625,SBILIFE.NS,2022-11-14
1249.9769287109375,SBILIFE.NS,2022-11-15
1245.609619140625,SBILIFE.NS,2022-11-16
1245.0634765625,SBILIFE.NS,2022-11-17
1233.549560546875,SBILIFE.NS,2022-11-18
1217.51904296875,SBILIFE.NS,2022-11-21
1219.950927734375,SBILIFE.NS,2022-11-22
1217.221435546875,SBILIFE.NS,2022-11-23
1231.4649658203125,SBILIFE.NS,2022-11-24
1226.1051025390625,SBILIFE.NS,2022-11-25
1244.219970703125,SBILIFE.NS,2022-11-28
1249.083740234375,SBILIFE.NS,2022-11-29
1273.4022216796875,SBILIFE.NS,2022-11-30
1281.194091796875,SBILIFE.NS,2022-12-01
1285.5615234375,SBILIFE.NS,2022-12-02
1275.0400390625,SBILIFE.NS,2022-12-05
1275.5859375,SBILIFE.NS,2022-12-06
1252.7066650390625,SBILIFE.NS,2022-12-07
1257.4710693359375,SBILIFE.NS,2022-12-08
1260.2503662109375,SBILIFE.NS,2022-12-09
1253.8480224609375,SBILIFE.NS,2022-12-12
1268.340087890625,SBILIFE.NS,2022-12-13
1260.349609375,SBILIFE.NS,2022-12-14
1264.0718994140625,SBILIFE.NS,2022-12-15
1244.865234375,SBILIFE.NS,2022-12-16
1258.1162109375,SBILIFE.NS,2022-12-19
1222.1346435546875,SBILIFE.NS,2022-12-20
1225.211669921875,SBILIFE.NS,2022-12-21
1235.53466796875,SBILIFE.NS,2022-12-22
1215.5338134765625,SBILIFE.NS,2022-12-23
1234.0955810546875,SBILIFE.NS,2022-12-26
1231.8621826171875,SBILIFE.NS,2022-12-27
1232.854736328125,SBILIFE.NS,2022-12-28
1249.2821044921875,SBILIFE.NS,2022-12-29
1222.1842041015625,SBILIFE.NS,2022-12-30
1230.8695068359375,SBILIFE.NS,2023-01-02
1259.0096435546875,SBILIFE.NS,2023-01-03
1249.7288818359375,SBILIFE.NS,2023-01-04
1258.2652587890625,SBILIFE.NS,2023-01-05
1259.65478515625,SBILIFE.NS,2023-01-06
1296.6785888671875,SBILIFE.NS,2023-01-09
1292.9564208984375,SBILIFE.NS,2023-01-10
1281.7401123046875,SBILIFE.NS,2023-01-11
1305.95947265625,SBILIFE.NS,2023-01-12
1303.2298583984375,SBILIFE.NS,2023-01-13
1291.26904296875,SBILIFE.NS,2023-01-16
1288.8370361328125,SBILIFE.NS,2023-01-17
1300.9468994140625,SBILIFE.NS,2023-01-18
1313.3045654296875,SBILIFE.NS,2023-01-19
1286.5045166015625,SBILIFE.NS,2023-01-20
1285.8096923828125,SBILIFE.NS,2023-01-23
1263.82373046875,SBILIFE.NS,2023-01-24
1248.1405029296875,SBILIFE.NS,2023-01-25
1240.9940185546875,SBILIFE.NS,2023-01-27
1224.318359375,SBILIFE.NS,2023-01-30
1210.521240234375,SBILIFE.NS,2023-01-31
1101.186767578125,SBILIFE.NS,2023-02-01
1099.30078125,SBILIFE.NS,2023-02-02
1129.6246337890625,SBILIFE.NS,2023-02-03
1129.97216796875,SBILIFE.NS,2023-02-06
1123.3712158203125,SBILIFE.NS,2023-02-07
1155.8787841796875,SBILIFE.NS,2023-02-08
1171.710693359375,SBILIFE.NS,2023-02-09
1175.7305908203125,SBILIFE.NS,2023-02-10
1170.3707275390625,SBILIFE.NS,2023-02-13
1153.0994873046875,SBILIFE.NS,2023-02-14
1171.6114501953125,SBILIFE.NS,2023-02-15
1165.40771484375,SBILIFE.NS,2023-02-16
1141.1883544921875,SBILIFE.NS,2023-02-17
1149.823974609375,SBILIFE.NS,2023-02-20
1141.83349609375,SBILIFE.NS,2023-02-21
1122.7757568359375,SBILIFE.NS,2023-02-22
1126.994140625,SBILIFE.NS,2023-02-23
1113.7431640625,SBILIFE.NS,2023-02-24
1120.7904052734375,SBILIFE.NS,2023-02-27
1112.700927734375,SBILIFE.NS,2023-02-28
1109.8719482421875,SBILIFE.NS,2023-03-01
1092.0052490234375,SBILIFE.NS,2023-03-02
1120.8897705078125,SBILIFE.NS,2023-03-03
1120.34375,SBILIFE.NS,2023-03-06
1120.840087890625,SBILIFE.NS,2023-03-08
1088.5806884765625,SBILIFE.NS,2023-03-09
1087.786865234375,SBILIFE.NS,2023-03-10
1064.56005859375,SBILIFE.NS,2023-03-13
1069.1258544921875,SBILIFE.NS,2023-03-14
1059.1502685546875,SBILIFE.NS,2023-03-15
1057.2598876953125,SBILIFE.NS,2023-03-16
1066.16455078125,SBILIFE.NS,2023-03-17
1068.6517333984375,SBILIFE.NS,2023-03-20
1092.1319580078125,SBILIFE.NS,2023-03-21
1107.453857421875,SBILIFE.NS,2023-03-22
1112.975830078125,SBILIFE.NS,2023-03-23
1106.5584716796875,SBILIFE.NS,2023-03-24
1093.7239990234375,SBILIFE.NS,2023-03-27
1085.7645263671875,SBILIFE.NS,2023-03-28
1093.126953125,SBILIFE.NS,2023-03-29
1095.514892578125,SBILIFE.NS,2023-03-31
1098.201171875,SBILIFE.NS,2023-04-03
1099.9422607421875,SBILIFE.NS,2023-04-05
1110.5880126953125,SBILIFE.NS,2023-04-06
1100.638671875,SBILIFE.NS,2023-04-10
1107.00634765625,SBILIFE.NS,2023-04-11
1121.1341552734375,SBILIFE.NS,2023-04-12
1124.5169677734375,SBILIFE.NS,2023-04-13
1139.5404052734375,SBILIFE.NS,2023-04-17
1139.739501953125,SBILIFE.NS,2023-04-18
1117.7017822265625,SBILIFE.NS,2023-04-19
1123.1241455078125,SBILIFE.NS,2023-04-20
1100.937255859375,SBILIFE.NS,2023-04-21
1100.0914306640625,SBILIFE.NS,2023-04-24
1100.24072265625,SBILIFE.NS,2023-04-25
1112.6275634765625,SBILIFE.NS,2023-04-26
1131.282470703125,SBILIFE.NS,2023-04-27
1134.3170166015625,SBILIFE.NS,2023-04-28
1145.062255859375,SBILIFE.NS,2023-05-02
1131.13330078125,SBILIFE.NS,2023-05-03
1161.5281982421875,SBILIFE.NS,2023-05-04
1167.74658203125,SBILIFE.NS,2023-05-05
1176.3526611328125,SBILIFE.NS,2023-05-08
1177.1485595703125,SBILIFE.NS,2023-05-09
1182.77001953125,SBILIFE.NS,2023-05-10
1179.38720703125,SBILIFE.NS,2023-05-11
1181.0289306640625,SBILIFE.NS,2023-05-12
1183.416748046875,SBILIFE.NS,2023-05-15
1174.760986328125,SBILIFE.NS,2023-05-16
1156.702880859375,SBILIFE.NS,2023-05-17
1146.8531494140625,SBILIFE.NS,2023-05-18
1148.295654296875,SBILIFE.NS,2023-05-19
1144.9627685546875,SBILIFE.NS,2023-05-22
1159.6876220703125,SBILIFE.NS,2023-05-23
1169.38818359375,SBILIFE.NS,2023-05-24
1171.3780517578125,SBILIFE.NS,2023-05-25
1189.6846923828125,SBILIFE.NS,2023-05-26
1211.92138671875,SBILIFE.NS,2023-05-29
1209.732421875,SBILIFE.NS,2023-05-30
1228.7357177734375,SBILIFE.NS,2023-05-31
1201.6239013671875,SBILIFE.NS,2023-06-01
1196.4005126953125,SBILIFE.NS,2023-06-02
1209.235107421875,SBILIFE.NS,2023-06-05
1216.7965087890625,SBILIFE.NS,2023-06-06
1239.4808349609375,SBILIFE.NS,2023-06-07
1232.6158447265625,SBILIFE.NS,2023-06-08
1226.1488037109375,SBILIFE.NS,2023-06-09
1232.6158447265625,SBILIFE.NS,2023-06-12
1236.9935302734375,SBILIFE.NS,2023-06-13
1235.998779296875,SBILIFE.NS,2023-06-14
1234.8045654296875,SBILIFE.NS,2023-06-15
1274.8505859375,SBILIFE.NS,2023-06-16
1274.0047607421875,SBILIFE.NS,2023-06-19
1288.779541015625,SBILIFE.NS,2023-06-20
1288.3814697265625,SBILIFE.NS,2023-06-21
1270.025146484375,SBILIFE.NS,2023-06-22
1256.2950439453125,SBILIFE.NS,2023-06-23
1259.9266357421875,SBILIFE.NS,2023-06-26
1279.875,SBILIFE.NS,2023-06-27
1293.306396484375,SBILIFE.NS,2023-06-28
1300.27099609375,SBILIFE.NS,2023-06-30
1291.3662109375,SBILIFE.NS,2023-07-03
1282.71044921875,SBILIFE.NS,2023-07-04
1284.9989013671875,SBILIFE.NS,2023-07-05
1286.3917236328125,SBILIFE.NS,2023-07-06
1287.4364013671875,SBILIFE.NS,2023-07-07
1286.739990234375,SBILIFE.NS,2023-07-10
1288.4312744140625,SBILIFE.NS,2023-07-11
1294.0028076171875,SBILIFE.NS,2023-07-12
1307.2850341796875,SBILIFE.NS,2023-07-13
1313.60302734375,SBILIFE.NS,2023-07-14
1307.8323974609375,SBILIFE.NS,2023-07-17
1307.8822021484375,SBILIFE.NS,2023-07-18
1303.8028564453125,SBILIFE.NS,2023-07-19
1307.384765625,SBILIFE.NS,2023-07-20
1284.153076171875,SBILIFE.NS,2023-07-21
1310.468994140625,SBILIFE.NS,2023-07-24
1294.5003662109375,SBILIFE.NS,2023-07-25
1286.09326171875,SBILIFE.NS,2023-07-26
1289.9237060546875,SBILIFE.NS,2023-07-27
1283.2080078125,SBILIFE.NS,2023-07-28
1275.646484375,SBILIFE.NS,2023-07-31
1273.45751953125,SBILIFE.NS,2023-08-01
1255.8472900390625,SBILIFE.NS,2023-08-02
1247.3905029296875,SBILIFE.NS,2023-08-03
1261.46875,SBILIFE.NS,2023-08-04
1295.943115234375,SBILIFE.NS,2023-08-07
1342.505615234375,SBILIFE.NS,2023-08-08
1342.505615234375,SBILIFE.NS,2023-08-09
1327.5816650390625,SBILIFE.NS,2023-08-10
1304.8475341796875,SBILIFE.NS,2023-08-11
1290.520751953125,SBILIFE.NS,2023-08-14
1284.750244140625,SBILIFE.NS,2023-08-16
1277.9346923828125,SBILIFE.NS,2023-08-17
1275.9449462890625,SBILIFE.NS,2023-08-18
1272.064697265625,SBILIFE.NS,2023-08-21
1280.22314453125,SBILIFE.NS,2023-08-22
1293.6546630859375,SBILIFE.NS,2023-08-23
1287.187744140625,SBILIFE.NS,2023-08-24
1289.8243408203125,SBILIFE.NS,2023-08-25
1284.9989013671875,SBILIFE.NS,2023-08-28
1290.6201171875,SBILIFE.NS,2023-08-29
1294.0028076171875,SBILIFE.NS,2023-08-30
1285.99365234375,SBILIFE.NS,2023-08-31
1313.851806640625,SBILIFE.NS,2023-09-01
1321.6121826171875,SBILIFE.NS,2023-09-04
1302.8079833984375,SBILIFE.NS,2023-09-05
1313.1055908203125,SBILIFE.NS,2023-09-06
1340.6650390625,SBILIFE.NS,2023-09-07
1334.6456298828125,SBILIFE.NS,2023-09-08
1343.3016357421875,SBILIFE.NS,2023-09-11
1339.6700439453125,SBILIFE.NS,2023-09-12
1338.6751708984375,SBILIFE.NS,2023-09-13
1345.8883056640625,SBILIFE.NS,2023-09-14
1365.6875,SBILIFE.NS,2023-09-15
1366.73193359375,SBILIFE.NS,2023-09-18
1338.376708984375,SBILIFE.NS,2023-09-20
1327.4324951171875,SBILIFE.NS,2023-09-21
1312.1602783203125,SBILIFE.NS,2023-09-22
1287.5855712890625,SBILIFE.NS,2023-09-25
1283.1580810546875,SBILIFE.NS,2023-09-26
1294.4007568359375,SBILIFE.NS,2023-09-27
1282.8597412109375,SBILIFE.NS,2023-09-28
1298.7786865234375,SBILIFE.NS,2023-09-29
1285.894287109375,SBILIFE.NS,2023-10-03
1264.10546875,SBILIFE.NS,2023-10-04
1267.9854736328125,SBILIFE.NS,2023-10-05
1276.4422607421875,SBILIFE.NS,2023-10-06
1270.7713623046875,SBILIFE.NS,2023-10-09
1295.4456787109375,SBILIFE.NS,2023-10-10
1302.7086181640625,SBILIFE.NS,2023-10-11
1306.9866943359375,SBILIFE.NS,2023-10-12
1309.7724609375,SBILIFE.NS,2023-10-13
1315.4932861328125,SBILIFE.NS,2023-10-16
1341.5107421875,SBILIFE.NS,2023-10-17
1349.4700927734375,SBILIFE.NS,2023-10-18
1341.311767578125,SBILIFE.NS,2023-10-19
1355.73828125,SBILIFE.NS,2023-10-20
1331.6112060546875,SBILIFE.NS,2023-10-23
1307.484130859375,SBILIFE.NS,2023-10-25
1298.9775390625,SBILIFE.NS,2023-10-26
1296.291259765625,SBILIFE.NS,2023-10-27
1319.472900390625,SBILIFE.NS,2023-10-30
1360.9117431640625,SBILIFE.NS,2023-10-31
1329.2730712890625,SBILIFE.NS,2023-11-01
1336.685302734375,SBILIFE.NS,2023-11-02
1322.6070556640625,SBILIFE.NS,2023-11-03
1325.0943603515625,SBILIFE.NS,2023-11-06
1334.0487060546875,SBILIFE.NS,2023-11-07
1338.6751708984375,SBILIFE.NS,2023-11-08
1343.8486328125,SBILIFE.NS,2023-11-09
1348.52490234375,SBILIFE.NS,2023-11-10
1321.6121826171875,SBILIFE.NS,2023-11-13
1350.21630859375,SBILIFE.NS,2023-11-15
1353.0517578125,SBILIFE.NS,2023-11-16
1406.77783203125,SBILIFE.NS,2023-11-17
1378.2733154296875,SBILIFE.NS,2023-11-20
1416.4288330078125,SBILIFE.NS,2023-11-21
1422.8460693359375,SBILIFE.NS,2023-11-22
1403.7930908203125,SBILIFE.NS,2023-11-23
1402.549560546875,SBILIFE.NS,2023-11-24
1405.285400390625,SBILIFE.NS,2023-11-28
1400.708984375,SBILIFE.NS,2023-11-29
1427.969970703125,SBILIFE.NS,2023-11-30
1416.4288330078125,SBILIFE.NS,2023-12-01
1446.6248779296875,SBILIFE.NS,2023-12-04
1453.53955078125,SBILIFE.NS,2023-12-05
1443.3414306640625,SBILIFE.NS,2023-12-06
1448.365966796875,SBILIFE.NS,2023-12-07
1457.7679443359375,SBILIFE.NS,2023-12-08
1453.1912841796875,SBILIFE.NS,2023-12-11
1473.935546875,SBILIFE.NS,2023-12-12
1459.35986328125,SBILIFE.NS,2023-12-13
1462.3944091796875,SBILIFE.NS,2023-12-14
1445.1324462890625,SBILIFE.NS,2023-12-15
1439.610595703125,SBILIFE.NS,2023-12-18
1417.3243408203125,SBILIFE.NS,2023-12-19
1402.101806640625,SBILIFE.NS,2023-12-20
1396.629638671875,SBILIFE.NS,2023-12-21
1387.2276611328125,SBILIFE.NS,2023-12-22
1388.2225341796875,SBILIFE.NS,2023-12-26
1414.140380859375,SBILIFE.NS,2023-12-27
1428.019775390625,SBILIFE.NS,2023-12-28
1425.3333740234375,SBILIFE.NS,2023-12-29
1424.8358154296875,SBILIFE.NS,2024-01-01
1430.357666015625,SBILIFE.NS,2024-01-02
1415.4835205078125,SBILIFE.NS,2024-01-03
1424.33837890625,SBILIFE.NS,2024-01-04
1446.7740478515625,SBILIFE.NS,2024-01-05
1413.842041015625,SBILIFE.NS,2024-01-08
1441.998291015625,SBILIFE.NS,2024-01-09
1444.087646484375,SBILIFE.NS,2024-01-10
1420.5577392578125,SBILIFE.NS,2024-01-11
1428.019775390625,SBILIFE.NS,2024-01-12
1422.79638671875,SBILIFE.NS,2024-01-15
1401.6541748046875,SBILIFE.NS,2024-01-16
1413.94140625,SBILIFE.NS,2024-01-17
1397.7738037109375,SBILIFE.NS,2024-01-18
1433.2928466796875,SBILIFE.NS,2024-01-19
1368.52294921875,SBILIFE.NS,2024-01-23
1403.395263671875,SBILIFE.NS,2024-01-24
1373.8956298828125,SBILIFE.NS,2024-01-25
1411.2054443359375,SBILIFE.NS,2024-01-29
1391.90380859375,SBILIFE.NS,2024-01-30
1394.04296875,SBILIFE.NS,2024-01-31
1425.4825439453125,SBILIFE.NS,2024-02-01
1428.1688232421875,SBILIFE.NS,2024-02-02
1412.6480712890625,SBILIFE.NS,2024-02-05
1456.5740966796875,SBILIFE.NS,2024-02-06
1461.996337890625,SBILIFE.NS,2024-02-07
1451.649169921875,SBILIFE.NS,2024-02-08
1432.3973388671875,SBILIFE.NS,2024-02-09
1428.716064453125,SBILIFE.NS,2024-02-12
1460.15576171875,SBILIFE.NS,2024-02-13
1446.326171875,SBILIFE.NS,2024-02-14
1445.9781494140625,SBILIFE.NS,2024-02-15
1500.798583984375,SBILIFE.NS,2024-02-16
1481.2979736328125,SBILIFE.NS,2024-02-19
1505.872802734375,SBILIFE.NS,2024-02-20
1494.082763671875,SBILIFE.NS,2024-02-21
1501.9925537109375,SBILIFE.NS,2024-02-22
1521.3936767578125,SBILIFE.NS,2024-02-23
1541.292236328125,SBILIFE.NS,2024-02-26
1534.8748779296875,SBILIFE.NS,2024-02-27
1532.3875732421875,SBILIFE.NS,2024-02-28
1544.6749267578125,SBILIFE.NS,2024-02-29
1534.32763671875,SBILIFE.NS,2024-03-01
1510.25048828125,SBILIFE.NS,2024-03-04
1483.6859130859375,SBILIFE.NS,2024-03-05
1512.6881103515625,SBILIFE.NS,2024-03-06
1502.73876953125,SBILIFE.NS,2024-03-07
1524.32861328125,SBILIFE.NS,2024-03-11
1508.708251953125,SBILIFE.NS,2024-03-12
1479.8055419921875,SBILIFE.NS,2024-03-13
1498.211669921875,SBILIFE.NS,2024-03-14
1495.0721435546875,SBILIFE.NS,2024-03-15
1484.805908203125,SBILIFE.NS,2024-03-18
1456.549072265625,SBILIFE.NS,2024-03-19
1453.60888671875,SBILIFE.NS,2024-03-20
1463.2271728515625,SBILIFE.NS,2024-03-21
1496.16845703125,SBILIFE.NS,2024-03-22
1481.5169677734375,SBILIFE.NS,2024-03-26
1474.6893310546875,SBILIFE.NS,2024-03-27
1495.3214111328125,SBILIFE.NS,2024-03-28
1485.05517578125,SBILIFE.NS,2024-04-01
1465.7686767578125,SBILIFE.NS,2024-04-02
1456.0010986328125,SBILIFE.NS,2024-04-03
1458.9412841796875,SBILIFE.NS,2024-04-04
1480.4205322265625,SBILIFE.NS,2024-04-05
1513.8104248046875,SBILIFE.NS,2024-04-08
1505.5875244140625,SBILIFE.NS,2024-04-09
1498.4111328125,SBILIFE.NS,2024-04-10
1488.2447509765625,SBILIFE.NS,2024-04-12
1462.0809326171875,SBILIFE.NS,2024-04-15
1457.944580078125,SBILIFE.NS,2024-04-16
1452.1634521484375,SBILIFE.NS,2024-04-18
1442.79443359375,SBILIFE.NS,2024-04-19
1470.5531005859375,SBILIFE.NS,2024-04-22
1465.021240234375,SBILIFE.NS,2024-04-23
1455.25341796875,SBILIFE.NS,2024-04-24
1439.7047119140625,SBILIFE.NS,2024-04-25
1410.6005859375,SBILIFE.NS,2024-04-26
1417.67724609375,SBILIFE.NS,2024-04-29
1431.83056640625,SBILIFE.NS,2024-04-30
1456.1007080078125,SBILIFE.NS,2024-05-02
1438.508544921875,SBILIFE.NS,2024-05-03
1435.8671875,SBILIFE.NS,2024-05-06
1445.385986328125,SBILIFE.NS,2024-05-07
1422.0628662109375,SBILIFE.NS,2024-05-08
1417.72705078125,SBILIFE.NS,2024-05-09
1427.2457275390625,SBILIFE.NS,2024-05-10
1420.418212890625,SBILIFE.NS,2024-05-13
1428.142822265625,SBILIFE.NS,2024-05-14
1425.40185546875,SBILIFE.NS,2024-05-15
1447.4290771484375,SBILIFE.NS,2024-05-16
1429.48828125,SBILIFE.NS,2024-05-17
1424.953369140625,SBILIFE.NS,2024-05-21
1422.7108154296875,SBILIFE.NS,2024-05-22
1442.0469970703125,SBILIFE.NS,2024-05-23
1431.5316162109375,SBILIFE.NS,2024-05-24
1405.567138671875,SBILIFE.NS,2024-05-27
1445.9840087890625,SBILIFE.NS,2024-05-28
1408.1588134765625,SBILIFE.NS,2024-05-29
1375.5162353515625,SBILIFE.NS,2024-05-30
1381.845458984375,SBILIFE.NS,2024-05-31
1386.9287109375,SBILIFE.NS,2024-06-03
1334.45166015625,SBILIFE.NS,2024-06-04
1385.533203125,SBILIFE.NS,2024-06-05
1438.1099853515625,SBILIFE.NS,2024-06-06
1421.165771484375,SBILIFE.NS,2024-06-07
1427.5946044921875,SBILIFE.NS,2024-06-10
1423.358642578125,SBILIFE.NS,2024-06-11
1447.927490234375,SBILIFE.NS,2024-06-12
1445.1368408203125,SBILIFE.NS,2024-06-13
1465.071044921875,SBILIFE.NS,2024-06-14
1468.7091064453125,SBILIFE.NS,2024-06-18
1444.4390869140625,SBILIFE.NS,2024-06-19
1450.7183837890625,SBILIFE.NS,2024-06-20
1459.340087890625,SBILIFE.NS,2024-06-21
1447.9774169921875,SBILIFE.NS,2024-06-24
1457.197021484375,SBILIFE.NS,2024-06-25
1446.1334228515625,SBILIFE.NS,2024-06-26
1458.6422119140625,SBILIFE.NS,2024-06-27
1487.0484619140625,SBILIFE.NS,2024-06-28
1496.9161376953125,SBILIFE.NS,2024-07-01
1489.989013671875,SBILIFE.NS,2024-07-02
1491.43408203125,SBILIFE.NS,2024-07-03
1502.7967529296875,SBILIFE.NS,2024-07-04
1524.3756103515625,SBILIFE.NS,2024-07-05
1509.9730224609375,SBILIFE.NS,2024-07-08
1519.7408447265625,SBILIFE.NS,2024-07-09
1553.6790771484375,SBILIFE.NS,2024-07-10
1553.6790771484375,SBILIFE.NS,2024-07-11
1557.7156982421875,SBILIFE.NS,2024-07-12
1608.1494140625,SBILIFE.NS,2024-07-15
1616.0235595703125,SBILIFE.NS,2024-07-16
1654.3472900390625,SBILIFE.NS,2024-07-18
1642.286865234375,SBILIFE.NS,2024-07-19
1615.82421875,SBILIFE.NS,2024-07-22
1589.6104736328125,SBILIFE.NS,2024-07-23
1627.5853271484375,SBILIFE.NS,2024-07-24
1689.830322265625,SBILIFE.NS,2024-07-25
1745.19775390625,SBILIFE.NS,2024-07-26
1740.961669921875,SBILIFE.NS,2024-07-29
1715.39599609375,SBILIFE.NS,2024-07-30
1747.888916015625,SBILIFE.NS,2024-07-31
1761.4442138671875,SBILIFE.NS,2024-08-01
1739.167724609375,SBILIFE.NS,2024-08-02
1716.5421142578125,SBILIFE.NS,2024-08-05
1668.9989013671875,SBILIFE.NS,2024-08-06
1680.162109375,SBILIFE.NS,2024-08-07
1700.6944580078125,SBILIFE.NS,2024-08-08
1719.4326171875,SBILIFE.NS,2024-08-09
1699.3988037109375,SBILIFE.NS,2024-08-12
1676.873046875,SBILIFE.NS,2024-08-13
1686.541015625,SBILIFE.NS,2024-08-14
1683.3516845703125,SBILIFE.NS,2024-08-16
1666.05859375,SBILIFE.NS,2024-08-19
1755.5137939453125,SBILIFE.NS,2024-08-20
1794.6845703125,SBILIFE.NS,2024-08-21
1789.3521728515625,SBILIFE.NS,2024-08-22
1783.421875,SBILIFE.NS,2024-08-23
1790.3489990234375,SBILIFE.NS,2024-08-26
1832.9085693359375,SBILIFE.NS,2024-08-27
1837.6429443359375,SBILIFE.NS,2024-08-28
1837.6429443359375,SBILIFE.NS,2024-08-29
1844.221435546875,SBILIFE.NS,2024-08-30
1882.5450439453125,SBILIFE.NS,2024-09-02
1922.31396484375,SBILIFE.NS,2024-09-03
1905.91796875,SBILIFE.NS,2024-09-04
1901.582275390625,SBILIFE.NS,2024-09-05
1890.0703125,SBILIFE.NS,2024-09-06
1895.5023193359375,SBILIFE.NS,2024-09-09
1847.3609619140625,SBILIFE.NS,2024-09-10
1853.0423583984375,SBILIFE.NS,2024-09-11
1869.787109375,SBILIFE.NS,2024-09-12
1840.433837890625,SBILIFE.NS,2024-09-13
1815.266845703125,SBILIFE.NS,2024-09-16
1813.1737060546875,SBILIFE.NS,2024-09-17
1836.397216796875,SBILIFE.NS,2024-09-18
1834.902099609375,SBILIFE.NS,2024-09-19
1864.1058349609375,SBILIFE.NS,2024-09-20
1913.8419189453125,SBILIFE.NS,2024-09-23
1858.22509765625,SBILIFE.NS,2024-09-24
1857.4776611328125,SBILIFE.NS,2024-09-25
1892.063720703125,SBILIFE.NS,2024-09-26
1876.465087890625,SBILIFE.NS,2024-09-27
1837.9420166015625,SBILIFE.NS,2024-09-30
1828.1741943359375,SBILIFE.NS,2024-10-01
1799.618408203125,SBILIFE.NS,2024-10-03
1792.19287109375,SBILIFE.NS,2024-10-04
1782.076171875,SBILIFE.NS,2024-10-07
1722.3729248046875,SBILIFE.NS,2024-10-08
1731.6922607421875,SBILIFE.NS,2024-10-09
1728.8017578125,SBILIFE.NS,2024-10-10
1729.35009765625,SBILIFE.NS,2024-10-11
1732.58935546875,SBILIFE.NS,2024-10-14
1718.0870361328125,SBILIFE.NS,2024-10-15
1728.0543212890625,SBILIFE.NS,2024-10-16
1696.4085693359375,SBILIFE.NS,2024-10-17
1700.4453125,SBILIFE.NS,2024-10-18
1706.2261962890625,SBILIFE.NS,2024-10-21
1692.5712890625,SBILIFE.NS,2024-10-22
1710.3626708984375,SBILIFE.NS,2024-10-23
1629.927734375,SBILIFE.NS,2024-10-24
1611.4385986328125,SBILIFE.NS,2024-10-25
1600.6243896484375,SBILIFE.NS,2024-10-28
1655.89208984375,SBILIFE.NS,2024-10-29
1618.8143310546875,SBILIFE.NS,2024-10-30
1616.8209228515625,SBILIFE.NS,2024-10-31
1623.4989013671875,SBILIFE.NS,2024-11-01
1603.514892578125,SBILIFE.NS,2024-11-04
1627.83447265625,SBILIFE.NS,2024-11-05
1598.6806640625,SBILIFE.NS,2024-11-06
1584.626953125,SBILIFE.NS,2024-11-07
1564.792236328125,SBILIFE.NS,2024-11-08
1560.8553466796875,SBILIFE.NS,2024-11-11
1557.3170166015625,SBILIFE.NS,2024-11-12
1541.6187744140625,SBILIFE.NS,2024-11-13
1557.16748046875,SBILIFE.NS,2024-11-14
1557.466552734375,SBILIFE.NS,2024-11-18
1517.89697265625,SBILIFE.NS,2024-11-19
1473.0946044921875,SBILIFE.NS,2024-11-21
1480.27099609375,SBILIFE.NS,2024-11-22
1490.287841796875,SBILIFE.NS,2024-11-25
1501.7999267578125,SBILIFE.NS,2024-11-26
1500.454345703125,SBILIFE.NS,2024-11-27
1423.90673828125,SBILIFE.NS,2024-11-28
1433.0267333984375,SBILIFE.NS,2024-11-29
1417.3782958984375,SBILIFE.NS,2024-12-02
1436.216064453125,SBILIFE.NS,2024-12-03
1447.827880859375,SBILIFE.NS,2024-12-04
1427.14599609375,SBILIFE.NS,2024-12-05
1443.791259765625,SBILIFE.NS,2024-12-06
1464.4730224609375,SBILIFE.NS,2024-12-09
1457.0474853515625,SBILIFE.NS,2024-12-10
1451.3663330078125,SBILIFE.NS,2024-12-11
1427.7939453125,SBILIFE.NS,2024-12-12
1424.106201171875,SBILIFE.NS,2024-12-13
1416.9796142578125,SBILIFE.NS,2024-12-16
1405.06884765625,SBILIFE.NS,2024-12-17
1393.4073486328125,SBILIFE.NS,2024-12-18
1401.2813720703125,SBILIFE.NS,2024-12-19
1395.9986572265625,SBILIFE.NS,2024-12-20
1400.683349609375,SBILIFE.NS,2024-12-23
1382.443359375,SBILIFE.NS,2024-12-24
1404.4210205078125,SBILIFE.NS,2024-12-26
1400.683349609375,SBILIFE.NS,2024-12-27
1399.238037109375,SBILIFE.NS,2024-12-30
1385.832275390625,SBILIFE.NS,2024-12-31
1395.7994384765625,SBILIFE.NS,2025-01-01
1417.57763671875,SBILIFE.NS,2025-01-02
1442.9439697265625,SBILIFE.NS,2025-01-03
1429.9368896484375,SBILIFE.NS,2025-01-06
1472.895263671875,SBILIFE.NS,2025-01-07
1458.34326171875,SBILIFE.NS,2025-01-08
1463.6258544921875,SBILIFE.NS,2025-01-09
1473.443603515625,SBILIFE.NS,2025-01-10
1462.579345703125,SBILIFE.NS,2025-01-13
1494.3245849609375,SBILIFE.NS,2025-01-14
1467.9117431640625,SBILIFE.NS,2025-01-15
1508.62744140625,SBILIFE.NS,2025-01-16
1535.4390869140625,SBILIFE.NS,2025-01-17
1494.7730712890625,SBILIFE.NS,2025-01-20
1461.7320556640625,SBILIFE.NS,2025-01-21
1455.25341796875,SBILIFE.NS,2025-01-22
1445.0869140625,SBILIFE.NS,2025-01-23
1435.6680908203125,SBILIFE.NS,2025-01-24
1419.7205810546875,SBILIFE.NS,2025-01-27
1414.8365478515625,SBILIFE.NS,2025-01-28
1456.1007080078125,SBILIFE.NS,2025-01-29
1468.061279296875,SBILIFE.NS,2025-01-30
1478.7259521484375,SBILIFE.NS,2025-01-31
1449.5721435546875,SBILIFE.NS,2025-02-01
1455.1536865234375,SBILIFE.NS,2025-02-03
1467.5628662109375,SBILIFE.NS,2025-02-04
1464.3236083984375,SBILIFE.NS,2025-02-05
1460.286865234375,SBILIFE.NS,2025-02-06
1466.1175537109375,SBILIFE.NS,2025-02-07
1443.4422607421875,SBILIFE.NS,2025-02-10
1414.3382568359375,SBILIFE.NS,2025-02-11
1447.37939453125,SBILIFE.NS,2025-02-12
1465.6690673828125,SBILIFE.NS,2025-02-13
1460.6356201171875,SBILIFE.NS,2025-02-14
1471.350341796875,SBILIFE.NS,2025-02-17
1470.5030517578125,SBILIFE.NS,2025-02-18
1470.7523193359375,SBILIFE.NS,2025-02-19
1464.971435546875,SBILIFE.NS,2025-02-20
1490.4873046875,SBILIFE.NS,2025-02-21
1481.616455078125,SBILIFE.NS,2025-02-24
1466.9149169921875,SBILIFE.NS,2025-02-25
1464.9215087890625,SBILIFE.NS,2025-02-27
1425.8004150390625,SBILIFE.NS,2025-02-28
1403.8726806640625,SBILIFE.NS,2025-03-03
1388.5234375,SBILIFE.NS,2025-03-04
1416.03271484375,SBILIFE.NS,2025-03-05
1416.6307373046875,SBILIFE.NS,2025-03-06
1409.640380859375,SBILIFE.NS,2025-03-07
1417.4794921875,SBILIFE.NS,2025-03-10
1415.2825927734375,SBILIFE.NS,2025-03-11
1407.0440673828125,SBILIFE.NS,2025-03-12
1383.6265869140625,SBILIFE.NS,2025-03-13
1432.259033203125,SBILIFE.NS,2025-03-17
1432.259033203125,SBILIFE.NS,2025-03-18
1482.8387451171875,SBILIFE.NS,2025-03-19
1496.27001953125,SBILIFE.NS,2025-03-20
1544.2532958984375,SBILIFE.NS,2025-03-21
1567.620849609375,SBILIFE.NS,2025-03-24
1555.0382080078125,SBILIFE.NS,2025-03-25
1539.160400390625,SBILIFE.NS,2025-03-26
1542.75537109375,SBILIFE.NS,2025-03-27
1545.7012939453125,SBILIFE.NS,2025-03-28
1543.1048583984375,SBILIFE.NS,2025-04-01
1557.6845703125,SBILIFE.NS,2025-04-02
1540.1090087890625,SBILIFE.NS,2025-04-03
1510.500244140625,SBILIFE.NS,2025-04-04
1458.772216796875,SBILIFE.NS,2025-04-07
1485.934326171875,SBILIFE.NS,2025-04-08
1479.59326171875,SBILIFE.NS,2025-04-09
1519.787353515625,SBILIFE.NS,2025-04-11
1560.4307861328125,SBILIFE.NS,2025-04-15
1563.2269287109375,SBILIFE.NS,2025-04-16
1605.9674072265625,SBILIFE.NS,2025-04-17
1626.2393798828125,SBILIFE.NS,2025-04-21
1616.7525634765625,SBILIFE.NS,2025-04-22
1613.25732421875,SBILIFE.NS,2025-04-23
1605.9674072265625,SBILIFE.NS,2025-04-24
1692.746826171875,SBILIFE.NS,2025-04-25
1733.68994140625,SBILIFE.NS,2025-04-28
1727.6982421875,SBILIFE.NS,2025-04-29
1763.3487548828125,SBILIFE.NS,2025-04-30
1759.753662109375,SBILIFE.NS,2025-05-02
1767.443115234375,SBILIFE.NS,2025-05-05
1723.60400390625,SBILIFE.NS,2025-05-06
1742.0782470703125,SBILIFE.NS,2025-05-07
1729.0963134765625,SBILIFE.NS,2025-05-08
1697.4404296875,SBILIFE.NS,2025-05-09
1749.068603515625,SBILIFE.NS,2025-05-12
1737.5845947265625,SBILIFE.NS,2025-05-13
1752.763427734375,SBILIFE.NS,2025-05-14
1782.12255859375,SBILIFE.NS,2025-05-15
1770.938232421875,SBILIFE.NS,2025-05-16
1767.5428466796875,SBILIFE.NS,2025-05-19
1755.35986328125,SBILIFE.NS,2025-05-20
1761.451416015625,SBILIFE.NS,2025-05-21
1756.8577880859375,SBILIFE.NS,2025-05-22
1796.2030029296875,SBILIFE.NS,2025-05-23
1799.0989990234375,SBILIFE.NS,2025-05-26
1800.7967529296875,SBILIFE.NS,2025-05-27
1804.8909912109375,SBILIFE.NS,2025-05-28
1822.466552734375,SBILIFE.NS,2025-05-29
1809.684326171875,SBILIFE.NS,2025-05-30
1799.997802734375,SBILIFE.NS,2025-06-02
1772.8355712890625,SBILIFE.NS,2025-06-03
1773.4346923828125,SBILIFE.NS,2025-06-04
1772.3363037109375,SBILIFE.NS,2025-06-05
1778.128173828125,SBILIFE.NS,2025-06-06
1788.3140869140625,SBILIFE.NS,2025-06-09
1783.0213623046875,SBILIFE.NS,2025-06-10
1796.80224609375,SBILIFE.NS,2025-06-11
1763.5484619140625,SBILIFE.NS,2025-06-12
1752.763427734375,SBILIFE.NS,2025-06-13
1795.3043212890625,SBILIFE.NS,2025-06-16
1797.700927734375,SBILIFE.NS,2025-06-17
1794.705078125,SBILIFE.NS,2025-06-18
1786.916015625,SBILIFE.NS,2025-06-19
1808.3861083984375,SBILIFE.NS,2025-06-20
1816.075439453125,SBILIFE.NS,2025-06-23
1840.4415283203125,SBILIFE.NS,2025-06-24
1840.1419677734375,SBILIFE.NS,2025-06-25
1858.2169189453125,SBILIFE.NS,2025-06-26
1848.031005859375,SBILIFE.NS,2025-06-27
1835.7481689453125,SBILIFE.NS,2025-06-30
1859.91455078125,SBILIFE.NS,2025-07-01
1854.222412109375,SBILIFE.NS,2025-07-02
1807.68701171875,SBILIFE.NS,2025-07-03
1797.20166015625,SBILIFE.NS,2025-07-04
1805.789794921875,SBILIFE.NS,2025-07-07
1814.3778076171875,SBILIFE.NS,2025-07-08
1812.380615234375,SBILIFE.NS,2025-07-09
1807.68701171875,SBILIFE.NS,2025-07-10
1832.65234375,SBILIFE.NS,2025-07-11
1848.7301025390625,SBILIFE.NS,2025-07-14
1822.266845703125,SBILIFE.NS,2025-07-15
1826.560791015625,SBILIFE.NS,2025-07-16
1800.29736328125,SBILIFE.NS,2025-07-17
1785.9173583984375,SBILIFE.NS,2025-07-18
1802.1947021484375,SBILIFE.NS,2025-07-21
1806.48876953125,SBILIFE.NS,2025-07-22
1806.988037109375,SBILIFE.NS,2025-07-23
1791.110107421875,SBILIFE.NS,2025-07-24
1829.556640625,SBILIFE.NS,2025-07-25
1847.93115234375,SBILIFE.NS,2025-07-28
1830.8548583984375,SBILIFE.NS,2025-07-29
1836.5469970703125,SBILIFE.NS,2025-07-30
1838.1446533203125,SBILIFE.NS,2025-07-31
1793.7064208984375,SBILIFE.NS,2025-08-01
1828.95751953125,SBILIFE.NS,2025-08-04
1854.422119140625,SBILIFE.NS,2025-08-05
1851.7259521484375,SBILIFE.NS,2025-08-06
1858.516357421875,SBILIFE.NS,2025-08-07
1831.0545654296875,SBILIFE.NS,2025-08-08
1848.430419921875,SBILIFE.NS,2025-08-11
1835.448486328125,SBILIFE.NS,2025-08-12
1837.745361328125,SBILIFE.NS,2025-08-13
1838.044921875,SBILIFE.NS,2025-08-14
1860.413818359375,SBILIFE.NS,2025-08-18
1851.526123046875,SBILIFE.NS,2025-08-19
1855.9200439453125,SBILIFE.NS,2025-08-20
1874.6939697265625,SBILIFE.NS,2025-08-21
1856.4193115234375,SBILIFE.NS,2025-08-22
1844.236328125,SBILIFE.NS,2025-08-25
1814.078125,SBILIFE.NS,2025-08-26
1814.2779541015625,SBILIFE.NS,2025-08-28
1802.99365234375,SBILIFE.NS,2025-08-29
1807.2877197265625,SBILIFE.NS,2025-09-01
1811.9810791015625,SBILIFE.NS,2025-09-02
1808.1864013671875,SBILIFE.NS,2025-09-03
1788.613525390625,SBILIFE.NS,2025-09-04
1802.7939453125,SBILIFE.NS,2025-09-05
1778.427734375,SBILIFE.NS,2025-09-08
1803.1932373046875,SBILIFE.NS,2025-09-09
1831.1544189453125,SBILIFE.NS,2025-09-10
1811.6815185546875,SBILIFE.NS,2025-09-11
1827.6593017578125,SBILIFE.NS,2025-09-12
1819.67041015625,SBILIFE.NS,2025-09-15
1816.275146484375,SBILIFE.NS,2025-09-16
1801.4957275390625,SBILIFE.NS,2025-09-17
1819.27099609375,SBILIFE.NS,2025-09-18
1839.143310546875,SBILIFE.NS,2025-09-19
1855.12109375,SBILIFE.NS,2025-09-22
1816.8743896484375,SBILIFE.NS,2025-09-23
1814.5775146484375,SBILIFE.NS,2025-09-24
1807.2877197265625,SBILIFE.NS,2025-09-25
1796.302978515625,SBILIFE.NS,2025-09-26
1786.2169189453125,SBILIFE.NS,2025-09-29
1788.1142578125,SBILIFE.NS,2025-09-30
1798.5997314453125,SBILIFE.NS,2025-10-01
1782.6219482421875,SBILIFE.NS,2025-10-03
1768.441650390625,SBILIFE.NS,2025-10-06
1781.623291015625,SBILIFE.NS,2025-10-07
1770.4388427734375,SBILIFE.NS,2025-10-08
1807.2877197265625,SBILIFE.NS,2025-10-09
1807.8868408203125,SBILIFE.NS,2025-10-10
1812.780029296875,SBILIFE.NS,2025-10-13
1813.6787109375,SBILIFE.NS,2025-10-14
1838.044921875,SBILIFE.NS,2025-10-15
1833.151611328125,SBILIFE.NS,2025-10-16
1841.5400390625,SBILIFE.NS,2025-10-17
1837.1461181640625,SBILIFE.NS,2025-10-20
1838.4443359375,SBILIFE.NS,2025-10-21
1850.1280517578125,SBILIFE.NS,2025-10-23
1837.24609375,SBILIFE.NS,2025-10-24
1900.4581298828125,SBILIFE.NS,2025-10-27
1934.1114501953125,SBILIFE.NS,2025-10-28
1967.6646728515625,SBILIFE.NS,2025-10-29
1965.66748046875,SBILIFE.NS,2025-10-30
1952.985107421875,SBILIFE.NS,2025-10-31
1966.8658447265625,SBILIFE.NS,2025-11-03
1968.76318359375,SBILIFE.NS,2025-11-04
1968.064208984375,SBILIFE.NS,2025-11-06
1996.1251220703125,SBILIFE.NS,2025-11-07
1986.53857421875,SBILIFE.NS,2025-11-10
1994.5274658203125,SBILIFE.NS,2025-11-11
1993.9281005859375,SBILIFE.NS,2025-11-12
1985.140380859375,SBILIFE.NS,2025-11-13
1998.1224365234375,SBILIFE.NS,2025-11-14
1993.2291259765625,SBILIFE.NS,2025-11-17
1990.532958984375,SBILIFE.NS,2025-11-18
2002.0169677734375,SBILIFE.NS,2025-11-19
2024.2860107421875,SBILIFE.NS,2025-11-20
2019.6923828125,SBILIFE.NS,2025-11-21
2012.003173828125,SBILIFE.NS,2025-11-24
2028.1805419921875,SBILIFE.NS,2025-11-25
2026.283203125,SBILIFE.NS,2025-11-26
2001.7174072265625,SBILIFE.NS,2025-11-27
1963.2708740234375,SBILIFE.NS,2025-11-28
1968.863037109375,SBILIFE.NS,2025-12-01
1978.749267578125,SBILIFE.NS,2025-12-02
1970.0614013671875,SBILIFE.NS,2025-12-03
2000.11962890625,SBILIFE.NS,2025-12-04
2020.890625,SBILIFE.NS,2025-12-05
2017.894775390625,SBILIFE.NS,2025-12-08
2003.4149169921875,SBILIFE.NS,2025-12-09
2011.7034912109375,SBILIFE.NS,2025-12-10
2004.114013671875,SBILIFE.NS,2025-12-11
2023.087646484375,SBILIFE.NS,2025-12-12
2032.0751953125,SBILIFE.NS,2025-12-15
2033.173583984375,SBILIFE.NS,2025-12-16
2007.409423828125,SBILIFE.NS,2025-12-17
2011.6036376953125,SBILIFE.NS,2025-12-18
2025.584228515625,SBILIFE.NS,2025-12-19
2019.49267578125,SBILIFE.NS,2025-12-22
2021.9892578125,SBILIFE.NS,2025-12-23
2022.58837890625,SBILIFE.NS,2025-12-24
2016.297119140625,SBILIFE.NS,2025-12-26
2007.010009765625,SBILIFE.NS,2025-12-29
1992.7298583984375,SBILIFE.NS,2025-12-30
2032.0751953125,SBILIFE.NS,2025-12-31
2037.5675048828125,SBILIFE.NS,2026-01-01
2064.530029296875,SBILIFE.NS,2026-01-02
2072.71875,SBILIFE.NS,2026-01-05
2092.890625,SBILIFE.NS,2026-01-06
2067.92529296875,SBILIFE.NS,2026-01-07
2080.008544921875,SBILIFE.NS,2026-01-08
2067.12646484375,SBILIFE.NS,2026-01-09
2095.087646484375,SBILIFE.NS,2026-01-12
2079.509033203125,SBILIFE.NS,2026-01-13
2065.92822265625,SBILIFE.NS,2026-01-14
2065.92822265625,SBILIFE.NS,2026-01-15
2078.111083984375,SBILIFE.NS,2026-01-16
2070.8212890625,SBILIFE.NS,2026-01-19
2046.2554931640625,SBILIFE.NS,2026-01-20
2052.546630859375,SBILIFE.NS,2026-01-21
2019.193115234375,SBILIFE.NS,2026-01-22
1999.8199462890625,SBILIFE.NS,2026-01-23
2035.3704833984375,SBILIFE.NS,2026-01-27
2050.349609375,SBILIFE.NS,2026-01-28
1993.52880859375,SBILIFE.NS,2026-01-29
1995.7257080078125,SBILIFE.NS,2026-01-30
1998.22216796875,SBILIFE.NS,2026-02-02
1999.3206787109375,SBILIFE.NS,2026-02-03
2038.86572265625,SBILIFE.NS,2026-02-04
2014.9989013671875,SBILIFE.NS,2026-02-05
1993.9281005859375,SBILIFE.NS,2026-02-06
2021.1903076171875,SBILIFE.NS,2026-02-09
2015.498291015625,SBILIFE.NS,2026-02-10
2023.4871826171875,SBILIFE.NS,2026-02-11
2019.29296875,SBILIFE.NS,2026-02-12
2031.3760986328125,SBILIFE.NS,2026-02-13
2039.5648193359375,SBILIFE.NS,2026-02-16
2036.6688232421875,SBILIFE.NS,2026-02-17
2056.740966796875,SBILIFE.NS,2026-02-18
2040.1639404296875,SBILIFE.NS,2026-02-19
2077.112548828125,SBILIFE.NS,2026-02-20
2106.671630859375,SBILIFE.NS,2026-02-23
2080.008544921875,SBILIFE.NS,2026-02-24
2070.721435546875,SBILIFE.NS,2026-02-25
2079.90869140625,SBILIFE.NS,2026-02-26
2034.3719482421875,SBILIFE.NS,2026-02-27
2029.37890625,SBILIFE.NS,2026-03-02
1927.919921875,SBILIFE.NS,2026-03-04
1942.2999267578125,SBILIFE.NS,2026-03-05
1941.5999755859375,SBILIFE.NS,2026-03-06
1912.5,SBILIFE.NS,2026-03-09
1963.699951171875,SBILIFE.NS,2026-03-10
1938.5999755859375,SBILIFE.NS,2026-03-11
1939.4000244140625,SBILIFE.NS,2026-03-12
1904.4000244140625,SBILIFE.NS,2026-03-13
1909.199951171875,SBILIFE.NS,2026-03-16
1932.0999755859375,SBILIFE.NS,2026-03-17
1962.5,SBILIFE.NS,2026-03-18
1903.0999755859375,SBILIFE.NS,2026-03-19
1896.9000244140625,SBILIFE.NS,2026-03-20
1832.300048828125,SBILIFE.NS,2026-03-23
1836.0,SBILIFE.NS,2026-03-24
1851.800048828125,SBILIFE.NS,2026-03-25
1837.5999755859375,SBILIFE.NS,2026-03-27
1777.300048828125,SBILIFE.NS,2026-03-30
1790.5,SBILIFE.NS,2026-04-01
1774.0,SBILIFE.NS,2026-04-02
1836.800048828125,SBILIFE.NS,2026-04-06
1841.4000244140625,SBILIFE.NS,2026-04-07
1907.5999755859375,SBILIFE.NS,2026-04-08
1904.0,SBILIFE.NS,2026-04-09
1923.199951171875,SBILIFE.NS,2026-04-10
1914.4000244140625,SBILIFE.NS,2026-04-13
1971.0,SBILIFE.NS,2026-04-15
1974.699951171875,SBILIFE.NS,2026-04-16
1970.9000244140625,SBILIFE.NS,2026-04-17
1982.5,SBILIFE.NS,2026-04-20
1911.5999755859375,SBILIFE.NS,2026-04-21
1884.800048828125,SBILIFE.NS,2026-04-22
1828.0999755859375,SBILIFE.NS,2026-04-23
1768.9000244140625,SBILIFE.NS,2026-04-24
1815.4000244140625,SBILIFE.NS,2026-04-27
1808.300048828125,SBILIFE.NS,2026-04-28
1816.199951171875,SBILIFE.NS,2026-04-29
1819.0,SBILIFE.NS,2026-04-30
1819.0,SBILIFE.NS,2026-05-01
1820.0999755859375,SBILIFE.NS,2026-05-04
1821.199951171875,SBILIFE.NS,2026-05-05
1859.0,SBILIFE.NS,2026-05-06
1872.199951171875,SBILIFE.NS,2026-05-07
1872.0999755859375,SBILIFE.NS,2026-05-08
1884.4000244140625,SBILIFE.NS,2026-05-11
1833.9000244140625,SBILIFE.NS,2026-05-12
1837.5,SBILIFE.NS,2026-05-13
1866.699951171875,SBILIFE.NS,2026-05-14
1864.5,SBILIFE.NS,2026-05-15
1860.4000244140625,SBILIFE.NS,2026-05-18
1881.4000244140625,SBILIFE.NS,2026-05-19
1864.199951171875,SBILIFE.NS,2026-05-20
1859.9000244140625,SBILIFE.NS,2026-05-21
1870.699951171875,SBILIFE.NS,2026-05-22
1901.9000244140625,SBILIFE.NS,2026-05-25
1883.199951171875,SBILIFE.NS,2026-05-26
1864.5,SBILIFE.NS,2026-05-27
1864.5,SBILIFE.NS,2026-05-28
1830.0999755859375,SBILIFE.NS,2026-05-29
1812.5,SBILIFE.NS,2026-06-01
1801.699951171875,SBILIFE.NS,2026-06-02
1784.199951171875,SBILIFE.NS,2026-06-03
1764.9000244140625,SBILIFE.NS,2026-06-04
1782.800048828125,SBILIFE.NS,2026-06-05
1764.4000244140625,SBILIFE.NS,2026-06-08
1769.0999755859375,SBILIFE.NS,2026-06-09
1728.699951171875,SBILIFE.NS,2026-06-10
1719.0999755859375,SBILIFE.NS,2026-06-11
1706.0,SBILIFE.NS,2026-06-12
1759.5,SBILIFE.NS,2026-06-15
1767.5999755859375,SBILIFE.NS,2026-06-16
1793.5999755859375,SBILIFE.NS,2026-06-17
1807.5999755859375,SBILIFE.NS,2026-06-18
1800.199951171875,SBILIFE.NS,2026-06-19
1805.5,SBILIFE.NS,2026-06-22
1786.199951171875,SBILIFE.NS,2026-06-23
1767.699951171875,SBILIFE.NS,2026-06-24
1744.9000244140625,SBILIFE.NS,2026-06-25
1744.9000244140625,SBILIFE.NS,2026-06-26
1755.4000244140625,SBILIFE.NS,2026-06-29
5992.20166015625,ULTRACEMCO.NS,2022-05-20
5784.5791015625,ULTRACEMCO.NS,2022-05-23
5737.40380859375,ULTRACEMCO.NS,2022-05-24
5663.24267578125,ULTRACEMCO.NS,2022-05-25
5743.4658203125,ULTRACEMCO.NS,2022-05-26
5815.57373046875,ULTRACEMCO.NS,2022-05-27
5966.78125,ULTRACEMCO.NS,2022-05-30
5947.17724609375,ULTRACEMCO.NS,2022-05-31
5842.60791015625,ULTRACEMCO.NS,2022-06-01
5874.09130859375,ULTRACEMCO.NS,2022-06-02
5552.416015625,ULTRACEMCO.NS,2022-06-03
5457.08740234375,ULTRACEMCO.NS,2022-06-06
5431.51953125,ULTRACEMCO.NS,2022-06-07
5408.689453125,ULTRACEMCO.NS,2022-06-08
5359.8515625,ULTRACEMCO.NS,2022-06-09
5388.35205078125,ULTRACEMCO.NS,2022-06-10
5236.90087890625,ULTRACEMCO.NS,2022-06-13
5307.7373046875,ULTRACEMCO.NS,2022-06-14
5332.71923828125,ULTRACEMCO.NS,2022-06-15
5187.13330078125,ULTRACEMCO.NS,2022-06-16
5062.0322265625,ULTRACEMCO.NS,2022-06-17
5214.56005859375,ULTRACEMCO.NS,2022-06-20
5298.25341796875,ULTRACEMCO.NS,2022-06-21
5289.5029296875,ULTRACEMCO.NS,2022-06-22
5289.8447265625,ULTRACEMCO.NS,2022-06-23
5346.5537109375,ULTRACEMCO.NS,2022-06-24
5436.45703125,ULTRACEMCO.NS,2022-06-27
5448.6787109375,ULTRACEMCO.NS,2022-06-28
5493.21435546875,ULTRACEMCO.NS,2022-06-29
5482.45947265625,ULTRACEMCO.NS,2022-06-30
5564.98046875,ULTRACEMCO.NS,2022-07-01
5581.94384765625,ULTRACEMCO.NS,2022-07-04
5602.37890625,ULTRACEMCO.NS,2022-07-05
5698.29443359375,ULTRACEMCO.NS,2022-07-06
5708.85400390625,ULTRACEMCO.NS,2022-07-07
5709.0986328125,ULTRACEMCO.NS,2022-07-08
5723.9111328125,ULTRACEMCO.NS,2022-07-11
5650.18994140625,ULTRACEMCO.NS,2022-07-12
5669.8427734375,ULTRACEMCO.NS,2022-07-13
5607.36474609375,ULTRACEMCO.NS,2022-07-14
5677.76171875,ULTRACEMCO.NS,2022-07-15
5849.2080078125,ULTRACEMCO.NS,2022-07-18
5950.35498046875,ULTRACEMCO.NS,2022-07-19
5953.43505859375,ULTRACEMCO.NS,2022-07-20
5994.20654296875,ULTRACEMCO.NS,2022-07-21
6314.90380859375,ULTRACEMCO.NS,2022-07-22
6240.791015625,ULTRACEMCO.NS,2022-07-25
6257.16845703125,ULTRACEMCO.NS,2022-07-26
6389.84765625,ULTRACEMCO.NS,2022-07-27
6327.17431640625,ULTRACEMCO.NS,2022-07-28
6399.08642578125,ULTRACEMCO.NS,2022-07-29
6509.423828125,ULTRACEMCO.NS,2022-08-01
6540.54736328125,ULTRACEMCO.NS,2022-08-02
6492.7568359375,ULTRACEMCO.NS,2022-08-03
6478.35009765625,ULTRACEMCO.NS,2022-08-04
6662.384765625,ULTRACEMCO.NS,2022-08-05
6566.6552734375,ULTRACEMCO.NS,2022-08-08
6485.82373046875,ULTRACEMCO.NS,2022-08-10
6487.25,ULTRACEMCO.NS,2022-08-11
6450.0791015625,ULTRACEMCO.NS,2022-08-12
6545.1689453125,ULTRACEMCO.NS,2022-08-16
6499.78759765625,ULTRACEMCO.NS,2022-08-17
6592.32080078125,ULTRACEMCO.NS,2022-08-18
6536.85986328125,ULTRACEMCO.NS,2022-08-19
6359.80810546875,ULTRACEMCO.NS,2022-08-22
6387.2431640625,ULTRACEMCO.NS,2022-08-23
6399.97802734375,ULTRACEMCO.NS,2022-08-24
6367.23193359375,ULTRACEMCO.NS,2022-08-25
6408.630859375,ULTRACEMCO.NS,2022-08-26
6397.96142578125,ULTRACEMCO.NS,2022-08-29
6566.6552734375,ULTRACEMCO.NS,2022-08-30
6522.060546875,ULTRACEMCO.NS,2022-09-01
6467.97607421875,ULTRACEMCO.NS,2022-09-02
6413.3515625,ULTRACEMCO.NS,2022-09-05
6387.341796875,ULTRACEMCO.NS,2022-09-06
6658.05712890625,ULTRACEMCO.NS,2022-09-07
6804.4287109375,ULTRACEMCO.NS,2022-09-08
6670.693359375,ULTRACEMCO.NS,2022-09-09
6755.21240234375,ULTRACEMCO.NS,2022-09-12
6781.4677734375,ULTRACEMCO.NS,2022-09-13
6761.259765625,ULTRACEMCO.NS,2022-09-14
6676.98681640625,ULTRACEMCO.NS,2022-09-15
6373.47607421875,ULTRACEMCO.NS,2022-09-16
6352.28515625,ULTRACEMCO.NS,2022-09-19
6376.67236328125,ULTRACEMCO.NS,2022-09-20
6208.61767578125,ULTRACEMCO.NS,2022-09-21
6135.505859375,ULTRACEMCO.NS,2022-09-22
6037.71240234375,ULTRACEMCO.NS,2022-09-23
6074.24365234375,ULTRACEMCO.NS,2022-09-26
6089.7314453125,ULTRACEMCO.NS,2022-09-27
6070.16259765625,ULTRACEMCO.NS,2022-09-28
6073.0634765625,ULTRACEMCO.NS,2022-09-29
6150.94482421875,ULTRACEMCO.NS,2022-09-30
6138.60302734375,ULTRACEMCO.NS,2022-10-03
6202.52099609375,ULTRACEMCO.NS,2022-10-04
6182.55908203125,ULTRACEMCO.NS,2022-10-06
6100.20361328125,ULTRACEMCO.NS,2022-10-07
6047.49658203125,ULTRACEMCO.NS,2022-10-10
5975.564453125,ULTRACEMCO.NS,2022-10-11
6074.83349609375,ULTRACEMCO.NS,2022-10-12
6078.81591796875,ULTRACEMCO.NS,2022-10-13
6088.8955078125,ULTRACEMCO.NS,2022-10-14
6167.0712890625,ULTRACEMCO.NS,2022-10-17
6241.068359375,ULTRACEMCO.NS,2022-10-18
6291.8583984375,ULTRACEMCO.NS,2022-10-19
6197.3583984375,ULTRACEMCO.NS,2022-10-20
6256.94970703125,ULTRACEMCO.NS,2022-10-21
6288.1220703125,ULTRACEMCO.NS,2022-10-24
6308.87060546875,ULTRACEMCO.NS,2022-10-25
6329.61865234375,ULTRACEMCO.NS,2022-10-27
6338.51806640625,ULTRACEMCO.NS,2022-10-28
6603.13720703125,ULTRACEMCO.NS,2022-10-31
6707.3232421875,ULTRACEMCO.NS,2022-11-01
6667.005859375,ULTRACEMCO.NS,2022-11-02
6616.21630859375,ULTRACEMCO.NS,2022-11-03
6778.27197265625,ULTRACEMCO.NS,2022-11-04
6857.38232421875,ULTRACEMCO.NS,2022-11-07
6788.54833984375,ULTRACEMCO.NS,2022-11-09
6688.04931640625,ULTRACEMCO.NS,2022-11-10
6699.751953125,ULTRACEMCO.NS,2022-11-11
6740.265625,ULTRACEMCO.NS,2022-11-14
6848.58154296875,ULTRACEMCO.NS,2022-11-15
6796.90673828125,ULTRACEMCO.NS,2022-11-16
6757.4248046875,ULTRACEMCO.NS,2022-11-17
6700.98046875,ULTRACEMCO.NS,2022-11-18
6642.37353515625,ULTRACEMCO.NS,2022-11-21
6729.1044921875,ULTRACEMCO.NS,2022-11-22
6710.42041015625,ULTRACEMCO.NS,2022-11-23
6745.96923828125,ULTRACEMCO.NS,2022-11-24
6759.5390625,ULTRACEMCO.NS,2022-11-25
6777.5341796875,ULTRACEMCO.NS,2022-11-28
6813.52490234375,ULTRACEMCO.NS,2022-11-29
6959.1591796875,ULTRACEMCO.NS,2022-11-30
7152.87890625,ULTRACEMCO.NS,2022-12-01
7116.5439453125,ULTRACEMCO.NS,2022-12-02
7078.734375,ULTRACEMCO.NS,2022-12-05
7121.46044921875,ULTRACEMCO.NS,2022-12-06
7042.9404296875,ULTRACEMCO.NS,2022-12-07
7059.50927734375,ULTRACEMCO.NS,2022-12-08
6959.5517578125,ULTRACEMCO.NS,2022-12-09
7027.84619140625,ULTRACEMCO.NS,2022-12-12
7104.98974609375,ULTRACEMCO.NS,2022-12-13
7077.70166015625,ULTRACEMCO.NS,2022-12-14
6995.4443359375,ULTRACEMCO.NS,2022-12-15
6897.306640625,ULTRACEMCO.NS,2022-12-16
6958.17529296875,ULTRACEMCO.NS,2022-12-19
6979.8095703125,ULTRACEMCO.NS,2022-12-20
6834.9619140625,ULTRACEMCO.NS,2022-12-21
6895.63427734375,ULTRACEMCO.NS,2022-12-22
6794.349609375,ULTRACEMCO.NS,2022-12-23
6956.20849609375,ULTRACEMCO.NS,2022-12-26
6988.85595703125,ULTRACEMCO.NS,2022-12-27
6936.3447265625,ULTRACEMCO.NS,2022-12-28
6865.9375,ULTRACEMCO.NS,2022-12-29
6843.17236328125,ULTRACEMCO.NS,2022-12-30
6901.09228515625,ULTRACEMCO.NS,2023-01-02
6877.1474609375,ULTRACEMCO.NS,2023-01-03
6888.70166015625,ULTRACEMCO.NS,2023-01-04
6890.32421875,ULTRACEMCO.NS,2023-01-05
6865.9375,ULTRACEMCO.NS,2023-01-06
6917.7109375,ULTRACEMCO.NS,2023-01-09
6805.06787109375,ULTRACEMCO.NS,2023-01-10
6905.02587890625,ULTRACEMCO.NS,2023-01-11
7034.2373046875,ULTRACEMCO.NS,2023-01-12
7128.19677734375,ULTRACEMCO.NS,2023-01-13
7163.54833984375,ULTRACEMCO.NS,2023-01-16
7254.802734375,ULTRACEMCO.NS,2023-01-17
7162.17138671875,ULTRACEMCO.NS,2023-01-18
7092.25537109375,ULTRACEMCO.NS,2023-01-19
7057.64111328125,ULTRACEMCO.NS,2023-01-20
6735.69287109375,ULTRACEMCO.NS,2023-01-23
6696.3095703125,ULTRACEMCO.NS,2023-01-24
6593.45166015625,ULTRACEMCO.NS,2023-01-25
6603.7763671875,ULTRACEMCO.NS,2023-01-27
6773.01123046875,ULTRACEMCO.NS,2023-01-30
6967.56640625,ULTRACEMCO.NS,2023-01-31
7022.48681640625,ULTRACEMCO.NS,2023-02-01
7048.29931640625,ULTRACEMCO.NS,2023-02-02
7069.49072265625,ULTRACEMCO.NS,2023-02-03
7008.57177734375,ULTRACEMCO.NS,2023-02-06
6954.04541015625,ULTRACEMCO.NS,2023-02-07
7129.62255859375,ULTRACEMCO.NS,2023-02-08
7060.1982421875,ULTRACEMCO.NS,2023-02-09
7086.06005859375,ULTRACEMCO.NS,2023-02-10
7059.70654296875,ULTRACEMCO.NS,2023-02-13
7020.3232421875,ULTRACEMCO.NS,2023-02-14
7032.7626953125,ULTRACEMCO.NS,2023-02-15
7052.33154296875,ULTRACEMCO.NS,2023-02-16
7176.33154296875,ULTRACEMCO.NS,2023-02-17
7303.18359375,ULTRACEMCO.NS,2023-02-20
7218.3203125,ULTRACEMCO.NS,2023-02-21
7085.765625,ULTRACEMCO.NS,2023-02-22
7057.44482421875,ULTRACEMCO.NS,2023-02-23
7096.53271484375,ULTRACEMCO.NS,2023-02-24
7066.98291015625,ULTRACEMCO.NS,2023-02-27
7140.3896484375,ULTRACEMCO.NS,2023-02-28
7153.02587890625,ULTRACEMCO.NS,2023-03-01
7167.82568359375,ULTRACEMCO.NS,2023-03-02
7095.79541015625,ULTRACEMCO.NS,2023-03-03
7080.701171875,ULTRACEMCO.NS,2023-03-06
7146.2412109375,ULTRACEMCO.NS,2023-03-08
7122.34521484375,ULTRACEMCO.NS,2023-03-09
7106.0712890625,ULTRACEMCO.NS,2023-03-10
6957.78271484375,ULTRACEMCO.NS,2023-03-13
6946.32666015625,ULTRACEMCO.NS,2023-03-14
6982.51318359375,ULTRACEMCO.NS,2023-03-15
6986.2998046875,ULTRACEMCO.NS,2023-03-16
7168.5634765625,ULTRACEMCO.NS,2023-03-17
7122.59130859375,ULTRACEMCO.NS,2023-03-20
7230.3173828125,ULTRACEMCO.NS,2023-03-21
7273.486328125,ULTRACEMCO.NS,2023-03-22
7284.5986328125,ULTRACEMCO.NS,2023-03-23
7282.33642578125,ULTRACEMCO.NS,2023-03-24
7326.14501953125,ULTRACEMCO.NS,2023-03-27
7279.8291015625,ULTRACEMCO.NS,2023-03-28
7444.6875,ULTRACEMCO.NS,2023-03-29
7495.2314453125,ULTRACEMCO.NS,2023-03-31
7513.27587890625,ULTRACEMCO.NS,2023-04-03
7563.86962890625,ULTRACEMCO.NS,2023-04-05
7573.6044921875,ULTRACEMCO.NS,2023-04-06
7568.09716796875,ULTRACEMCO.NS,2023-04-10
7612.54541015625,ULTRACEMCO.NS,2023-04-11
7554.92041015625,ULTRACEMCO.NS,2023-04-12
7527.7802734375,ULTRACEMCO.NS,2023-04-13
7613.52880859375,ULTRACEMCO.NS,2023-04-17
7468.828125,ULTRACEMCO.NS,2023-04-18
7390.75048828125,ULTRACEMCO.NS,2023-04-19
7351.31787109375,ULTRACEMCO.NS,2023-04-20
7235.9716796875,ULTRACEMCO.NS,2023-04-21
7316.6552734375,ULTRACEMCO.NS,2023-04-24
7315.328125,ULTRACEMCO.NS,2023-04-25
7332.73291015625,ULTRACEMCO.NS,2023-04-26
7376.00048828125,ULTRACEMCO.NS,2023-04-27
7430.37939453125,ULTRACEMCO.NS,2023-04-28
7332.4384765625,ULTRACEMCO.NS,2023-05-02
7382.19580078125,ULTRACEMCO.NS,2023-05-03
7377.328125,ULTRACEMCO.NS,2023-05-04
7501.7705078125,ULTRACEMCO.NS,2023-05-05
7606.64501953125,ULTRACEMCO.NS,2023-05-08
7587.7646484375,ULTRACEMCO.NS,2023-05-09
7614.26611328125,ULTRACEMCO.NS,2023-05-10
7704.97998046875,ULTRACEMCO.NS,2023-05-11
7574.68603515625,ULTRACEMCO.NS,2023-05-12
7631.72021484375,ULTRACEMCO.NS,2023-05-15
7570.5068359375,ULTRACEMCO.NS,2023-05-16
7572.22802734375,ULTRACEMCO.NS,2023-05-17
7477.53076171875,ULTRACEMCO.NS,2023-05-18
7553.396484375,ULTRACEMCO.NS,2023-05-19
7587.17431640625,ULTRACEMCO.NS,2023-05-22
7526.79736328125,ULTRACEMCO.NS,2023-05-23
7526.3544921875,ULTRACEMCO.NS,2023-05-24
7494.83837890625,ULTRACEMCO.NS,2023-05-25
7593.27099609375,ULTRACEMCO.NS,2023-05-26
7709.99462890625,ULTRACEMCO.NS,2023-05-29
7770.373046875,ULTRACEMCO.NS,2023-05-30
7739.00341796875,ULTRACEMCO.NS,2023-05-31
7712.20703125,ULTRACEMCO.NS,2023-06-01
7719.92626953125,ULTRACEMCO.NS,2023-06-02
7750.75439453125,ULTRACEMCO.NS,2023-06-05
7974.51513671875,ULTRACEMCO.NS,2023-06-06
8021.765625,ULTRACEMCO.NS,2023-06-07
7965.27197265625,ULTRACEMCO.NS,2023-06-08
8017.48828125,ULTRACEMCO.NS,2023-06-09
8062.08203125,ULTRACEMCO.NS,2023-06-12
8138.4892578125,ULTRACEMCO.NS,2023-06-13
8219.1240234375,ULTRACEMCO.NS,2023-06-14
8194.44140625,ULTRACEMCO.NS,2023-06-15
8194.4912109375,ULTRACEMCO.NS,2023-06-16
8130.9169921875,ULTRACEMCO.NS,2023-06-19
8106.18603515625,ULTRACEMCO.NS,2023-06-20
8104.3173828125,ULTRACEMCO.NS,2023-06-21
8026.82958984375,ULTRACEMCO.NS,2023-06-22
7945.65478515625,ULTRACEMCO.NS,2023-06-23
8031.107421875,ULTRACEMCO.NS,2023-06-26
8071.81787109375,ULTRACEMCO.NS,2023-06-27
8123.10009765625,ULTRACEMCO.NS,2023-06-28
8156.6318359375,ULTRACEMCO.NS,2023-06-30
8322.8671875,ULTRACEMCO.NS,2023-07-03
8271.634765625,ULTRACEMCO.NS,2023-07-04
8237.708984375,ULTRACEMCO.NS,2023-07-05
8270.1591796875,ULTRACEMCO.NS,2023-07-06
8197.63671875,ULTRACEMCO.NS,2023-07-07
8212.2900390625,ULTRACEMCO.NS,2023-07-10
8187.26318359375,ULTRACEMCO.NS,2023-07-11
8083.61865234375,ULTRACEMCO.NS,2023-07-12
8096.89306640625,ULTRACEMCO.NS,2023-07-13
8046.2998046875,ULTRACEMCO.NS,2023-07-14
8113.60986328125,ULTRACEMCO.NS,2023-07-17
8039.85888671875,ULTRACEMCO.NS,2023-07-18
8190.50830078125,ULTRACEMCO.NS,2023-07-19
8087.2080078125,ULTRACEMCO.NS,2023-07-20
7984.00537109375,ULTRACEMCO.NS,2023-07-21
8082.97900390625,ULTRACEMCO.NS,2023-07-24
8253.541015625,ULTRACEMCO.NS,2023-07-25
8213.2724609375,ULTRACEMCO.NS,2023-07-26
8187.48974609375,ULTRACEMCO.NS,2023-07-27
8205.765625,ULTRACEMCO.NS,2023-07-28
8217.02734375,ULTRACEMCO.NS,2023-07-31
8181.11767578125,ULTRACEMCO.NS,2023-08-01
8186.947265625,ULTRACEMCO.NS,2023-08-02
8037.23876953125,ULTRACEMCO.NS,2023-08-03
8058.9716796875,ULTRACEMCO.NS,2023-08-04
8076.0615234375,ULTRACEMCO.NS,2023-08-07
8057.6875,ULTRACEMCO.NS,2023-08-08
8012.64208984375,ULTRACEMCO.NS,2023-08-09
8003.7021484375,ULTRACEMCO.NS,2023-08-10
8034.078125,ULTRACEMCO.NS,2023-08-11
7956.38427734375,ULTRACEMCO.NS,2023-08-14
8151.58251953125,ULTRACEMCO.NS,2023-08-16
8107.5732421875,ULTRACEMCO.NS,2023-08-17
8114.98193359375,ULTRACEMCO.NS,2023-08-18
8119.3779296875,ULTRACEMCO.NS,2023-08-21
8103.7705078125,ULTRACEMCO.NS,2023-08-22
8062.67578125,ULTRACEMCO.NS,2023-08-23
8111.57470703125,ULTRACEMCO.NS,2023-08-24
7973.32568359375,ULTRACEMCO.NS,2023-08-25
8018.9638671875,ULTRACEMCO.NS,2023-08-28
8100.0166015625,ULTRACEMCO.NS,2023-08-29
8165.46142578125,ULTRACEMCO.NS,2023-08-30
8196.578125,ULTRACEMCO.NS,2023-08-31
8161.955078125,ULTRACEMCO.NS,2023-09-01
8478.2119140625,ULTRACEMCO.NS,2023-09-04
8352.064453125,ULTRACEMCO.NS,2023-09-05
8433.611328125,ULTRACEMCO.NS,2023-09-06
8391.875,ULTRACEMCO.NS,2023-09-07
8328.0595703125,ULTRACEMCO.NS,2023-09-08
8358.8310546875,ULTRACEMCO.NS,2023-09-11
8467.4453125,ULTRACEMCO.NS,2023-09-12
8531.357421875,ULTRACEMCO.NS,2023-09-13
8582.3310546875,ULTRACEMCO.NS,2023-09-14
8622.2392578125,ULTRACEMCO.NS,2023-09-15
8523.109375,ULTRACEMCO.NS,2023-09-18
8355.3251953125,ULTRACEMCO.NS,2023-09-20
8212.482421875,ULTRACEMCO.NS,2023-09-21
8087.8662109375,ULTRACEMCO.NS,2023-09-22
8106.43798828125,ULTRACEMCO.NS,2023-09-25
8128.86181640625,ULTRACEMCO.NS,2023-09-26
8162.2509765625,ULTRACEMCO.NS,2023-09-27
8055.21826171875,ULTRACEMCO.NS,2023-09-28
8154.49560546875,ULTRACEMCO.NS,2023-09-29
8203.9384765625,ULTRACEMCO.NS,2023-10-03
8022.125,ULTRACEMCO.NS,2023-10-04
8078.03759765625,ULTRACEMCO.NS,2023-10-05
8095.818359375,ULTRACEMCO.NS,2023-10-06
8011.505859375,ULTRACEMCO.NS,2023-10-09
8059.11962890625,ULTRACEMCO.NS,2023-10-10
8241.57421875,ULTRACEMCO.NS,2023-10-11
8250.2177734375,ULTRACEMCO.NS,2023-10-12
8267.2587890625,ULTRACEMCO.NS,2023-10-13
8191.392578125,ULTRACEMCO.NS,2023-10-16
8200.48046875,ULTRACEMCO.NS,2023-10-17
8177.6611328125,ULTRACEMCO.NS,2023-10-18
8414.990234375,ULTRACEMCO.NS,2023-10-19
8358.1884765625,ULTRACEMCO.NS,2023-10-20
8224.0400390625,ULTRACEMCO.NS,2023-10-23
8155.9775390625,ULTRACEMCO.NS,2023-10-25
8105.5478515625,ULTRACEMCO.NS,2023-10-26
8110.33984375,ULTRACEMCO.NS,2023-10-27
8299.4619140625,ULTRACEMCO.NS,2023-10-30
8319.861328125,ULTRACEMCO.NS,2023-10-31
8279.5576171875,ULTRACEMCO.NS,2023-11-01
8356.1650390625,ULTRACEMCO.NS,2023-11-02
8418.9912109375,ULTRACEMCO.NS,2023-11-03
8535.90234375,ULTRACEMCO.NS,2023-11-06
8580.158203125,ULTRACEMCO.NS,2023-11-07
8593.0986328125,ULTRACEMCO.NS,2023-11-08
8522.1708984375,ULTRACEMCO.NS,2023-11-09
8604.9521484375,ULTRACEMCO.NS,2023-11-10
8571.9091796875,ULTRACEMCO.NS,2023-11-13
8660.3212890625,ULTRACEMCO.NS,2023-11-15
8668.3720703125,ULTRACEMCO.NS,2023-11-16
8684.0791015625,ULTRACEMCO.NS,2023-11-17
8556.2021484375,ULTRACEMCO.NS,2023-11-20
8602.482421875,ULTRACEMCO.NS,2023-11-21
8653.40625,ULTRACEMCO.NS,2023-11-22
8500.63671875,ULTRACEMCO.NS,2023-11-23
8452.1826171875,ULTRACEMCO.NS,2023-11-24
8620.412109375,ULTRACEMCO.NS,2023-11-28
8626.5859375,ULTRACEMCO.NS,2023-11-29
8894.193359375,ULTRACEMCO.NS,2023-11-30
8924.025390625,ULTRACEMCO.NS,2023-12-01
9204.474609375,ULTRACEMCO.NS,2023-12-04
9216.328125,ULTRACEMCO.NS,2023-12-05
9100.998046875,ULTRACEMCO.NS,2023-12-06
9240.826171875,ULTRACEMCO.NS,2023-12-07
9299.109375,ULTRACEMCO.NS,2023-12-08
9553.33203125,ULTRACEMCO.NS,2023-12-11
9743.58984375,ULTRACEMCO.NS,2023-12-12
9620.751953125,ULTRACEMCO.NS,2023-12-13
9842.1767578125,ULTRACEMCO.NS,2023-12-14
9907.5224609375,ULTRACEMCO.NS,2023-12-15
9849.140625,ULTRACEMCO.NS,2023-12-18
9895.322265625,ULTRACEMCO.NS,2023-12-19
9767.248046875,ULTRACEMCO.NS,2023-12-20
9833.4345703125,ULTRACEMCO.NS,2023-12-21
9847.8076171875,ULTRACEMCO.NS,2023-12-22
9896.853515625,ULTRACEMCO.NS,2023-12-26
10309.2275390625,ULTRACEMCO.NS,2023-12-27
10299.546875,ULTRACEMCO.NS,2023-12-28
10375.3642578125,ULTRACEMCO.NS,2023-12-29
10336.7900390625,ULTRACEMCO.NS,2024-01-01
10080.6416015625,ULTRACEMCO.NS,2024-01-02
9988.6240234375,ULTRACEMCO.NS,2024-01-03
9893.05078125,ULTRACEMCO.NS,2024-01-04
9894.28515625,ULTRACEMCO.NS,2024-01-05
9813.7265625,ULTRACEMCO.NS,2024-01-08
9778.7568359375,ULTRACEMCO.NS,2024-01-09
9657.3515625,ULTRACEMCO.NS,2024-01-10
9799.84765625,ULTRACEMCO.NS,2024-01-11
9689.208984375,ULTRACEMCO.NS,2024-01-12
9833.5322265625,ULTRACEMCO.NS,2024-01-15
9848.3994140625,ULTRACEMCO.NS,2024-01-16
9734.84765625,ULTRACEMCO.NS,2024-01-17
9771.990234375,ULTRACEMCO.NS,2024-01-18
9970.9912109375,ULTRACEMCO.NS,2024-01-19
9711.484375,ULTRACEMCO.NS,2024-01-23
9869.0458984375,ULTRACEMCO.NS,2024-01-24
9848.15234375,ULTRACEMCO.NS,2024-01-25
10149.1494140625,ULTRACEMCO.NS,2024-01-29
9842.47265625,ULTRACEMCO.NS,2024-01-30
10043.74609375,ULTRACEMCO.NS,2024-01-31
9801.6748046875,ULTRACEMCO.NS,2024-02-01
9975.7822265625,ULTRACEMCO.NS,2024-02-02
9795.796875,ULTRACEMCO.NS,2024-02-05
9926.587890625,ULTRACEMCO.NS,2024-02-06
10102.1767578125,ULTRACEMCO.NS,2024-02-07
9876.109375,ULTRACEMCO.NS,2024-02-08
9824.83984375,ULTRACEMCO.NS,2024-02-09
9842.7197265625,ULTRACEMCO.NS,2024-02-12
9732.625,ULTRACEMCO.NS,2024-02-13
9668.8095703125,ULTRACEMCO.NS,2024-02-14
9694.9873046875,ULTRACEMCO.NS,2024-02-15
9795.6494140625,ULTRACEMCO.NS,2024-02-16
9781.8193359375,ULTRACEMCO.NS,2024-02-19
9857.63671875,ULTRACEMCO.NS,2024-02-20
9847.21484375,ULTRACEMCO.NS,2024-02-21
9840.1025390625,ULTRACEMCO.NS,2024-02-22
9879.3203125,ULTRACEMCO.NS,2024-02-23
9809.330078125,ULTRACEMCO.NS,2024-02-26
9830.1240234375,ULTRACEMCO.NS,2024-02-27
9685.7509765625,ULTRACEMCO.NS,2024-02-28
9772.1396484375,ULTRACEMCO.NS,2024-02-29
10012.283203125,ULTRACEMCO.NS,2024-03-01
9857.0927734375,ULTRACEMCO.NS,2024-03-04
9718.7451171875,ULTRACEMCO.NS,2024-03-05
9523.84375,ULTRACEMCO.NS,2024-03-06
9555.5537109375,ULTRACEMCO.NS,2024-03-07
9580.00390625,ULTRACEMCO.NS,2024-03-11
9498.6044921875,ULTRACEMCO.NS,2024-03-12
9476.921875,ULTRACEMCO.NS,2024-03-13
9579.064453125,ULTRACEMCO.NS,2024-03-14
9515.8427734375,ULTRACEMCO.NS,2024-03-15
9494.5048828125,ULTRACEMCO.NS,2024-03-18
9338.3271484375,ULTRACEMCO.NS,2024-03-19
9369.2470703125,ULTRACEMCO.NS,2024-03-20
9484.0341796875,ULTRACEMCO.NS,2024-03-21
9564.048828125,ULTRACEMCO.NS,2024-03-22
9483.984375,ULTRACEMCO.NS,2024-03-26
9506.4580078125,ULTRACEMCO.NS,2024-03-27
9630.6298828125,ULTRACEMCO.NS,2024-03-28
9833.384765625,ULTRACEMCO.NS,2024-04-01
9916.1171875,ULTRACEMCO.NS,2024-04-02
9880.3076171875,ULTRACEMCO.NS,2024-04-03
9883.4677734375,ULTRACEMCO.NS,2024-04-04
9704.1748046875,ULTRACEMCO.NS,2024-04-05
9743.8359375,ULTRACEMCO.NS,2024-04-08
9650.3876953125,ULTRACEMCO.NS,2024-04-09
9698.4951171875,ULTRACEMCO.NS,2024-04-10
9535.2041015625,ULTRACEMCO.NS,2024-04-12
9390.68359375,ULTRACEMCO.NS,2024-04-15
9348.7490234375,ULTRACEMCO.NS,2024-04-16
9268.68359375,ULTRACEMCO.NS,2024-04-18
9250.11328125,ULTRACEMCO.NS,2024-04-19
9448.96484375,ULTRACEMCO.NS,2024-04-22
9417.6513671875,ULTRACEMCO.NS,2024-04-23
9541.4267578125,ULTRACEMCO.NS,2024-04-24
9566.025390625,ULTRACEMCO.NS,2024-04-25
9582.9677734375,ULTRACEMCO.NS,2024-04-26
9843.3134765625,ULTRACEMCO.NS,2024-04-29
9850.6220703125,ULTRACEMCO.NS,2024-04-30
9862.08203125,ULTRACEMCO.NS,2024-05-02
9696.9638671875,ULTRACEMCO.NS,2024-05-03
9658.04296875,ULTRACEMCO.NS,2024-05-06
9564.69140625,ULTRACEMCO.NS,2024-05-07
9403.6728515625,ULTRACEMCO.NS,2024-05-08
9331.263671875,ULTRACEMCO.NS,2024-05-09
9376.3095703125,ULTRACEMCO.NS,2024-05-10
9435.3818359375,ULTRACEMCO.NS,2024-05-13
9543.20703125,ULTRACEMCO.NS,2024-05-14
9497.2216796875,ULTRACEMCO.NS,2024-05-15
9591.06640625,ULTRACEMCO.NS,2024-05-16
9770.11328125,ULTRACEMCO.NS,2024-05-17
9670.390625,ULTRACEMCO.NS,2024-05-21
9774.55859375,ULTRACEMCO.NS,2024-05-22
10046.90625,ULTRACEMCO.NS,2024-05-23
10106.720703125,ULTRACEMCO.NS,2024-05-24
10101.189453125,ULTRACEMCO.NS,2024-05-27
10055.15625,ULTRACEMCO.NS,2024-05-28
9901.546875,ULTRACEMCO.NS,2024-05-29
9748.875,ULTRACEMCO.NS,2024-05-30
9794.9580078125,ULTRACEMCO.NS,2024-05-31
10342.765625,ULTRACEMCO.NS,2024-06-03
9797.7236328125,ULTRACEMCO.NS,2024-06-04
9916.06640625,ULTRACEMCO.NS,2024-06-05
9932.7119140625,ULTRACEMCO.NS,2024-06-06
10335.9501953125,ULTRACEMCO.NS,2024-06-07
10694.6357421875,ULTRACEMCO.NS,2024-06-10
10800.630859375,ULTRACEMCO.NS,2024-06-11
10910.529296875,ULTRACEMCO.NS,2024-06-12
11037.9599609375,ULTRACEMCO.NS,2024-06-13
11106.12109375,ULTRACEMCO.NS,2024-06-14
10983.875,ULTRACEMCO.NS,2024-06-18
10861.876953125,ULTRACEMCO.NS,2024-06-19
10770.650390625,ULTRACEMCO.NS,2024-06-20
10532.77734375,ULTRACEMCO.NS,2024-06-21
10654.875,ULTRACEMCO.NS,2024-06-24
10714.34375,ULTRACEMCO.NS,2024-06-25
11007.6328125,ULTRACEMCO.NS,2024-06-26
11574.2607421875,ULTRACEMCO.NS,2024-06-27
11526.0537109375,ULTRACEMCO.NS,2024-06-28
11759.92578125,ULTRACEMCO.NS,2024-07-01
11709.841796875,ULTRACEMCO.NS,2024-07-02
11727.7705078125,ULTRACEMCO.NS,2024-07-03
11617.0830078125,ULTRACEMCO.NS,2024-07-04
11548.0341796875,ULTRACEMCO.NS,2024-07-05
11442.0869140625,ULTRACEMCO.NS,2024-07-08
11537.80859375,ULTRACEMCO.NS,2024-07-09
11492.8125,ULTRACEMCO.NS,2024-07-10
11414.4775390625,ULTRACEMCO.NS,2024-07-11
11461.2509765625,ULTRACEMCO.NS,2024-07-12
11689.7890625,ULTRACEMCO.NS,2024-07-15
11516.9658203125,ULTRACEMCO.NS,2024-07-16
11505.6552734375,ULTRACEMCO.NS,2024-07-18
11121.43359375,ULTRACEMCO.NS,2024-07-19
11375.7041015625,ULTRACEMCO.NS,2024-07-22
11405.4375,ULTRACEMCO.NS,2024-07-23
11314.162109375,ULTRACEMCO.NS,2024-07-24
11302.40625,ULTRACEMCO.NS,2024-07-25
11531.140625,ULTRACEMCO.NS,2024-07-26
11729.4501953125,ULTRACEMCO.NS,2024-07-29
11732.083984375,ULTRACEMCO.NS,2024-07-30
11812.3251953125,ULTRACEMCO.NS,2024-07-31
11909.0126953125,ULTRACEMCO.NS,2024-08-01
11690.3984375,ULTRACEMCO.NS,2024-08-02
11345.3349609375,ULTRACEMCO.NS,2024-08-05
11253.9638671875,ULTRACEMCO.NS,2024-08-06
11470.4921875,ULTRACEMCO.NS,2024-08-07
11187.087890625,ULTRACEMCO.NS,2024-08-08
11229.1708984375,ULTRACEMCO.NS,2024-08-09
11231.6552734375,ULTRACEMCO.NS,2024-08-12
11200.205078125,ULTRACEMCO.NS,2024-08-13
10933.296875,ULTRACEMCO.NS,2024-08-14
11224.55078125,ULTRACEMCO.NS,2024-08-16
11244.0771484375,ULTRACEMCO.NS,2024-08-19
11278.2109375,ULTRACEMCO.NS,2024-08-20
11130.3486328125,ULTRACEMCO.NS,2024-08-21
11238.1650390625,ULTRACEMCO.NS,2024-08-22
11270.3603515625,ULTRACEMCO.NS,2024-08-23
11265.689453125,ULTRACEMCO.NS,2024-08-26
11229.1708984375,ULTRACEMCO.NS,2024-08-27
11164.0341796875,ULTRACEMCO.NS,2024-08-28
11151.3154296875,ULTRACEMCO.NS,2024-08-29
11230.7119140625,ULTRACEMCO.NS,2024-08-30
11352.9375,ULTRACEMCO.NS,2024-09-02
11388.6103515625,ULTRACEMCO.NS,2024-09-03
11507.5078125,ULTRACEMCO.NS,2024-09-04
11469.9453125,ULTRACEMCO.NS,2024-09-05
11360.8369140625,ULTRACEMCO.NS,2024-09-06
11421.94921875,ULTRACEMCO.NS,2024-09-09
11468.35546875,ULTRACEMCO.NS,2024-09-10
11415.09375,ULTRACEMCO.NS,2024-09-11
11636.4892578125,ULTRACEMCO.NS,2024-09-12
11644.1416015625,ULTRACEMCO.NS,2024-09-13
11569.3154296875,ULTRACEMCO.NS,2024-09-16
11572.296875,ULTRACEMCO.NS,2024-09-17
11557.6396484375,ULTRACEMCO.NS,2024-09-18
11554.2607421875,ULTRACEMCO.NS,2024-09-19
11723.9853515625,ULTRACEMCO.NS,2024-09-20
11886.703125,ULTRACEMCO.NS,2024-09-23
11687.56640625,ULTRACEMCO.NS,2024-09-24
11741.87109375,ULTRACEMCO.NS,2024-09-25
11989.0048828125,ULTRACEMCO.NS,2024-09-26
11877.0146484375,ULTRACEMCO.NS,2024-09-27
11727.662109375,ULTRACEMCO.NS,2024-09-30
11762.5908203125,ULTRACEMCO.NS,2024-10-01
11650.9482421875,ULTRACEMCO.NS,2024-10-03
11378.126953125,ULTRACEMCO.NS,2024-10-04
11159.6123046875,ULTRACEMCO.NS,2024-10-07
11318.0576171875,ULTRACEMCO.NS,2024-10-08
11278.658203125,ULTRACEMCO.NS,2024-10-09
11358.0546875,ULTRACEMCO.NS,2024-10-10
11349.359375,ULTRACEMCO.NS,2024-10-11
11229.1220703125,ULTRACEMCO.NS,2024-10-14
11344.98828125,ULTRACEMCO.NS,2024-10-15
11250.9833984375,ULTRACEMCO.NS,2024-10-16
10947.904296875,ULTRACEMCO.NS,2024-10-17
10999.5771484375,ULTRACEMCO.NS,2024-10-18
10800.8369140625,ULTRACEMCO.NS,2024-10-21
10756.96484375,ULTRACEMCO.NS,2024-10-22
10685.318359375,ULTRACEMCO.NS,2024-10-23
10974.0380859375,ULTRACEMCO.NS,2024-10-24
10925.943359375,ULTRACEMCO.NS,2024-10-25
11022.7294921875,ULTRACEMCO.NS,2024-10-28
11042.107421875,ULTRACEMCO.NS,2024-10-29
11134.521484375,ULTRACEMCO.NS,2024-10-30
10995.9501953125,ULTRACEMCO.NS,2024-10-31
11075.5947265625,ULTRACEMCO.NS,2024-11-01
10932.5517578125,ULTRACEMCO.NS,2024-11-04
11105.9521484375,ULTRACEMCO.NS,2024-11-05
11203.3857421875,ULTRACEMCO.NS,2024-11-06
10981.193359375,ULTRACEMCO.NS,2024-11-07
10973.7900390625,ULTRACEMCO.NS,2024-11-08
10901.349609375,ULTRACEMCO.NS,2024-11-11
10823.3935546875,ULTRACEMCO.NS,2024-11-12
10714.28515625,ULTRACEMCO.NS,2024-11-13
10660.923828125,ULTRACEMCO.NS,2024-11-14
10563.9384765625,ULTRACEMCO.NS,2024-11-18
10701.71484375,ULTRACEMCO.NS,2024-11-19
10885.84765625,ULTRACEMCO.NS,2024-11-21
11303.6494140625,ULTRACEMCO.NS,2024-11-22
11385.2822265625,ULTRACEMCO.NS,2024-11-25
11051.0009765625,ULTRACEMCO.NS,2024-11-26
11069.732421875,ULTRACEMCO.NS,2024-11-27
10928.52734375,ULTRACEMCO.NS,2024-11-28
11131.5908203125,ULTRACEMCO.NS,2024-11-29
11575.177734375,ULTRACEMCO.NS,2024-12-02
11777.6943359375,ULTRACEMCO.NS,2024-12-03
11692.68359375,ULTRACEMCO.NS,2024-12-04
11857.6376953125,ULTRACEMCO.NS,2024-12-05
11773.869140625,ULTRACEMCO.NS,2024-12-06
11740.380859375,ULTRACEMCO.NS,2024-12-09
11671.8154296875,ULTRACEMCO.NS,2024-12-10
11823.5537109375,ULTRACEMCO.NS,2024-12-11
11782.265625,ULTRACEMCO.NS,2024-12-12
12007.7861328125,ULTRACEMCO.NS,2024-12-13
11867.2763671875,ULTRACEMCO.NS,2024-12-16
11700.7822265625,ULTRACEMCO.NS,2024-12-17
11689.8515625,ULTRACEMCO.NS,2024-12-18
11597.2880859375,ULTRACEMCO.NS,2024-12-19
11350.849609375,ULTRACEMCO.NS,2024-12-20
11400.3359375,ULTRACEMCO.NS,2024-12-23
11318.6044921875,ULTRACEMCO.NS,2024-12-24
11388.4619140625,ULTRACEMCO.NS,2024-12-26
11334.7021484375,ULTRACEMCO.NS,2024-12-27
11217.2470703125,ULTRACEMCO.NS,2024-12-30
11354.3779296875,ULTRACEMCO.NS,2024-12-31
11374.8974609375,ULTRACEMCO.NS,2025-01-01
11723.388671875,ULTRACEMCO.NS,2025-01-02
11711.7626953125,ULTRACEMCO.NS,2025-01-03
11431.140625,ULTRACEMCO.NS,2025-01-06
11545.3671875,ULTRACEMCO.NS,2025-01-07
11331.7216796875,ULTRACEMCO.NS,2025-01-08
11188.876953125,ULTRACEMCO.NS,2025-01-09
10796.7626953125,ULTRACEMCO.NS,2025-01-10
10548.2880859375,ULTRACEMCO.NS,2025-01-13
10417.71484375,ULTRACEMCO.NS,2025-01-14
10455.376953125,ULTRACEMCO.NS,2025-01-15
10569.205078125,ULTRACEMCO.NS,2025-01-16
10513.359375,ULTRACEMCO.NS,2025-01-17
10557.529296875,ULTRACEMCO.NS,2025-01-20
10600.60546875,ULTRACEMCO.NS,2025-01-21
10626.392578125,ULTRACEMCO.NS,2025-01-22
11348.962890625,ULTRACEMCO.NS,2025-01-23
11214.7626953125,ULTRACEMCO.NS,2025-01-24
11168.705078125,ULTRACEMCO.NS,2025-01-27
11225.1962890625,ULTRACEMCO.NS,2025-01-28
11472.130859375,ULTRACEMCO.NS,2025-01-29
11407.09375,ULTRACEMCO.NS,2025-01-30
11415.09375,ULTRACEMCO.NS,2025-01-31
11188.2314453125,ULTRACEMCO.NS,2025-02-01
11104.263671875,ULTRACEMCO.NS,2025-02-03
11446.59375,ULTRACEMCO.NS,2025-02-04
11512.724609375,ULTRACEMCO.NS,2025-02-05
11405.056640625,ULTRACEMCO.NS,2025-02-06
11567.2783203125,ULTRACEMCO.NS,2025-02-07
11459.66015625,ULTRACEMCO.NS,2025-02-10
11229.0224609375,ULTRACEMCO.NS,2025-02-11
11406.19921875,ULTRACEMCO.NS,2025-02-12
11473.7216796875,ULTRACEMCO.NS,2025-02-13
11192.9013671875,ULTRACEMCO.NS,2025-02-14
11417.7255859375,ULTRACEMCO.NS,2025-02-17
11237.66796875,ULTRACEMCO.NS,2025-02-18
11220.4267578125,ULTRACEMCO.NS,2025-02-19
11216.501953125,ULTRACEMCO.NS,2025-02-20
11086.97265625,ULTRACEMCO.NS,2025-02-21
10973.0947265625,ULTRACEMCO.NS,2025-02-24
10895.08984375,ULTRACEMCO.NS,2025-02-25
10381.8427734375,ULTRACEMCO.NS,2025-02-27
10064.6533203125,ULTRACEMCO.NS,2025-02-28
10275.6650390625,ULTRACEMCO.NS,2025-03-03
10304.7802734375,ULTRACEMCO.NS,2025-03-04
10398.2880859375,ULTRACEMCO.NS,2025-03-05
10427.4033203125,ULTRACEMCO.NS,2025-03-06
10515.744140625,ULTRACEMCO.NS,2025-03-07
10453.8359375,ULTRACEMCO.NS,2025-03-10
10373.4951171875,ULTRACEMCO.NS,2025-03-11
10454.134765625,ULTRACEMCO.NS,2025-03-12
10386.263671875,ULTRACEMCO.NS,2025-03-13
10480.666015625,ULTRACEMCO.NS,2025-03-17
10480.666015625,ULTRACEMCO.NS,2025-03-18
10864.3837890625,ULTRACEMCO.NS,2025-03-19
10879.1904296875,ULTRACEMCO.NS,2025-03-20
10907.609375,ULTRACEMCO.NS,2025-03-21
10981.5908203125,ULTRACEMCO.NS,2025-03-24
11349.2607421875,ULTRACEMCO.NS,2025-03-25
11330.2802734375,ULTRACEMCO.NS,2025-03-26
11526.5361328125,ULTRACEMCO.NS,2025-03-27
11437.0537109375,ULTRACEMCO.NS,2025-03-28
11306.978515625,ULTRACEMCO.NS,2025-04-01
11180.0830078125,ULTRACEMCO.NS,2025-04-02
11533.4921875,ULTRACEMCO.NS,2025-04-03
11426.22265625,ULTRACEMCO.NS,2025-04-04
11121.1064453125,ULTRACEMCO.NS,2025-04-07
11199.4599609375,ULTRACEMCO.NS,2025-04-08
11325.2626953125,ULTRACEMCO.NS,2025-04-09
11430.197265625,ULTRACEMCO.NS,2025-04-11
11645.1845703125,ULTRACEMCO.NS,2025-04-15
11654.1279296875,ULTRACEMCO.NS,2025-04-16
11826.0380859375,ULTRACEMCO.NS,2025-04-17
11858.830078125,ULTRACEMCO.NS,2025-04-21
11883.6728515625,ULTRACEMCO.NS,2025-04-22
11873.736328125,ULTRACEMCO.NS,2025-04-23
12082.4130859375,ULTRACEMCO.NS,2025-04-24
12159.921875,ULTRACEMCO.NS,2025-04-25
12037.6962890625,ULTRACEMCO.NS,2025-04-28
11794.240234375,ULTRACEMCO.NS,2025-04-29
11567.67578125,ULTRACEMCO.NS,2025-04-30
11539.8525390625,ULTRACEMCO.NS,2025-05-02
11596.4931640625,ULTRACEMCO.NS,2025-05-05
11619.3486328125,ULTRACEMCO.NS,2025-05-06
11584.568359375,ULTRACEMCO.NS,2025-05-07
11557.7392578125,ULTRACEMCO.NS,2025-05-08
11292.4208984375,ULTRACEMCO.NS,2025-05-09
11662.0771484375,ULTRACEMCO.NS,2025-05-12
11587.5498046875,ULTRACEMCO.NS,2025-05-13
11598.48046875,ULTRACEMCO.NS,2025-05-14
11819.08203125,ULTRACEMCO.NS,2025-05-15
11830.0126953125,ULTRACEMCO.NS,2025-05-16
11853.8623046875,ULTRACEMCO.NS,2025-05-19
11623.3232421875,ULTRACEMCO.NS,2025-05-20
11592.5185546875,ULTRACEMCO.NS,2025-05-21
11606.4306640625,ULTRACEMCO.NS,2025-05-22
11672.0146484375,ULTRACEMCO.NS,2025-05-23
11615.3740234375,ULTRACEMCO.NS,2025-05-26
11349.0615234375,ULTRACEMCO.NS,2025-05-27
11167.2138671875,ULTRACEMCO.NS,2025-05-28
11198.01953125,ULTRACEMCO.NS,2025-05-29
11139.390625,ULTRACEMCO.NS,2025-05-30
11124.4853515625,ULTRACEMCO.NS,2025-06-02
10965.4931640625,ULTRACEMCO.NS,2025-06-03
10963.505859375,ULTRACEMCO.NS,2025-06-04
11088.7119140625,ULTRACEMCO.NS,2025-06-05
11182.1201171875,ULTRACEMCO.NS,2025-06-06
11189.076171875,ULTRACEMCO.NS,2025-06-09
11319.2509765625,ULTRACEMCO.NS,2025-06-10
11391.791015625,ULTRACEMCO.NS,2025-06-11
11251.6787109375,ULTRACEMCO.NS,2025-06-12
11153.302734375,ULTRACEMCO.NS,2025-06-13
11422.595703125,ULTRACEMCO.NS,2025-06-16
11311.30078125,ULTRACEMCO.NS,2025-06-17
11334.15625,ULTRACEMCO.NS,2025-06-18
11348.068359375,ULTRACEMCO.NS,2025-06-19
11385.828125,ULTRACEMCO.NS,2025-06-20
11376.8857421875,ULTRACEMCO.NS,2025-06-23
11506.06640625,ULTRACEMCO.NS,2025-06-24
11659.0966796875,ULTRACEMCO.NS,2025-06-25
11875.7236328125,ULTRACEMCO.NS,2025-06-26
12136.0732421875,ULTRACEMCO.NS,2025-06-27
12016.8291015625,ULTRACEMCO.NS,2025-06-30
12133.091796875,ULTRACEMCO.NS,2025-07-01
12357.66796875,ULTRACEMCO.NS,2025-07-02
12319.908203125,ULTRACEMCO.NS,2025-07-03
12427.2275390625,ULTRACEMCO.NS,2025-07-04
12267.2412109375,ULTRACEMCO.NS,2025-07-07
12366.611328125,ULTRACEMCO.NS,2025-07-08
12482.875,ULTRACEMCO.NS,2025-07-09
12437.1640625,ULTRACEMCO.NS,2025-07-10
12416.296875,ULTRACEMCO.NS,2025-07-11
12437.1640625,ULTRACEMCO.NS,2025-07-14
12423.2529296875,ULTRACEMCO.NS,2025-07-15
12374.5615234375,ULTRACEMCO.NS,2025-07-16
12416.296875,ULTRACEMCO.NS,2025-07-17
12419.2783203125,ULTRACEMCO.NS,2025-07-18
12497.7802734375,ULTRACEMCO.NS,2025-07-21
12373.5673828125,ULTRACEMCO.NS,2025-07-22
12294.0712890625,ULTRACEMCO.NS,2025-07-23
12226.5,ULTRACEMCO.NS,2025-07-24
12250.0,ULTRACEMCO.NS,2025-07-25
12240.0,ULTRACEMCO.NS,2025-07-28
12221.0,ULTRACEMCO.NS,2025-07-29
12268.0,ULTRACEMCO.NS,2025-07-30
12249.0,ULTRACEMCO.NS,2025-07-31
12113.0,ULTRACEMCO.NS,2025-08-01
12257.0,ULTRACEMCO.NS,2025-08-04
12298.0,ULTRACEMCO.NS,2025-08-05
12226.0,ULTRACEMCO.NS,2025-08-06
12273.0,ULTRACEMCO.NS,2025-08-07
12157.0,ULTRACEMCO.NS,2025-08-08
12405.0,ULTRACEMCO.NS,2025-08-11
12449.0,ULTRACEMCO.NS,2025-08-12
12401.0,ULTRACEMCO.NS,2025-08-13
12317.0,ULTRACEMCO.NS,2025-08-14
12765.0,ULTRACEMCO.NS,2025-08-18
12863.0,ULTRACEMCO.NS,2025-08-19
12874.0,ULTRACEMCO.NS,2025-08-20
12870.0,ULTRACEMCO.NS,2025-08-21
12589.0,ULTRACEMCO.NS,2025-08-22
12606.0,ULTRACEMCO.NS,2025-08-25
12610.0,ULTRACEMCO.NS,2025-08-26
12521.0,ULTRACEMCO.NS,2025-08-28
12640.0,ULTRACEMCO.NS,2025-08-29
12826.0,ULTRACEMCO.NS,2025-09-01
12730.0,ULTRACEMCO.NS,2025-09-02
12733.0,ULTRACEMCO.NS,2025-09-03
12651.0,ULTRACEMCO.NS,2025-09-04
12601.0,ULTRACEMCO.NS,2025-09-05
12664.0,ULTRACEMCO.NS,2025-09-08
12572.0,ULTRACEMCO.NS,2025-09-09
12478.0,ULTRACEMCO.NS,2025-09-10
12392.0,ULTRACEMCO.NS,2025-09-11
12370.0,ULTRACEMCO.NS,2025-09-12
12435.0,ULTRACEMCO.NS,2025-09-15
12578.0,ULTRACEMCO.NS,2025-09-16
12721.0,ULTRACEMCO.NS,2025-09-17
12626.0,ULTRACEMCO.NS,2025-09-18
12508.0,ULTRACEMCO.NS,2025-09-19
12650.0,ULTRACEMCO.NS,2025-09-22
12401.0,ULTRACEMCO.NS,2025-09-23
12214.0,ULTRACEMCO.NS,2025-09-24
12141.0,ULTRACEMCO.NS,2025-09-25
12070.0,ULTRACEMCO.NS,2025-09-26
12041.0,ULTRACEMCO.NS,2025-09-29
12222.0,ULTRACEMCO.NS,2025-09-30
12095.0,ULTRACEMCO.NS,2025-10-01
12019.0,ULTRACEMCO.NS,2025-10-03
12055.0,ULTRACEMCO.NS,2025-10-06
12184.0,ULTRACEMCO.NS,2025-10-07
11991.0,ULTRACEMCO.NS,2025-10-08
12192.0,ULTRACEMCO.NS,2025-10-09
12281.0,ULTRACEMCO.NS,2025-10-10
12172.0,ULTRACEMCO.NS,2025-10-13
12070.0,ULTRACEMCO.NS,2025-10-14
12311.0,ULTRACEMCO.NS,2025-10-15
12358.0,ULTRACEMCO.NS,2025-10-16
12370.0,ULTRACEMCO.NS,2025-10-17
12346.0,ULTRACEMCO.NS,2025-10-20
12342.0,ULTRACEMCO.NS,2025-10-21
12145.0,ULTRACEMCO.NS,2025-10-23
11918.0,ULTRACEMCO.NS,2025-10-24
12015.0,ULTRACEMCO.NS,2025-10-27
11931.0,ULTRACEMCO.NS,2025-10-28
11999.0,ULTRACEMCO.NS,2025-10-29
12053.0,ULTRACEMCO.NS,2025-10-30
11947.0,ULTRACEMCO.NS,2025-10-31
11950.0,ULTRACEMCO.NS,2025-11-03
11819.0,ULTRACEMCO.NS,2025-11-04
11910.0,ULTRACEMCO.NS,2025-11-06
11849.0,ULTRACEMCO.NS,2025-11-07
11728.0,ULTRACEMCO.NS,2025-11-10
11825.0,ULTRACEMCO.NS,2025-11-11
11921.0,ULTRACEMCO.NS,2025-11-12
11934.0,ULTRACEMCO.NS,2025-11-13
11874.0,ULTRACEMCO.NS,2025-11-14
11778.0,ULTRACEMCO.NS,2025-11-17
11707.0,ULTRACEMCO.NS,2025-11-18
11666.0,ULTRACEMCO.NS,2025-11-19
11753.0,ULTRACEMCO.NS,2025-11-20
11729.0,ULTRACEMCO.NS,2025-11-21
11584.0,ULTRACEMCO.NS,2025-11-24
11580.0,ULTRACEMCO.NS,2025-11-25
11759.0,ULTRACEMCO.NS,2025-11-26
11617.0,ULTRACEMCO.NS,2025-11-27
11600.0,ULTRACEMCO.NS,2025-11-28
11662.0,ULTRACEMCO.NS,2025-12-01
11666.0,ULTRACEMCO.NS,2025-12-02
11591.0,ULTRACEMCO.NS,2025-12-03
11608.0,ULTRACEMCO.NS,2025-12-04
11597.0,ULTRACEMCO.NS,2025-12-05
11540.0,ULTRACEMCO.NS,2025-12-08
11414.0,ULTRACEMCO.NS,2025-12-09
11317.0,ULTRACEMCO.NS,2025-12-10
11472.0,ULTRACEMCO.NS,2025-12-11
11723.0,ULTRACEMCO.NS,2025-12-12
11728.0,ULTRACEMCO.NS,2025-12-15
11528.0,ULTRACEMCO.NS,2025-12-16
11540.0,ULTRACEMCO.NS,2025-12-17
11461.0,ULTRACEMCO.NS,2025-12-18
11496.0,ULTRACEMCO.NS,2025-12-19
11532.0,ULTRACEMCO.NS,2025-12-22
11678.0,ULTRACEMCO.NS,2025-12-23
11764.0,ULTRACEMCO.NS,2025-12-24
11794.0,ULTRACEMCO.NS,2025-12-26
11799.0,ULTRACEMCO.NS,2025-12-29
11705.0,ULTRACEMCO.NS,2025-12-30
11784.0,ULTRACEMCO.NS,2025-12-31
11901.0,ULTRACEMCO.NS,2026-01-01
11899.0,ULTRACEMCO.NS,2026-01-02
12087.0,ULTRACEMCO.NS,2026-01-05
12204.0,ULTRACEMCO.NS,2026-01-06
12184.0,ULTRACEMCO.NS,2026-01-07
12064.0,ULTRACEMCO.NS,2026-01-08
11937.0,ULTRACEMCO.NS,2026-01-09
12098.0,ULTRACEMCO.NS,2026-01-12
12044.0,ULTRACEMCO.NS,2026-01-13
12255.0,ULTRACEMCO.NS,2026-01-14
12255.0,ULTRACEMCO.NS,2026-01-15
12378.0,ULTRACEMCO.NS,2026-01-16
12297.0,ULTRACEMCO.NS,2026-01-19
12059.0,ULTRACEMCO.NS,2026-01-20
12231.0,ULTRACEMCO.NS,2026-01-21
12364.0,ULTRACEMCO.NS,2026-01-22
12369.0,ULTRACEMCO.NS,2026-01-23
12589.0,ULTRACEMCO.NS,2026-01-27
12767.0,ULTRACEMCO.NS,2026-01-28
12717.0,ULTRACEMCO.NS,2026-01-29
12694.0,ULTRACEMCO.NS,2026-01-30
12535.0,ULTRACEMCO.NS,2026-02-02
12590.0,ULTRACEMCO.NS,2026-02-03
12806.0,ULTRACEMCO.NS,2026-02-04
12773.0,ULTRACEMCO.NS,2026-02-05
12722.0,ULTRACEMCO.NS,2026-02-06
13048.0,ULTRACEMCO.NS,2026-02-09
13023.0,ULTRACEMCO.NS,2026-02-10
12969.0,ULTRACEMCO.NS,2026-02-11
13029.0,ULTRACEMCO.NS,2026-02-12
12963.0,ULTRACEMCO.NS,2026-02-13
12981.0,ULTRACEMCO.NS,2026-02-16
12984.0,ULTRACEMCO.NS,2026-02-17
13052.0,ULTRACEMCO.NS,2026-02-18
12688.0,ULTRACEMCO.NS,2026-02-19
12766.0,ULTRACEMCO.NS,2026-02-20
12976.0,ULTRACEMCO.NS,2026-02-23
12960.0,ULTRACEMCO.NS,2026-02-24
13041.0,ULTRACEMCO.NS,2026-02-25
12937.0,ULTRACEMCO.NS,2026-02-26
12677.0,ULTRACEMCO.NS,2026-02-27
12521.0,ULTRACEMCO.NS,2026-03-02
12107.0,ULTRACEMCO.NS,2026-03-04
12288.0,ULTRACEMCO.NS,2026-03-05
11987.0,ULTRACEMCO.NS,2026-03-06
11378.0,ULTRACEMCO.NS,2026-03-09
11654.0,ULTRACEMCO.NS,2026-03-10
11462.0,ULTRACEMCO.NS,2026-03-11
11089.0,ULTRACEMCO.NS,2026-03-12
10616.0,ULTRACEMCO.NS,2026-03-13
11099.0,ULTRACEMCO.NS,2026-03-16
11116.0,ULTRACEMCO.NS,2026-03-17
11247.0,ULTRACEMCO.NS,2026-03-18
10814.0,ULTRACEMCO.NS,2026-03-19
10934.0,ULTRACEMCO.NS,2026-03-20
10362.0,ULTRACEMCO.NS,2026-03-23
10764.0,ULTRACEMCO.NS,2026-03-24
11204.0,ULTRACEMCO.NS,2026-03-25
11049.0,ULTRACEMCO.NS,2026-03-27
10745.0,ULTRACEMCO.NS,2026-03-30
10714.0,ULTRACEMCO.NS,2026-04-01
10620.0,ULTRACEMCO.NS,2026-04-02
10955.0,ULTRACEMCO.NS,2026-04-06
10936.0,ULTRACEMCO.NS,2026-04-07
11603.0,ULTRACEMCO.NS,2026-04-08
11448.0,ULTRACEMCO.NS,2026-04-09
11589.0,ULTRACEMCO.NS,2026-04-10
11502.0,ULTRACEMCO.NS,2026-04-13
11785.0,ULTRACEMCO.NS,2026-04-15
11826.0,ULTRACEMCO.NS,2026-04-16
11886.0,ULTRACEMCO.NS,2026-04-17
11917.0,ULTRACEMCO.NS,2026-04-20
12039.0,ULTRACEMCO.NS,2026-04-21
12193.0,ULTRACEMCO.NS,2026-04-22
12167.0,ULTRACEMCO.NS,2026-04-23
11998.0,ULTRACEMCO.NS,2026-04-24
12010.0,ULTRACEMCO.NS,2026-04-27
11817.0,ULTRACEMCO.NS,2026-04-28
11833.0,ULTRACEMCO.NS,2026-04-29
11586.0,ULTRACEMCO.NS,2026-04-30
11586.0,ULTRACEMCO.NS,2026-05-01
11758.0,ULTRACEMCO.NS,2026-05-04
11963.0,ULTRACEMCO.NS,2026-05-05
12093.0,ULTRACEMCO.NS,2026-05-06
12146.0,ULTRACEMCO.NS,2026-05-07
11950.0,ULTRACEMCO.NS,2026-05-08
11866.0,ULTRACEMCO.NS,2026-05-11
11516.0,ULTRACEMCO.NS,2026-05-12
11573.0,ULTRACEMCO.NS,2026-05-13
11692.0,ULTRACEMCO.NS,2026-05-14
11487.0,ULTRACEMCO.NS,2026-05-15
11561.0,ULTRACEMCO.NS,2026-05-18
11368.0,ULTRACEMCO.NS,2026-05-19
11409.0,ULTRACEMCO.NS,2026-05-20
11474.0,ULTRACEMCO.NS,2026-05-21
11569.0,ULTRACEMCO.NS,2026-05-22
11726.0,ULTRACEMCO.NS,2026-05-25
11623.0,ULTRACEMCO.NS,2026-05-26
11689.0,ULTRACEMCO.NS,2026-05-27
11689.0,ULTRACEMCO.NS,2026-05-28
11482.0,ULTRACEMCO.NS,2026-05-29
11232.0,ULTRACEMCO.NS,2026-06-01
11165.0,ULTRACEMCO.NS,2026-06-02
11101.0,ULTRACEMCO.NS,2026-06-03
10997.0,ULTRACEMCO.NS,2026-06-04
10912.0,ULTRACEMCO.NS,2026-06-05
10795.0,ULTRACEMCO.NS,2026-06-08
10911.0,ULTRACEMCO.NS,2026-06-09
10866.0,ULTRACEMCO.NS,2026-06-10
10830.0,ULTRACEMCO.NS,2026-06-11
11117.0,ULTRACEMCO.NS,2026-06-12
11466.0,ULTRACEMCO.NS,2026-06-15
11391.0,ULTRACEMCO.NS,2026-06-16
11373.0,ULTRACEMCO.NS,2026-06-17
11430.0,ULTRACEMCO.NS,2026-06-18
11367.0,ULTRACEMCO.NS,2026-06-19
11402.0,ULTRACEMCO.NS,2026-06-22
11307.0,ULTRACEMCO.NS,2026-06-23
11430.0,ULTRACEMCO.NS,2026-06-24
11489.0,ULTRACEMCO.NS,2026-06-25
11489.0,ULTRACEMCO.NS,2026-06-26
11336.0,ULTRACEMCO.NS,2026-06-29
2102.469482421875,TITAN.NS,2022-05-20
2116.4892578125,TITAN.NS,2022-05-23
2105.617919921875,TITAN.NS,2022-05-24
2079.2021484375,TITAN.NS,2022-05-25
2107.290283203125,TITAN.NS,2022-05-26
2114.4228515625,TITAN.NS,2022-05-27
2219.39599609375,TITAN.NS,2022-05-30
2180.14208984375,TITAN.NS,2022-05-31
2162.039794921875,TITAN.NS,2022-06-01
2185.011962890625,TITAN.NS,2022-06-02
2168.7294921875,TITAN.NS,2022-06-03
2162.974365234375,TITAN.NS,2022-06-06
2066.805908203125,TITAN.NS,2022-06-07
2094.40234375,TITAN.NS,2022-06-08
2105.076416015625,TITAN.NS,2022-06-09
2107.58544921875,TITAN.NS,2022-06-10
2068.380126953125,TITAN.NS,2022-06-13
2067.986572265625,TITAN.NS,2022-06-14
2070.987060546875,TITAN.NS,2022-06-15
2027.6007080078125,TITAN.NS,2022-06-16
1905.115478515625,TITAN.NS,2022-06-17
1929.956787109375,TITAN.NS,2022-06-20
2044.473388671875,TITAN.NS,2022-06-21
1998.3321533203125,TITAN.NS,2022-06-22
2008.3673095703125,TITAN.NS,2022-06-23
2012.4991455078125,TITAN.NS,2022-06-24
2007.2850341796875,TITAN.NS,2022-06-27
1936.2042236328125,TITAN.NS,2022-06-28
1904.8203125,TITAN.NS,2022-06-29
1909.8377685546875,TITAN.NS,2022-06-30
1914.7076416015625,TITAN.NS,2022-07-01
1930.7440185546875,TITAN.NS,2022-07-04
1922.62744140625,TITAN.NS,2022-07-05
1980.9678955078125,TITAN.NS,2022-07-06
2093.07373046875,TITAN.NS,2022-07-07
2117.114990234375,TITAN.NS,2022-07-08
2136.120361328125,TITAN.NS,2022-07-11
2102.947021484375,TITAN.NS,2022-07-12
2084.5830078125,TITAN.NS,2022-07-13
2100.42919921875,TITAN.NS,2022-07-14
2161.888671875,TITAN.NS,2022-07-15
2209.032470703125,TITAN.NS,2022-07-18
2212.734375,TITAN.NS,2022-07-19
2242.353515625,TITAN.NS,2022-07-20
2259.532470703125,TITAN.NS,2022-07-21
2295.47021484375,TITAN.NS,2022-07-22
2299.271240234375,TITAN.NS,2022-07-25
2264.07421875,TITAN.NS,2022-07-26
2274.292724609375,TITAN.NS,2022-07-27
2304.99755859375,TITAN.NS,2022-07-28
2322.176513671875,TITAN.NS,2022-07-29
2346.0693359375,TITAN.NS,2022-08-01
2354.658935546875,TITAN.NS,2022-08-02
2385.709228515625,TITAN.NS,2022-08-03
2392.867431640625,TITAN.NS,2022-08-04
2401.901123046875,TITAN.NS,2022-08-05
2415.87109375,TITAN.NS,2022-08-08
2402.691162109375,TITAN.NS,2022-08-10
2440.948974609375,TITAN.NS,2022-08-11
2440.553955078125,TITAN.NS,2022-08-12
2462.17578125,TITAN.NS,2022-08-16
2460.546630859375,TITAN.NS,2022-08-17
2447.21826171875,TITAN.NS,2022-08-18
2409.60205078125,TITAN.NS,2022-08-19
2386.89404296875,TITAN.NS,2022-08-22
2448.698974609375,TITAN.NS,2022-08-23
2429.44677734375,TITAN.NS,2022-08-24
2435.123779296875,TITAN.NS,2022-08-25
2500.729736328125,TITAN.NS,2022-08-26
2499.545166015625,TITAN.NS,2022-08-29
2571.568359375,TITAN.NS,2022-08-30
2588.6982421875,TITAN.NS,2022-09-01
2579.41748046875,TITAN.NS,2022-09-02
2593.980224609375,TITAN.NS,2022-09-05
2598.225341796875,TITAN.NS,2022-09-06
2604.248046875,TITAN.NS,2022-09-07
2593.338134765625,TITAN.NS,2022-09-08
2570.3837890625,TITAN.NS,2022-09-09
2627.3505859375,TITAN.NS,2022-09-12
2671.18701171875,TITAN.NS,2022-09-13
2666.2998046875,TITAN.NS,2022-09-14
2622.414306640625,TITAN.NS,2022-09-15
2578.627685546875,TITAN.NS,2022-09-16
2586.526123046875,TITAN.NS,2022-09-19
2649.910400390625,TITAN.NS,2022-09-20
2632.78076171875,TITAN.NS,2022-09-21
2702.829833984375,TITAN.NS,2022-09-22
2638.50732421875,TITAN.NS,2022-09-23
2621.7724609375,TITAN.NS,2022-09-26
2567.322998046875,TITAN.NS,2022-09-27
2544.22021484375,TITAN.NS,2022-09-28
2499.347412109375,TITAN.NS,2022-09-29
2573.83935546875,TITAN.NS,2022-09-30
2541.5048828125,TITAN.NS,2022-10-03
2552.266845703125,TITAN.NS,2022-10-04
2559.91845703125,TITAN.NS,2022-10-06
2695.820068359375,TITAN.NS,2022-10-07
2646.060302734375,TITAN.NS,2022-10-10
2591.166259765625,TITAN.NS,2022-10-11
2588.056396484375,TITAN.NS,2022-10-12
2565.64453125,TITAN.NS,2022-10-13
2584.55126953125,TITAN.NS,2022-10-14
2591.66015625,TITAN.NS,2022-10-17
2607.555419921875,TITAN.NS,2022-10-18
2610.961669921875,TITAN.NS,2022-10-19
2598.077392578125,TITAN.NS,2022-10-20
2631.793212890625,TITAN.NS,2022-10-21
2649.8115234375,TITAN.NS,2022-10-24
2636.384521484375,TITAN.NS,2022-10-25
2669.458984375,TITAN.NS,2022-10-27
2701.64501953125,TITAN.NS,2022-10-28
2726.42626953125,TITAN.NS,2022-10-31
2719.95947265625,TITAN.NS,2022-11-01
2693.7958984375,TITAN.NS,2022-11-02
2728.548583984375,TITAN.NS,2022-11-03
2734.52197265625,TITAN.NS,2022-11-04
2706.72998046875,TITAN.NS,2022-11-07
2683.57763671875,TITAN.NS,2022-11-09
2607.456787109375,TITAN.NS,2022-11-10
2618.11962890625,TITAN.NS,2022-11-11
2596.399169921875,TITAN.NS,2022-11-14
2622.907958984375,TITAN.NS,2022-11-15
2610.71484375,TITAN.NS,2022-11-16
2549.2060546875,TITAN.NS,2022-11-17
2533.2119140625,TITAN.NS,2022-11-18
2540.666015625,TITAN.NS,2022-11-21
2573.098876953125,TITAN.NS,2022-11-22
2568.705078125,TITAN.NS,2022-11-23
2577.0478515625,TITAN.NS,2022-11-24
2562.435791015625,TITAN.NS,2022-11-25
2559.326171875,TITAN.NS,2022-11-28
2580.552734375,TITAN.NS,2022-11-29
2619.304443359375,TITAN.NS,2022-11-30
2605.185546875,TITAN.NS,2022-12-01
2584.650146484375,TITAN.NS,2022-12-02
2582.428466796875,TITAN.NS,2022-12-05
2583.76171875,TITAN.NS,2022-12-06
2563.867431640625,TITAN.NS,2022-12-07
2550.68701171875,TITAN.NS,2022-12-08
2582.231201171875,TITAN.NS,2022-12-09
2551.822265625,TITAN.NS,2022-12-12
2543.18359375,TITAN.NS,2022-12-13
2558.190673828125,TITAN.NS,2022-12-14
2490.6591796875,TITAN.NS,2022-12-15
2451.3154296875,TITAN.NS,2022-12-16
2489.770751953125,TITAN.NS,2022-12-19
2476.293701171875,TITAN.NS,2022-12-20
2457.979736328125,TITAN.NS,2022-12-21
2451.46337890625,TITAN.NS,2022-12-22
2451.512939453125,TITAN.NS,2022-12-23
2449.587890625,TITAN.NS,2022-12-26
2471.752685546875,TITAN.NS,2022-12-27
2547.379638671875,TITAN.NS,2022-12-28
2520.821044921875,TITAN.NS,2022-12-29
2564.50927734375,TITAN.NS,2022-12-30
2533.16259765625,TITAN.NS,2023-01-02
2580.40478515625,TITAN.NS,2023-01-03
2564.55859375,TITAN.NS,2023-01-04
2529.558837890625,TITAN.NS,2023-01-05
2505.864013671875,TITAN.NS,2023-01-06
2453.09228515625,TITAN.NS,2023-01-09
2436.85107421875,TITAN.NS,2023-01-10
2406.442626953125,TITAN.NS,2023-01-11
2415.52587890625,TITAN.NS,2023-01-12
2386.499267578125,TITAN.NS,2023-01-13
2375.29345703125,TITAN.NS,2023-01-16
2377.366943359375,TITAN.NS,2023-01-17
2393.311767578125,TITAN.NS,2023-01-18
2354.757568359375,TITAN.NS,2023-01-19
2341.182373046875,TITAN.NS,2023-01-20
2334.666015625,TITAN.NS,2023-01-23
2340.63916015625,TITAN.NS,2023-01-24
2326.6689453125,TITAN.NS,2023-01-25
2301.640869140625,TITAN.NS,2023-01-27
2305.88623046875,TITAN.NS,2023-01-30
2346.9580078125,TITAN.NS,2023-01-31
2316.104736328125,TITAN.NS,2023-02-01
2278.784912109375,TITAN.NS,2023-02-02
2431.81640625,TITAN.NS,2023-02-03
2426.781005859375,TITAN.NS,2023-02-06
2415.822021484375,TITAN.NS,2023-02-07
2435.419921875,TITAN.NS,2023-02-08
2431.273193359375,TITAN.NS,2023-02-09
2437.1474609375,TITAN.NS,2023-02-10
2487.0556640625,TITAN.NS,2023-02-13
2475.059814453125,TITAN.NS,2023-02-14
2492.239013671875,TITAN.NS,2023-02-15
2490.363037109375,TITAN.NS,2023-02-16
2468.543701171875,TITAN.NS,2023-02-17
2442.725830078125,TITAN.NS,2023-02-20
2432.31005859375,TITAN.NS,2023-02-21
2400.6669921875,TITAN.NS,2023-02-22
2364.087646484375,TITAN.NS,2023-02-23
2368.629150390625,TITAN.NS,2023-02-24
2370.5048828125,TITAN.NS,2023-02-27
2342.663330078125,TITAN.NS,2023-02-28
2352.141357421875,TITAN.NS,2023-03-01
2328.989013671875,TITAN.NS,2023-03-02
2365.667236328125,TITAN.NS,2023-03-03
2372.923828125,TITAN.NS,2023-03-06
2366.654541015625,TITAN.NS,2023-03-08
2338.1708984375,TITAN.NS,2023-03-09
2345.328857421875,TITAN.NS,2023-03-10
2302.38134765625,TITAN.NS,2023-03-13
2325.681884765625,TITAN.NS,2023-03-14
2368.629150390625,TITAN.NS,2023-03-15
2419.228515625,TITAN.NS,2023-03-16
2424.4609375,TITAN.NS,2023-03-17
2428.706298828125,TITAN.NS,2023-03-20
2482.119140625,TITAN.NS,2023-03-21
2476.293701171875,TITAN.NS,2023-03-22
2487.0556640625,TITAN.NS,2023-03-23
2461.68212890625,TITAN.NS,2023-03-24
2462.71875,TITAN.NS,2023-03-27
2468.543701171875,TITAN.NS,2023-03-28
2483.1064453125,TITAN.NS,2023-03-29
2482.958251953125,TITAN.NS,2023-03-31
2505.17236328125,TITAN.NS,2023-04-03
2540.024169921875,TITAN.NS,2023-04-05
2516.08203125,TITAN.NS,2023-04-06
2550.884521484375,TITAN.NS,2023-04-10
2547.28076171875,TITAN.NS,2023-04-11
2555.03125,TITAN.NS,2023-04-12
2552.809814453125,TITAN.NS,2023-04-13
2572.50634765625,TITAN.NS,2023-04-17
2544.960693359375,TITAN.NS,2023-04-18
2536.667236328125,TITAN.NS,2023-04-19
2546.4912109375,TITAN.NS,2023-04-20
2535.68017578125,TITAN.NS,2023-04-21
2596.15234375,TITAN.NS,2023-04-24
2599.755615234375,TITAN.NS,2023-04-25
2607.456787109375,TITAN.NS,2023-04-26
2629.62158203125,TITAN.NS,2023-04-27
2608.2958984375,TITAN.NS,2023-04-28
2630.016357421875,TITAN.NS,2023-05-02
2620.34130859375,TITAN.NS,2023-05-03
2636.4833984375,TITAN.NS,2023-05-04
2698.189453125,TITAN.NS,2023-05-05
2716.306640625,TITAN.NS,2023-05-08
2713.49267578125,TITAN.NS,2023-05-09
2710.580078125,TITAN.NS,2023-05-10
2722.82275390625,TITAN.NS,2023-05-11
2737.977783203125,TITAN.NS,2023-05-12
2744.246826171875,TITAN.NS,2023-05-15
2754.81103515625,TITAN.NS,2023-05-16
2727.314697265625,TITAN.NS,2023-05-17
2687.27978515625,TITAN.NS,2023-05-18
2667.336181640625,TITAN.NS,2023-05-19
2678.09814453125,TITAN.NS,2023-05-22
2649.367431640625,TITAN.NS,2023-05-23
2672.865234375,TITAN.NS,2023-05-24
2673.556396484375,TITAN.NS,2023-05-25
2707.322021484375,TITAN.NS,2023-05-26
2776.531494140625,TITAN.NS,2023-05-29
2766.905517578125,TITAN.NS,2023-05-30
2787.391845703125,TITAN.NS,2023-05-31
2791.34130859375,TITAN.NS,2023-06-01
2825.304443359375,TITAN.NS,2023-06-02
2819.429931640625,TITAN.NS,2023-06-05
2844.8525390625,TITAN.NS,2023-06-06
2870.02880859375,TITAN.NS,2023-06-07
2840.459228515625,TITAN.NS,2023-06-08
2839.71875,TITAN.NS,2023-06-09
2816.369140625,TITAN.NS,2023-06-12
2875.508056640625,TITAN.NS,2023-06-13
2870.127685546875,TITAN.NS,2023-06-14
2871.0654296875,TITAN.NS,2023-06-15
2916.777587890625,TITAN.NS,2023-06-16
2930.89599609375,TITAN.NS,2023-06-19
2936.2275390625,TITAN.NS,2023-06-20
2933.364013671875,TITAN.NS,2023-06-21
2932.52490234375,TITAN.NS,2023-06-22
2901.81982421875,TITAN.NS,2023-06-23
2934.84521484375,TITAN.NS,2023-06-26
2937.90576171875,TITAN.NS,2023-06-27
2989.64013671875,TITAN.NS,2023-06-28
3008.941650390625,TITAN.NS,2023-06-30
2999.71044921875,TITAN.NS,2023-07-03
3035.5986328125,TITAN.NS,2023-07-04
3060.47900390625,TITAN.NS,2023-07-05
3066.945556640625,TITAN.NS,2023-07-06
3104.068115234375,TITAN.NS,2023-07-07
3006.86865234375,TITAN.NS,2023-07-10
3048.384521484375,TITAN.NS,2023-07-11
3057.17138671875,TITAN.NS,2023-07-12
3055.43798828125,TITAN.NS,2023-07-13
3026.515625,TITAN.NS,2023-07-14
3004.62548828125,TITAN.NS,2023-07-17
2967.97705078125,TITAN.NS,2023-07-18
2967.1845703125,TITAN.NS,2023-07-19
2960.895263671875,TITAN.NS,2023-07-20
2948.0185546875,TITAN.NS,2023-07-21
2950.890869140625,TITAN.NS,2023-07-24
3000.2177734375,TITAN.NS,2023-07-25
2979.763916015625,TITAN.NS,2023-07-26
2973.5732421875,TITAN.NS,2023-07-27
2958.616943359375,TITAN.NS,2023-07-28
2975.5048828125,TITAN.NS,2023-07-31
2973.375244140625,TITAN.NS,2023-08-01
2948.8603515625,TITAN.NS,2023-08-02
2874.523681640625,TITAN.NS,2023-08-03
2876.801513671875,TITAN.NS,2023-08-04
2877.0,TITAN.NS,2023-08-07
2893.49169921875,TITAN.NS,2023-08-08
2927.812255859375,TITAN.NS,2023-08-09
2960.15234375,TITAN.NS,2023-08-10
2988.579345703125,TITAN.NS,2023-08-11
2982.042236328125,TITAN.NS,2023-08-14
2982.48828125,TITAN.NS,2023-08-16
3042.5615234375,TITAN.NS,2023-08-17
3021.4638671875,TITAN.NS,2023-08-18
3049.04931640625,TITAN.NS,2023-08-21
3046.375244140625,TITAN.NS,2023-08-22
3040.828125,TITAN.NS,2023-08-23
3032.11181640625,TITAN.NS,2023-08-24
3038.054931640625,TITAN.NS,2023-08-25
3019.58203125,TITAN.NS,2023-08-28
3050.138916015625,TITAN.NS,2023-08-29
3052.912109375,TITAN.NS,2023-08-30
3074.950927734375,TITAN.NS,2023-08-31
3087.18359375,TITAN.NS,2023-09-01
3070.84033203125,TITAN.NS,2023-09-04
3106.349609375,TITAN.NS,2023-09-05
3145.87060546875,TITAN.NS,2023-09-06
3142.6513671875,TITAN.NS,2023-09-07
3168.701416015625,TITAN.NS,2023-09-08
3182.7666015625,TITAN.NS,2023-09-11
3155.52783203125,TITAN.NS,2023-09-12
3232.192138671875,TITAN.NS,2023-09-13
3230.35986328125,TITAN.NS,2023-09-14
3217.731201171875,TITAN.NS,2023-09-15
3307.767333984375,TITAN.NS,2023-09-18
3275.229248046875,TITAN.NS,2023-09-20
3273.099853515625,TITAN.NS,2023-09-21
3243.385009765625,TITAN.NS,2023-09-22
3252.7451171875,TITAN.NS,2023-09-25
3231.59814453125,TITAN.NS,2023-09-26
3184.004638671875,TITAN.NS,2023-09-27
3127.249267578125,TITAN.NS,2023-09-28
3118.87939453125,TITAN.NS,2023-09-29
3165.87841796875,TITAN.NS,2023-10-03
3136.5595703125,TITAN.NS,2023-10-04
3185.936279296875,TITAN.NS,2023-10-05
3278.300048828125,TITAN.NS,2023-10-06
3236.45166015625,TITAN.NS,2023-10-09
3238.13525390625,TITAN.NS,2023-10-10
3249.327880859375,TITAN.NS,2023-10-11
3253.78515625,TITAN.NS,2023-10-12
3252.547119140625,TITAN.NS,2023-10-13
3270.029296875,TITAN.NS,2023-10-16
3277.01220703125,TITAN.NS,2023-10-17
3251.556640625,TITAN.NS,2023-10-18
3253.4384765625,TITAN.NS,2023-10-19
3235.163818359375,TITAN.NS,2023-10-20
3189.155029296875,TITAN.NS,2023-10-23
3157.558349609375,TITAN.NS,2023-10-25
3071.33544921875,TITAN.NS,2023-10-26
3091.046142578125,TITAN.NS,2023-10-27
3086.836669921875,TITAN.NS,2023-10-30
3159.341064453125,TITAN.NS,2023-10-31
3143.24560546875,TITAN.NS,2023-11-01
3171.07861328125,TITAN.NS,2023-11-02
3243.385009765625,TITAN.NS,2023-11-03
3236.005859375,TITAN.NS,2023-11-06
3239.1259765625,TITAN.NS,2023-11-07
3280.380126953125,TITAN.NS,2023-11-08
3252.547119140625,TITAN.NS,2023-11-09
3225.407470703125,TITAN.NS,2023-11-10
3233.727783203125,TITAN.NS,2023-11-13
3264.63134765625,TITAN.NS,2023-11-15
3304.2509765625,TITAN.NS,2023-11-16
3307.123779296875,TITAN.NS,2023-11-17
3314.056884765625,TITAN.NS,2023-11-20
3362.195068359375,TITAN.NS,2023-11-21
3397.259033203125,TITAN.NS,2023-11-22
3376.012451171875,TITAN.NS,2023-11-23
3364.67138671875,TITAN.NS,2023-11-24
3409.689697265625,TITAN.NS,2023-11-28
3396.7138671875,TITAN.NS,2023-11-29
3457.431640625,TITAN.NS,2023-11-30
3456.342041015625,TITAN.NS,2023-12-01
3455.25244140625,TITAN.NS,2023-12-04
3511.61181640625,TITAN.NS,2023-12-05
3513.196533203125,TITAN.NS,2023-12-06
3551.330810546875,TITAN.NS,2023-12-07
3600.112548828125,TITAN.NS,2023-12-08
3596.002197265625,TITAN.NS,2023-12-11
3537.463623046875,TITAN.NS,2023-12-12
3568.119873046875,TITAN.NS,2023-12-13
3557.273681640625,TITAN.NS,2023-12-14
3566.3369140625,TITAN.NS,2023-12-15
3585.205810546875,TITAN.NS,2023-12-18
3576.142822265625,TITAN.NS,2023-12-19
3520.328125,TITAN.NS,2023-12-20
3545.98193359375,TITAN.NS,2023-12-21
3592.882080078125,TITAN.NS,2023-12-22
3621.953125,TITAN.NS,2023-12-26
3654.194091796875,TITAN.NS,2023-12-27
3679.798583984375,TITAN.NS,2023-12-28
3640.525146484375,TITAN.NS,2023-12-29
3642.208740234375,TITAN.NS,2024-01-01
3663.1083984375,TITAN.NS,2024-01-02
3657.957763671875,TITAN.NS,2024-01-03
3684.3544921875,TITAN.NS,2024-01-04
3677.272705078125,TITAN.NS,2024-01-05
3670.834228515625,TITAN.NS,2024-01-08
3658.89892578125,TITAN.NS,2024-01-09
3679.154296875,TITAN.NS,2024-01-10
3663.455078125,TITAN.NS,2024-01-11
3690.594970703125,TITAN.NS,2024-01-12
3723.1328125,TITAN.NS,2024-01-15
3783.99853515625,TITAN.NS,2024-01-16
3793.656005859375,TITAN.NS,2024-01-17
3699.212158203125,TITAN.NS,2024-01-18
3774.390869140625,TITAN.NS,2024-01-19
3704.114990234375,TITAN.NS,2024-01-23
3732.047119140625,TITAN.NS,2024-01-24
3734.37451171875,TITAN.NS,2024-01-25
3829.908203125,TITAN.NS,2024-01-29
3700.252197265625,TITAN.NS,2024-01-30
3662.4150390625,TITAN.NS,2024-01-31
3592.981201171875,TITAN.NS,2024-02-01
3578.073974609375,TITAN.NS,2024-02-02
3518.2978515625,TITAN.NS,2024-02-05
3525.330078125,TITAN.NS,2024-02-06
3542.51513671875,TITAN.NS,2024-02-07
3515.375732421875,TITAN.NS,2024-02-08
3557.471923828125,TITAN.NS,2024-02-09
3551.18212890625,TITAN.NS,2024-02-12
3526.12255859375,TITAN.NS,2024-02-13
3551.4794921875,TITAN.NS,2024-02-14
3587.632568359375,TITAN.NS,2024-02-15
3620.66552734375,TITAN.NS,2024-02-16
3659.93896484375,TITAN.NS,2024-02-19
3651.668212890625,TITAN.NS,2024-02-20
3621.606689453125,TITAN.NS,2024-02-21
3617.347412109375,TITAN.NS,2024-02-22
3656.868408203125,TITAN.NS,2024-02-23
3588.078369140625,TITAN.NS,2024-02-26
3619.13037109375,TITAN.NS,2024-02-27
3560.54248046875,TITAN.NS,2024-02-28
3589.9599609375,TITAN.NS,2024-02-29
3730.115478515625,TITAN.NS,2024-03-01
3696.933837890625,TITAN.NS,2024-03-04
3715.109619140625,TITAN.NS,2024-03-05
3774.539306640625,TITAN.NS,2024-03-06
3750.916015625,TITAN.NS,2024-03-07
3714.51513671875,TITAN.NS,2024-03-11
3713.177978515625,TITAN.NS,2024-03-12
3591.24755859375,TITAN.NS,2024-03-13
3605.560546875,TITAN.NS,2024-03-14
3598.676513671875,TITAN.NS,2024-03-15
3545.684814453125,TITAN.NS,2024-03-18
3549.349609375,TITAN.NS,2024-03-19
3556.38232421875,TITAN.NS,2024-03-20
3593.080078125,TITAN.NS,2024-03-21
3671.47802734375,TITAN.NS,2024-03-22
3663.058837890625,TITAN.NS,2024-03-26
3723.67724609375,TITAN.NS,2024-03-27
3765.67431640625,TITAN.NS,2024-03-28
3702.87646484375,TITAN.NS,2024-04-01
3720.260009765625,TITAN.NS,2024-04-02
3677.222900390625,TITAN.NS,2024-04-03
3746.805419921875,TITAN.NS,2024-04-04
3718.774169921875,TITAN.NS,2024-04-05
3713.277099609375,TITAN.NS,2024-04-08
3644.38818359375,TITAN.NS,2024-04-09
3675.935546875,TITAN.NS,2024-04-10
3584.90869140625,TITAN.NS,2024-04-12
3566.38623046875,TITAN.NS,2024-04-15
3611.255859375,TITAN.NS,2024-04-16
3491.60400390625,TITAN.NS,2024-04-18
3529.193115234375,TITAN.NS,2024-04-19
3562.572998046875,TITAN.NS,2024-04-22
3598.478271484375,TITAN.NS,2024-04-23
3575.44921875,TITAN.NS,2024-04-24
3537.166748046875,TITAN.NS,2024-04-25
3550.736572265625,TITAN.NS,2024-04-26
3570.59619140625,TITAN.NS,2024-04-29
3555.144287109375,TITAN.NS,2024-04-30
3534.54150390625,TITAN.NS,2024-05-02
3500.31982421875,TITAN.NS,2024-05-03
3248.981201171875,TITAN.NS,2024-05-06
3239.81884765625,TITAN.NS,2024-05-07
3228.8740234375,TITAN.NS,2024-05-08
3214.858642578125,TITAN.NS,2024-05-09
3258.589111328125,TITAN.NS,2024-05-10
3222.73291015625,TITAN.NS,2024-05-13
3257.648193359375,TITAN.NS,2024-05-14
3237.49169921875,TITAN.NS,2024-05-15
3302.22021484375,TITAN.NS,2024-05-16
3329.211669921875,TITAN.NS,2024-05-17
3344.9111328125,TITAN.NS,2024-05-21
3351.69580078125,TITAN.NS,2024-05-22
3419.248046875,TITAN.NS,2024-05-23
3379.974609375,TITAN.NS,2024-05-24
3371.06005859375,TITAN.NS,2024-05-27
3377.0029296875,TITAN.NS,2024-05-28
3348.278564453125,TITAN.NS,2024-05-29
3240.760498046875,TITAN.NS,2024-05-30
3211.0947265625,TITAN.NS,2024-05-31
3230.211181640625,TITAN.NS,2024-06-03
3208.1728515625,TITAN.NS,2024-06-04
3286.125,TITAN.NS,2024-06-05
3290.0869140625,TITAN.NS,2024-06-06
3411.323974609375,TITAN.NS,2024-06-07
3389.681396484375,TITAN.NS,2024-06-10
3378.290771484375,TITAN.NS,2024-06-11
3350.16064453125,TITAN.NS,2024-06-12
3439.20654296875,TITAN.NS,2024-06-13
3496.5068359375,TITAN.NS,2024-06-14
3554.896728515625,TITAN.NS,2024-06-18
3429.4501953125,TITAN.NS,2024-06-19
3403.30078125,TITAN.NS,2024-06-20
3367.44482421875,TITAN.NS,2024-06-21
3379.925048828125,TITAN.NS,2024-06-24
3370.119140625,TITAN.NS,2024-06-25
3340.701416015625,TITAN.NS,2024-06-26
3359.43359375,TITAN.NS,2024-06-27
3382.8857421875,TITAN.NS,2024-06-28
3409.96484375,TITAN.NS,2024-07-01
3378.364013671875,TITAN.NS,2024-07-02
3339.210693359375,TITAN.NS,2024-07-03
3315.112548828125,TITAN.NS,2024-07-04
3248.880126953125,TITAN.NS,2024-07-05
3136.4384765625,TITAN.NS,2024-07-08
3195.019287109375,TITAN.NS,2024-07-09
3204.8076171875,TITAN.NS,2024-07-10
3228.260009765625,TITAN.NS,2024-07-11
3209.62744140625,TITAN.NS,2024-07-12
3204.0126953125,TITAN.NS,2024-07-15
3213.801025390625,TITAN.NS,2024-07-16
3241.675537109375,TITAN.NS,2024-07-18
3238.594970703125,TITAN.NS,2024-07-19
3234.0732421875,TITAN.NS,2024-07-22
3445.143310546875,TITAN.NS,2024-07-23
3456.62109375,TITAN.NS,2024-07-24
3384.4755859375,TITAN.NS,2024-07-25
3472.2724609375,TITAN.NS,2024-07-26
3390.338623046875,TITAN.NS,2024-07-29
3446.534423828125,TITAN.NS,2024-07-30
3437.292724609375,TITAN.NS,2024-07-31
3446.634033203125,TITAN.NS,2024-08-01
3440.671875,TITAN.NS,2024-08-02
3354.8125,TITAN.NS,2024-08-05
3314.21826171875,TITAN.NS,2024-08-06
3305.423828125,TITAN.NS,2024-08-07
3275.85986328125,TITAN.NS,2024-08-08
3310.839599609375,TITAN.NS,2024-08-09
3300.0576171875,TITAN.NS,2024-08-12
3362.364990234375,TITAN.NS,2024-08-13
3380.848388671875,TITAN.NS,2024-08-14
3423.181640625,TITAN.NS,2024-08-16
3443.156005859375,TITAN.NS,2024-08-19
3453.142822265625,TITAN.NS,2024-08-20
3538.107666015625,TITAN.NS,2024-08-21
3581.832275390625,TITAN.NS,2024-08-22
3547.6474609375,TITAN.NS,2024-08-23
3607.470703125,TITAN.NS,2024-08-26
3529.01513671875,TITAN.NS,2024-08-27
3505.413818359375,TITAN.NS,2024-08-28
3511.077880859375,TITAN.NS,2024-08-29
3542.82763671875,TITAN.NS,2024-08-30
3565.087646484375,TITAN.NS,2024-09-02
3598.47705078125,TITAN.NS,2024-09-03
3585.111328125,TITAN.NS,2024-09-04
3699.540771484375,TITAN.NS,2024-09-05
3672.36181640625,TITAN.NS,2024-09-06
3661.48046875,TITAN.NS,2024-09-09
3704.06201171875,TITAN.NS,2024-09-10
3687.8642578125,TITAN.NS,2024-09-11
3740.68115234375,TITAN.NS,2024-09-12
3743.4140625,TITAN.NS,2024-09-13
3717.22900390625,TITAN.NS,2024-09-16
3743.8115234375,TITAN.NS,2024-09-17
3702.02490234375,TITAN.NS,2024-09-18
3757.276611328125,TITAN.NS,2024-09-19
3773.425048828125,TITAN.NS,2024-09-20
3796.181640625,TITAN.NS,2024-09-23
3761.201904296875,TITAN.NS,2024-09-24
3713.850341796875,TITAN.NS,2024-09-25
3734.0234375,TITAN.NS,2024-09-26
3792.802978515625,TITAN.NS,2024-09-27
3800.00732421875,TITAN.NS,2024-09-30
3752.307861328125,TITAN.NS,2024-10-01
3651.940185546875,TITAN.NS,2024-10-03
3647.120849609375,TITAN.NS,2024-10-04
3566.777099609375,TITAN.NS,2024-10-07
3471.4775390625,TITAN.NS,2024-10-08
3471.576904296875,TITAN.NS,2024-10-09
3425.666259765625,TITAN.NS,2024-10-10
3452.64599609375,TITAN.NS,2024-10-11
3475.899658203125,TITAN.NS,2024-10-14
3486.532470703125,TITAN.NS,2024-10-15
3449.267578125,TITAN.NS,2024-10-16
3382.041015625,TITAN.NS,2024-10-17
3360.278076171875,TITAN.NS,2024-10-18
3342.192138671875,TITAN.NS,2024-10-21
3308.951416015625,TITAN.NS,2024-10-22
3268.009521484375,TITAN.NS,2024-10-23
3310.04443359375,TITAN.NS,2024-10-24
3246.09765625,TITAN.NS,2024-10-25
3262.494140625,TITAN.NS,2024-10-28
3262.842041015625,TITAN.NS,2024-10-29
3287.735107421875,TITAN.NS,2024-10-30
3246.594482421875,TITAN.NS,2024-10-31
3273.077392578125,TITAN.NS,2024-11-01
3201.826416015625,TITAN.NS,2024-11-04
3210.02490234375,TITAN.NS,2024-11-05
3157.15771484375,TITAN.NS,2024-11-06
3101.309814453125,TITAN.NS,2024-11-07
3166.30029296875,TITAN.NS,2024-11-08
3186.52294921875,TITAN.NS,2024-11-11
3178.423828125,TITAN.NS,2024-11-12
3167.890380859375,TITAN.NS,2024-11-13
3163.76611328125,TITAN.NS,2024-11-14
3152.437744140625,TITAN.NS,2024-11-18
3204.509521484375,TITAN.NS,2024-11-19
3158.549072265625,TITAN.NS,2024-11-21
3287.983642578125,TITAN.NS,2024-11-22
3288.38134765625,TITAN.NS,2024-11-25
3306.665771484375,TITAN.NS,2024-11-26
3271.040283203125,TITAN.NS,2024-11-27
3192.237060546875,TITAN.NS,2024-11-28
3228.657470703125,TITAN.NS,2024-11-29
3286.145263671875,TITAN.NS,2024-12-02
3311.883056640625,TITAN.NS,2024-12-03
3343.384521484375,TITAN.NS,2024-12-04
3419.505126953125,TITAN.NS,2024-12-05
3448.373291015625,TITAN.NS,2024-12-06
3446.48486328125,TITAN.NS,2024-12-09
3453.987548828125,TITAN.NS,2024-12-10
3451.3544921875,TITAN.NS,2024-12-11
3424.175537109375,TITAN.NS,2024-12-12
3486.880615234375,TITAN.NS,2024-12-13
3416.672607421875,TITAN.NS,2024-12-16
3384.77392578125,TITAN.NS,2024-12-17
3380.599853515625,TITAN.NS,2024-12-18
3335.832275390625,TITAN.NS,2024-12-19
3335.23583984375,TITAN.NS,2024-12-20
3375.68115234375,TITAN.NS,2024-12-23
3332.403564453125,TITAN.NS,2024-12-24
3302.243896484375,TITAN.NS,2024-12-26
3288.48046875,TITAN.NS,2024-12-27
3236.955322265625,TITAN.NS,2024-12-30
3232.78125,TITAN.NS,2024-12-31
3233.477294921875,TITAN.NS,2025-01-01
3367.731201171875,TITAN.NS,2025-01-02
3430.03857421875,TITAN.NS,2025-01-03
3448.671142578125,TITAN.NS,2025-01-06
3483.154052734375,TITAN.NS,2025-01-07
3462.23583984375,TITAN.NS,2025-01-08
3465.217041015625,TITAN.NS,2025-01-09
3418.7099609375,TITAN.NS,2025-01-10
3361.570068359375,TITAN.NS,2025-01-13
3301.697265625,TITAN.NS,2025-01-14
3302.69091796875,TITAN.NS,2025-01-15
3296.132080078125,TITAN.NS,2025-01-16
3336.37841796875,TITAN.NS,2025-01-17
3361.0732421875,TITAN.NS,2025-01-20
3332.354248046875,TITAN.NS,2025-01-21
3335.4345703125,TITAN.NS,2025-01-22
3377.27099609375,TITAN.NS,2025-01-23
3380.848388671875,TITAN.NS,2025-01-24
3298.56689453125,TITAN.NS,2025-01-27
3305.07568359375,TITAN.NS,2025-01-28
3349.645263671875,TITAN.NS,2025-01-29
3347.3095703125,TITAN.NS,2025-01-30
3468.39697265625,TITAN.NS,2025-01-31
3529.76025390625,TITAN.NS,2025-02-01
3557.883056640625,TITAN.NS,2025-02-03
3575.174072265625,TITAN.NS,2025-02-04
3469.042724609375,TITAN.NS,2025-02-05
3389.394775390625,TITAN.NS,2025-02-06
3403.35693359375,TITAN.NS,2025-02-07
3306.6162109375,TITAN.NS,2025-02-10
3261.251953125,TITAN.NS,2025-02-11
3235.06689453125,TITAN.NS,2025-02-12
3211.266845703125,TITAN.NS,2025-02-13
3193.13134765625,TITAN.NS,2025-02-14
3212.956298828125,TITAN.NS,2025-02-17
3201.677490234375,TITAN.NS,2025-02-18
3190.19970703125,TITAN.NS,2025-02-19
3171.4677734375,TITAN.NS,2025-02-20
3159.98974609375,TITAN.NS,2025-02-21
3153.13330078125,TITAN.NS,2025-02-24
3178.771728515625,TITAN.NS,2025-02-25
3202.919677734375,TITAN.NS,2025-02-27
3057.982666015625,TITAN.NS,2025-02-28
3062.703125,TITAN.NS,2025-03-03
3029.412841796875,TITAN.NS,2025-03-04
3067.224609375,TITAN.NS,2025-03-05
3101.558349609375,TITAN.NS,2025-03-06
3060.069580078125,TITAN.NS,2025-03-07
3007.8486328125,TITAN.NS,2025-03-10
3027.325927734375,TITAN.NS,2025-03-11
3000.047607421875,TITAN.NS,2025-03-12
2991.302734375,TITAN.NS,2025-03-13
2998.4580078125,TITAN.NS,2025-03-17
2998.4580078125,TITAN.NS,2025-03-18
3057.038818359375,TITAN.NS,2025-03-19
3173.107421875,TITAN.NS,2025-03-20
3142.897705078125,TITAN.NS,2025-03-21
3059.8212890625,TITAN.NS,2025-03-24
3034.580078125,TITAN.NS,2025-03-25
3038.3564453125,TITAN.NS,2025-03-26
3068.317626953125,TITAN.NS,2025-03-27
3044.169921875,TITAN.NS,2025-03-28
2968.248046875,TITAN.NS,2025-04-01
3079.0498046875,TITAN.NS,2025-04-02
3107.968017578125,TITAN.NS,2025-04-03
3056.939208984375,TITAN.NS,2025-04-04
3003.27734375,TITAN.NS,2025-04-07
3102.750732421875,TITAN.NS,2025-04-08
3154.27587890625,TITAN.NS,2025-04-09
3214.645751953125,TITAN.NS,2025-04-11
3252.904541015625,TITAN.NS,2025-04-15
3251.61279296875,TITAN.NS,2025-04-16
3306.665771484375,TITAN.NS,2025-04-17
3315.212158203125,TITAN.NS,2025-04-21
3316.503662109375,TITAN.NS,2025-04-22
3336.279296875,TITAN.NS,2025-04-23
3361.421142578125,TITAN.NS,2025-04-24
3344.1298828125,TITAN.NS,2025-04-25
3348.005615234375,TITAN.NS,2025-04-28
3357.446044921875,TITAN.NS,2025-04-29
3358.5390625,TITAN.NS,2025-04-30
3321.0751953125,TITAN.NS,2025-05-02
3301.00146484375,TITAN.NS,2025-05-05
3278.642578125,TITAN.NS,2025-05-06
3317.994384765625,TITAN.NS,2025-05-07
3348.2041015625,TITAN.NS,2025-05-08
3488.3212890625,TITAN.NS,2025-05-09
3540.592041015625,TITAN.NS,2025-05-12
3540.89013671875,TITAN.NS,2025-05-13
3565.137451171875,TITAN.NS,2025-05-14
3614.029541015625,TITAN.NS,2025-05-15
3610.94873046875,TITAN.NS,2025-05-16
3595.048828125,TITAN.NS,2025-05-19
3558.18115234375,TITAN.NS,2025-05-20
3558.081787109375,TITAN.NS,2025-05-21
3518.8291015625,TITAN.NS,2025-05-22
3557.28662109375,TITAN.NS,2025-05-23
3587.6953125,TITAN.NS,2025-05-26
3566.926025390625,TITAN.NS,2025-05-27
3552.31787109375,TITAN.NS,2025-05-28
3565.8330078125,TITAN.NS,2025-05-29
3532.741455078125,TITAN.NS,2025-05-30
3503.42626953125,TITAN.NS,2025-06-02
3497.761962890625,TITAN.NS,2025-06-03
3477.88720703125,TITAN.NS,2025-06-04
3482.060791015625,TITAN.NS,2025-06-05
3537.61083984375,TITAN.NS,2025-06-06
3511.7734375,TITAN.NS,2025-06-09
3502.13427734375,TITAN.NS,2025-06-10
3519.425537109375,TITAN.NS,2025-06-11
3431.08203125,TITAN.NS,2025-06-12
3400.474609375,TITAN.NS,2025-06-13
3416.573486328125,TITAN.NS,2025-06-16
3384.376220703125,TITAN.NS,2025-06-17
3446.087646484375,TITAN.NS,2025-06-18
3483.451904296875,TITAN.NS,2025-06-19
3496.967041015625,TITAN.NS,2025-06-20
3483.750244140625,TITAN.NS,2025-06-23
3503.923095703125,TITAN.NS,2025-06-24
3629.332763671875,TITAN.NS,2025-06-25
3671.566650390625,TITAN.NS,2025-06-26
3643.245361328125,TITAN.NS,2025-06-27
3667.094970703125,TITAN.NS,2025-06-30
3677.330322265625,TITAN.NS,2025-07-01
3684.783447265625,TITAN.NS,2025-07-02
3655.666748046875,TITAN.NS,2025-07-03
3663.8154296875,TITAN.NS,2025-07-04
3643.14599609375,TITAN.NS,2025-07-07
3430.045166015625,TITAN.NS,2025-07-08
3420.875244140625,TITAN.NS,2025-07-09
3408.615478515625,TITAN.NS,2025-07-10
3350.605712890625,TITAN.NS,2025-07-11
3393.564697265625,TITAN.NS,2025-07-14
3403.8310546875,TITAN.NS,2025-07-15
3406.12353515625,TITAN.NS,2025-07-16
3422.0712890625,TITAN.NS,2025-07-17
3391.7705078125,TITAN.NS,2025-07-18
3421.772216796875,TITAN.NS,2025-07-21
3461.043212890625,TITAN.NS,2025-07-22
3460.04638671875,TITAN.NS,2025-07-23
3473.00390625,TITAN.NS,2025-07-24
3451.474609375,TITAN.NS,2025-07-25
3381.903076171875,TITAN.NS,2025-07-28
3368.14794921875,TITAN.NS,2025-07-29
3365.45703125,TITAN.NS,2025-07-30
3336.3525390625,TITAN.NS,2025-07-31
3305.15478515625,TITAN.NS,2025-08-01
3345.322998046875,TITAN.NS,2025-08-04
3407.0205078125,TITAN.NS,2025-08-05
3406.522216796875,TITAN.NS,2025-08-06
3404.528564453125,TITAN.NS,2025-08-07
3448.883056640625,TITAN.NS,2025-08-08
3456.557861328125,TITAN.NS,2025-08-11
3475.396240234375,TITAN.NS,2025-08-12
3455.461669921875,TITAN.NS,2025-08-13
3477.987548828125,TITAN.NS,2025-08-14
3543.173828125,TITAN.NS,2025-08-18
3556.430419921875,TITAN.NS,2025-08-19
3583.242431640625,TITAN.NS,2025-08-20
3604.47265625,TITAN.NS,2025-08-21
3609.1572265625,TITAN.NS,2025-08-22
3639.457763671875,TITAN.NS,2025-08-25
3582.24560546875,TITAN.NS,2025-08-26
3625.802490234375,TITAN.NS,2025-08-28
3616.931884765625,TITAN.NS,2025-08-29
3606.76513671875,TITAN.NS,2025-09-01
3608.7587890625,TITAN.NS,2025-09-02
3678.52978515625,TITAN.NS,2025-09-03
3679.028076171875,TITAN.NS,2025-09-04
3653.3125,TITAN.NS,2025-09-05
3646.036376953125,TITAN.NS,2025-09-08
3618.2275390625,TITAN.NS,2025-09-09
3608.7587890625,TITAN.NS,2025-09-10
3572.4775390625,TITAN.NS,2025-09-11
3560.2177734375,TITAN.NS,2025-09-12
3522.54150390625,TITAN.NS,2025-09-15
3545.167236328125,TITAN.NS,2025-09-16
3511.477783203125,TITAN.NS,2025-09-17
3499.816162109375,TITAN.NS,2025-09-18
3455.8603515625,TITAN.NS,2025-09-19
3446.19189453125,TITAN.NS,2025-09-22
3427.951904296875,TITAN.NS,2025-09-23
3407.120361328125,TITAN.NS,2025-09-24
3367.450439453125,TITAN.NS,2025-09-25
3316.41796875,TITAN.NS,2025-09-26
3390.076171875,TITAN.NS,2025-09-29
3355.988037109375,TITAN.NS,2025-09-30
3397.153076171875,TITAN.NS,2025-10-01
3442.005859375,TITAN.NS,2025-10-03
3414.197021484375,TITAN.NS,2025-10-06
3407.0205078125,TITAN.NS,2025-10-07
3553.9384765625,TITAN.NS,2025-10-08
3538.987548828125,TITAN.NS,2025-10-09
3520.3486328125,TITAN.NS,2025-10-10
3522.043212890625,TITAN.NS,2025-10-13
3525.83056640625,TITAN.NS,2025-10-14
3537.392822265625,TITAN.NS,2025-10-15
3628.394287109375,TITAN.NS,2025-10-16
3662.78125,TITAN.NS,2025-10-17
3724.977294921875,TITAN.NS,2025-10-20
3716.803955078125,TITAN.NS,2025-10-21
3759.96240234375,TITAN.NS,2025-10-23
3702.75,TITAN.NS,2025-10-24
3727.56884765625,TITAN.NS,2025-10-27
3704.84326171875,TITAN.NS,2025-10-28
3736.041015625,TITAN.NS,2025-10-29
3738.43310546875,TITAN.NS,2025-10-30
3734.446044921875,TITAN.NS,2025-10-31
3712.31884765625,TITAN.NS,2025-11-03
3801.027587890625,TITAN.NS,2025-11-04
3762.055419921875,TITAN.NS,2025-11-06
3756.972412109375,TITAN.NS,2025-11-07
3790.56201171875,TITAN.NS,2025-11-10
3799.93115234375,TITAN.NS,2025-11-11
3838.5048828125,TITAN.NS,2025-11-12
3826.6435546875,TITAN.NS,2025-11-13
3816.67626953125,TITAN.NS,2025-11-14
3855.947509765625,TITAN.NS,2025-11-17
3866.5126953125,TITAN.NS,2025-11-18
3920.236572265625,TITAN.NS,2025-11-19
3889.636962890625,TITAN.NS,2025-11-20
3891.430908203125,TITAN.NS,2025-11-21
3861.62890625,TITAN.NS,2025-11-24
3842.49169921875,TITAN.NS,2025-11-25
3884.9521484375,TITAN.NS,2025-11-26
3890.533935546875,TITAN.NS,2025-11-27
3894.919677734375,TITAN.NS,2025-11-28
3882.161376953125,TITAN.NS,2025-12-01
3873.09130859375,TITAN.NS,2025-12-02
3805.313720703125,TITAN.NS,2025-12-03
3787.970458984375,TITAN.NS,2025-12-04
3800.828369140625,TITAN.NS,2025-12-05
3754.6796875,TITAN.NS,2025-12-08
3836.41162109375,TITAN.NS,2025-12-09
3833.122314453125,TITAN.NS,2025-12-10
3832.225341796875,TITAN.NS,2025-12-11
3867.509521484375,TITAN.NS,2025-12-12
3853.55517578125,TITAN.NS,2025-12-15
3916.648193359375,TITAN.NS,2025-12-16
3895.118896484375,TITAN.NS,2025-12-17
3906.481689453125,TITAN.NS,2025-12-18
3917.246337890625,TITAN.NS,2025-12-19
3920.934326171875,TITAN.NS,2025-12-22
3912.96044921875,TITAN.NS,2025-12-23
3896.514404296875,TITAN.NS,2025-12-24
3978.94384765625,TITAN.NS,2025-12-26
3970.6708984375,TITAN.NS,2025-12-29
3961.1025390625,TITAN.NS,2025-12-30
4038.249267578125,TITAN.NS,2025-12-31
4036.056640625,TITAN.NS,2026-01-01
4038.448486328125,TITAN.NS,2026-01-02
4066.35693359375,TITAN.NS,2026-01-05
4098.35205078125,TITAN.NS,2026-01-06
4259.224609375,TITAN.NS,2026-01-07
4235.103515625,TITAN.NS,2026-01-08
4188.0576171875,TITAN.NS,2026-01-09
4217.76025390625,TITAN.NS,2026-01-12
4225.33544921875,TITAN.NS,2026-01-13
4207.693359375,TITAN.NS,2026-01-14
4207.693359375,TITAN.NS,2026-01-15
4183.173828125,TITAN.NS,2026-01-16
4130.54638671875,TITAN.NS,2026-01-19
4062.1708984375,TITAN.NS,2026-01-20
4065.858642578125,TITAN.NS,2026-01-21
4005.45703125,TITAN.NS,2026-01-22
4008.646484375,TITAN.NS,2026-01-23
3983.927490234375,TITAN.NS,2026-01-27
3962.19873046875,TITAN.NS,2026-01-28
3926.81494140625,TITAN.NS,2026-01-29
3964.3916015625,TITAN.NS,2026-01-30
3940.270751953125,TITAN.NS,2026-02-02
4055.29345703125,TITAN.NS,2026-02-03
4130.44677734375,TITAN.NS,2026-02-04
4084.19873046875,TITAN.NS,2026-02-05
4127.45654296875,TITAN.NS,2026-02-06
4243.87451171875,TITAN.NS,2026-02-09
4255.1376953125,TITAN.NS,2026-02-10
4235.203125,TITAN.NS,2026-02-11
4261.8154296875,TITAN.NS,2026-02-12
4165.53173828125,TITAN.NS,2026-02-13
4167.42529296875,TITAN.NS,2026-02-16
4222.54443359375,TITAN.NS,2026-02-17
4234.70458984375,TITAN.NS,2026-02-18
4184.4697265625,TITAN.NS,2026-02-19
4222.54443359375,TITAN.NS,2026-02-20
4258.72607421875,TITAN.NS,2026-02-23
4280.45458984375,TITAN.NS,2026-02-24
4310.85498046875,TITAN.NS,2026-02-25
4328.3974609375,TITAN.NS,2026-02-26
4313.3466796875,TITAN.NS,2026-02-27
4256.33349609375,TITAN.NS,2026-03-02
4190.64892578125,TITAN.NS,2026-03-04
4261.2177734375,TITAN.NS,2026-03-05
4230.7177734375,TITAN.NS,2026-03-06
4145.59716796875,TITAN.NS,2026-03-09
4206.2978515625,TITAN.NS,2026-03-10
4126.7587890625,TITAN.NS,2026-03-11
4116.09375,TITAN.NS,2026-03-12
4059.878173828125,TITAN.NS,2026-03-13
4077.4208984375,TITAN.NS,2026-03-16
4077.121826171875,TITAN.NS,2026-03-17
4131.94189453125,TITAN.NS,2026-03-18
4024.693603515625,TITAN.NS,2026-03-19
4093.169189453125,TITAN.NS,2026-03-20
3840.498291015625,TITAN.NS,2026-03-23
3886.746337890625,TITAN.NS,2026-03-24
4026.08935546875,TITAN.NS,2026-03-25
3968.478271484375,TITAN.NS,2026-03-27
3938.4765625,TITAN.NS,2026-03-30
4052.20361328125,TITAN.NS,2026-04-01
4083.800048828125,TITAN.NS,2026-04-02
4232.212890625,TITAN.NS,2026-04-06
4216.763671875,TITAN.NS,2026-04-07
4477.80712890625,TITAN.NS,2026-04-08
4425.279296875,TITAN.NS,2026-04-09
4490.26611328125,TITAN.NS,2026-04-10
4424.78076171875,TITAN.NS,2026-04-13
4507.41015625,TITAN.NS,2026-04-15
4446.80859375,TITAN.NS,2026-04-16
4511.09765625,TITAN.NS,2026-04-17
4498.23974609375,TITAN.NS,2026-04-20
4465.048828125,TITAN.NS,2026-04-21
4440.03125,TITAN.NS,2026-04-22
4441.9248046875,TITAN.NS,2026-04-23
4395.57666015625,TITAN.NS,2026-04-24
4427.2724609375,TITAN.NS,2026-04-27
4402.5537109375,TITAN.NS,2026-04-28
4425.279296875,TITAN.NS,2026-04-29
4370.85791015625,TITAN.NS,2026-04-30
4370.85791015625,TITAN.NS,2026-05-01
4348.73046875,TITAN.NS,2026-05-04
4359.2958984375,TITAN.NS,2026-05-05
4345.341796875,TITAN.NS,2026-05-06
4293.412109375,TITAN.NS,2026-05-07
4494.2529296875,TITAN.NS,2026-05-08
4191.84521484375,TITAN.NS,2026-05-11
4042.036865234375,TITAN.NS,2026-05-12
4077.321044921875,TITAN.NS,2026-05-13
4121.67578125,TITAN.NS,2026-05-14
4155.46484375,TITAN.NS,2026-05-15
4156.06298828125,TITAN.NS,2026-05-18
4088.584228515625,TITAN.NS,2026-05-19
4092.9697265625,TITAN.NS,2026-05-20
4069.74609375,TITAN.NS,2026-05-21
4066.456787109375,TITAN.NS,2026-05-22
4145.59716796875,TITAN.NS,2026-05-25
4092.47119140625,TITAN.NS,2026-05-26
4124.36669921875,TITAN.NS,2026-05-27
4124.36669921875,TITAN.NS,2026-05-28
4061.57275390625,TITAN.NS,2026-05-29
4011.437255859375,TITAN.NS,2026-06-01
4064.762451171875,TITAN.NS,2026-06-02
4075.42724609375,TITAN.NS,2026-06-03
4217.162109375,TITAN.NS,2026-06-04
4246.26708984375,TITAN.NS,2026-06-05
4178.6884765625,TITAN.NS,2026-06-08
4091.474609375,TITAN.NS,2026-06-09
4028.880126953125,TITAN.NS,2026-06-10
4012.03515625,TITAN.NS,2026-06-11
4170.31591796875,TITAN.NS,2026-06-12
4269.49072265625,TITAN.NS,2026-06-15
4323.8125,TITAN.NS,2026-06-16
4366.17333984375,TITAN.NS,2026-06-17
4373.548828125,TITAN.NS,2026-06-18
4405.4443359375,TITAN.NS,2026-06-19
4358.19921875,TITAN.NS,2026-06-22
4291.21923828125,TITAN.NS,2026-06-23
4309.65869140625,TITAN.NS,2026-06-24
4277.2646484375,TITAN.NS,2026-06-25
4277.2646484375,TITAN.NS,2026-06-26
4263.21142578125,TITAN.NS,2026-06-29
131.9111328125,NTPC.NS,2022-05-20
132.39610290527344,NTPC.NS,2022-05-23
129.53036499023438,NTPC.NS,2022-05-24
134.60049438476562,NTPC.NS,2022-05-25
135.92311096191406,NTPC.NS,2022-05-26
132.66064453125,NTPC.NS,2022-05-27
133.0574188232422,NTPC.NS,2022-05-30
137.55438232421875,NTPC.NS,2022-05-31
138.25978088378906,NTPC.NS,2022-06-01
140.24375915527344,NTPC.NS,2022-06-02
136.67262268066406,NTPC.NS,2022-06-03
136.84896850585938,NTPC.NS,2022-06-06
138.6565704345703,NTPC.NS,2022-06-07
138.48025512695312,NTPC.NS,2022-06-08
136.8048858642578,NTPC.NS,2022-06-09
136.89305114746094,NTPC.NS,2022-06-10
131.2938995361328,NTPC.NS,2022-06-13
133.49827575683594,NTPC.NS,2022-06-14
130.632568359375,NTPC.NS,2022-06-15
126.04743194580078,NTPC.NS,2022-06-16
123.84300994873047,NTPC.NS,2022-06-17
121.02140045166016,NTPC.NS,2022-06-20
123.40214538574219,NTPC.NS,2022-06-21
121.37409973144531,NTPC.NS,2022-06-22
120.3600845336914,NTPC.NS,2022-06-23
120.4482650756836,NTPC.NS,2022-06-24
122.12361145019531,NTPC.NS,2022-06-27
122.21178436279297,NTPC.NS,2022-06-28
124.98930358886719,NTPC.NS,2022-06-29
126.00334167480469,NTPC.NS,2022-06-30
124.0193862915039,NTPC.NS,2022-07-01
124.68070983886719,NTPC.NS,2022-07-04
124.19577026367188,NTPC.NS,2022-07-05
122.52039337158203,NTPC.NS,2022-07-06
123.84300994873047,NTPC.NS,2022-07-07
126.70875549316406,NTPC.NS,2022-07-08
127.67870330810547,NTPC.NS,2022-07-11
129.70675659179688,NTPC.NS,2022-07-12
131.0293731689453,NTPC.NS,2022-07-13
130.76483154296875,NTPC.NS,2022-07-14
132.0433807373047,NTPC.NS,2022-07-15
132.08749389648438,NTPC.NS,2022-07-18
132.92514038085938,NTPC.NS,2022-07-19
132.74880981445312,NTPC.NS,2022-07-20
133.01333618164062,NTPC.NS,2022-07-21
131.3379669189453,NTPC.NS,2022-07-22
132.35202026367188,NTPC.NS,2022-07-25
132.2637939453125,NTPC.NS,2022-07-26
131.99929809570312,NTPC.NS,2022-07-27
132.57244873046875,NTPC.NS,2022-07-28
134.8650360107422,NTPC.NS,2022-07-29
137.9952392578125,NTPC.NS,2022-08-01
140.68463134765625,NTPC.NS,2022-08-02
140.77279663085938,NTPC.NS,2022-08-03
136.40809631347656,NTPC.NS,2022-08-04
137.20169067382812,NTPC.NS,2022-08-05
140.5523681640625,NTPC.NS,2022-08-08
139.96823120117188,NTPC.NS,2022-08-10
138.08102416992188,NTPC.NS,2022-08-11
142.43955993652344,NTPC.NS,2022-08-12
142.6642608642578,NTPC.NS,2022-08-16
145.0906524658203,NTPC.NS,2022-08-17
144.5065460205078,NTPC.NS,2022-08-18
141.76560974121094,NTPC.NS,2022-08-19
140.6422119140625,NTPC.NS,2022-08-22
142.5743865966797,NTPC.NS,2022-08-23
144.5065460205078,NTPC.NS,2022-08-24
142.79904174804688,NTPC.NS,2022-08-25
146.84307861328125,NTPC.NS,2022-08-26
144.64132690429688,NTPC.NS,2022-08-29
147.38226318359375,NTPC.NS,2022-08-30
144.41665649414062,NTPC.NS,2022-09-01
145.40518188476562,NTPC.NS,2022-09-02
147.83164978027344,NTPC.NS,2022-09-05
151.38136291503906,NTPC.NS,2022-09-06
150.3479461669922,NTPC.NS,2022-09-07
149.8985595703125,NTPC.NS,2022-09-08
149.71884155273438,NTPC.NS,2022-09-09
149.5390625,NTPC.NS,2022-09-12
150.437744140625,NTPC.NS,2022-09-13
154.88619995117188,NTPC.NS,2022-09-14
157.35752868652344,NTPC.NS,2022-09-15
155.2906036376953,NTPC.NS,2022-09-16
153.67300415039062,NTPC.NS,2022-09-19
154.48178100585938,NTPC.NS,2022-09-20
151.5161895751953,NTPC.NS,2022-09-21
151.5611114501953,NTPC.NS,2022-09-22
147.33734130859375,NTPC.NS,2022-09-23
142.52947998046875,NTPC.NS,2022-09-26
142.88893127441406,NTPC.NS,2022-09-27
141.94529724121094,NTPC.NS,2022-09-28
143.3831787109375,NTPC.NS,2022-09-29
143.47303771972656,NTPC.NS,2022-09-30
144.1021270751953,NTPC.NS,2022-10-03
146.0792236328125,NTPC.NS,2022-10-04
146.39373779296875,NTPC.NS,2022-10-06
147.65187072753906,NTPC.NS,2022-10-07
147.33734130859375,NTPC.NS,2022-10-10
144.731201171875,NTPC.NS,2022-10-11
148.2809295654297,NTPC.NS,2022-10-12
148.05628967285156,NTPC.NS,2022-10-13
148.37081909179688,NTPC.NS,2022-10-14
151.38136291503906,NTPC.NS,2022-10-17
150.03335571289062,NTPC.NS,2022-10-18
147.42723083496094,NTPC.NS,2022-10-19
150.03335571289062,NTPC.NS,2022-10-20
148.32589721679688,NTPC.NS,2022-10-21
150.03335571289062,NTPC.NS,2022-10-24
152.190185546875,NTPC.NS,2022-10-25
153.3584442138672,NTPC.NS,2022-10-27
156.41395568847656,NTPC.NS,2022-10-28
155.56021118164062,NTPC.NS,2022-10-31
163.378662109375,NTPC.NS,2022-11-01
162.61477661132812,NTPC.NS,2022-11-02
160.0985107421875,NTPC.NS,2022-11-03
159.0200653076172,NTPC.NS,2022-11-04
158.0315399169922,NTPC.NS,2022-11-07
155.82980346679688,NTPC.NS,2022-11-09
154.66156005859375,NTPC.NS,2022-11-10
154.07736206054688,NTPC.NS,2022-11-11
154.07736206054688,NTPC.NS,2022-11-14
154.66156005859375,NTPC.NS,2022-11-15
152.72940063476562,NTPC.NS,2022-11-16
151.24658203125,NTPC.NS,2022-11-17
149.0447998046875,NTPC.NS,2022-11-18
147.74172973632812,NTPC.NS,2022-11-21
150.1232452392578,NTPC.NS,2022-11-22
151.02188110351562,NTPC.NS,2022-11-23
152.32496643066406,NTPC.NS,2022-11-24
152.5496368408203,NTPC.NS,2022-11-25
153.1337890625,NTPC.NS,2022-11-28
152.90911865234375,NTPC.NS,2022-11-29
154.75137329101562,NTPC.NS,2022-11-30
154.75137329101562,NTPC.NS,2022-12-01
154.70645141601562,NTPC.NS,2022-12-02
157.4024658203125,NTPC.NS,2022-12-05
157.44740295410156,NTPC.NS,2022-12-06
154.43685913085938,NTPC.NS,2022-12-07
153.08885192871094,NTPC.NS,2022-12-08
152.32496643066406,NTPC.NS,2022-12-09
151.7857666015625,NTPC.NS,2022-12-12
152.0553741455078,NTPC.NS,2022-12-13
154.21218872070312,NTPC.NS,2022-12-14
154.66156005859375,NTPC.NS,2022-12-15
152.5945587158203,NTPC.NS,2022-12-16
154.3919219970703,NTPC.NS,2022-12-19
152.5496368408203,NTPC.NS,2022-12-20
150.93202209472656,NTPC.NS,2022-12-21
149.08975219726562,NTPC.NS,2022-12-22
146.48361206054688,NTPC.NS,2022-12-23
148.86508178710938,NTPC.NS,2022-12-26
148.46067810058594,NTPC.NS,2022-12-27
149.0447998046875,NTPC.NS,2022-12-28
149.85360717773438,NTPC.NS,2022-12-29
149.5840301513672,NTPC.NS,2022-12-30
150.9769744873047,NTPC.NS,2023-01-02
150.61753845214844,NTPC.NS,2023-01-03
149.71884155273438,NTPC.NS,2023-01-04
152.6844482421875,NTPC.NS,2023-01-05
151.8756561279297,NTPC.NS,2023-01-06
153.1337890625,NTPC.NS,2023-01-09
150.93202209472656,NTPC.NS,2023-01-10
149.22457885742188,NTPC.NS,2023-01-11
149.13470458984375,NTPC.NS,2023-01-12
150.79721069335938,NTPC.NS,2023-01-13
149.13470458984375,NTPC.NS,2023-01-16
150.7073516845703,NTPC.NS,2023-01-17
152.28004455566406,NTPC.NS,2023-01-18
151.60604858398438,NTPC.NS,2023-01-19
151.60604858398438,NTPC.NS,2023-01-20
149.94349670410156,NTPC.NS,2023-01-23
149.22457885742188,NTPC.NS,2023-01-24
149.08975219726562,NTPC.NS,2023-01-25
149.44924926757812,NTPC.NS,2023-01-27
151.74087524414062,NTPC.NS,2023-01-30
153.80775451660156,NTPC.NS,2023-01-31
152.77430725097656,NTPC.NS,2023-02-01
149.98841857910156,NTPC.NS,2023-02-02
152.66265869140625,NTPC.NS,2023-02-03
153.12374877929688,NTPC.NS,2023-02-06
152.38604736328125,NTPC.NS,2023-02-07
152.61659240722656,NTPC.NS,2023-02-08
153.07762145996094,NTPC.NS,2023-02-09
152.15548706054688,NTPC.NS,2023-02-10
154.7836456298828,NTPC.NS,2023-02-13
153.12374877929688,NTPC.NS,2023-02-14
152.89321899414062,NTPC.NS,2023-02-15
154.36865234375,NTPC.NS,2023-02-16
154.9680633544922,NTPC.NS,2023-02-17
154.82972717285156,NTPC.NS,2023-02-20
159.7632598876953,NTPC.NS,2023-02-21
157.2273406982422,NTPC.NS,2023-02-22
156.3974151611328,NTPC.NS,2023-02-23
157.6884002685547,NTPC.NS,2023-02-24
158.9794464111328,NTPC.NS,2023-02-27
157.2273406982422,NTPC.NS,2023-02-28
158.84112548828125,NTPC.NS,2023-03-01
157.50399780273438,NTPC.NS,2023-03-02
159.16387939453125,NTPC.NS,2023-03-03
163.0369110107422,NTPC.NS,2023-03-06
164.92733764648438,NTPC.NS,2023-03-08
165.4806365966797,NTPC.NS,2023-03-09
166.67941284179688,NTPC.NS,2023-03-10
165.71116638183594,NTPC.NS,2023-03-13
164.05126953125,NTPC.NS,2023-03-14
164.3279266357422,NTPC.NS,2023-03-15
165.61895751953125,NTPC.NS,2023-03-16
163.1752166748047,NTPC.NS,2023-03-17
162.29917907714844,NTPC.NS,2023-03-20
163.31358337402344,NTPC.NS,2023-03-21
160.77764892578125,NTPC.NS,2023-03-22
161.0081787109375,NTPC.NS,2023-03-23
159.256103515625,NTPC.NS,2023-03-24
157.91897583007812,NTPC.NS,2023-03-27
158.610595703125,NTPC.NS,2023-03-28
160.45486450195312,NTPC.NS,2023-03-29
161.46923828125,NTPC.NS,2023-03-31
163.95909118652344,NTPC.NS,2023-04-03
162.20697021484375,NTPC.NS,2023-04-05
161.5614776611328,NTPC.NS,2023-04-06
163.774658203125,NTPC.NS,2023-04-10
164.23570251464844,NTPC.NS,2023-04-11
162.11476135253906,NTPC.NS,2023-04-12
159.57882690429688,NTPC.NS,2023-04-13
156.3974151611328,NTPC.NS,2023-04-17
156.85848999023438,NTPC.NS,2023-04-18
154.09202575683594,NTPC.NS,2023-04-19
156.48960876464844,NTPC.NS,2023-04-20
156.48960876464844,NTPC.NS,2023-04-21
157.64231872558594,NTPC.NS,2023-04-24
157.78062438964844,NTPC.NS,2023-04-25
156.62794494628906,NTPC.NS,2023-04-26
157.64231872558594,NTPC.NS,2023-04-27
158.610595703125,NTPC.NS,2023-04-28
161.9303436279297,NTPC.NS,2023-05-02
162.6219482421875,NTPC.NS,2023-05-03
162.6219482421875,NTPC.NS,2023-05-04
160.6854248046875,NTPC.NS,2023-05-05
163.2674560546875,NTPC.NS,2023-05-08
162.29917907714844,NTPC.NS,2023-05-09
163.2674560546875,NTPC.NS,2023-05-10
165.57284545898438,NTPC.NS,2023-05-11
161.3309326171875,NTPC.NS,2023-05-12
162.25308227539062,NTPC.NS,2023-05-15
163.63633728027344,NTPC.NS,2023-05-16
162.29917907714844,NTPC.NS,2023-05-17
161.46923828125,NTPC.NS,2023-05-18
159.8093719482422,NTPC.NS,2023-05-19
160.54710388183594,NTPC.NS,2023-05-22
160.5931854248047,NTPC.NS,2023-05-23
161.3309326171875,NTPC.NS,2023-05-24
160.9159698486328,NTPC.NS,2023-05-25
160.9159698486328,NTPC.NS,2023-05-26
162.5758514404297,NTPC.NS,2023-05-29
163.0369110107422,NTPC.NS,2023-05-30
160.3165740966797,NTPC.NS,2023-05-31
160.82373046875,NTPC.NS,2023-06-01
160.9620819091797,NTPC.NS,2023-06-02
160.54710388183594,NTPC.NS,2023-06-05
161.7458953857422,NTPC.NS,2023-06-06
163.54412841796875,NTPC.NS,2023-06-07
167.8782196044922,NTPC.NS,2023-06-08
168.56985473632812,NTPC.NS,2023-06-09
171.2440948486328,NTPC.NS,2023-06-12
170.92135620117188,NTPC.NS,2023-06-13
172.6273193359375,NTPC.NS,2023-06-14
172.16624450683594,NTPC.NS,2023-06-15
173.54945373535156,NTPC.NS,2023-06-16
171.38241577148438,NTPC.NS,2023-06-19
172.90396118164062,NTPC.NS,2023-06-20
172.90396118164062,NTPC.NS,2023-06-21
170.13751220703125,NTPC.NS,2023-06-22
172.16624450683594,NTPC.NS,2023-06-23
170.50636291503906,NTPC.NS,2023-06-26
171.5668487548828,NTPC.NS,2023-06-27
174.3794403076172,NTPC.NS,2023-06-28
174.42552185058594,NTPC.NS,2023-06-30
176.36204528808594,NTPC.NS,2023-07-03
178.94406127929688,NTPC.NS,2023-07-04
178.34469604492188,NTPC.NS,2023-07-05
181.4338836669922,NTPC.NS,2023-07-06
177.6069793701172,NTPC.NS,2023-07-07
176.6387176513672,NTPC.NS,2023-07-10
177.4225311279297,NTPC.NS,2023-07-11
175.94708251953125,NTPC.NS,2023-07-12
173.27279663085938,NTPC.NS,2023-07-13
172.8578643798828,NTPC.NS,2023-07-14
171.9818115234375,NTPC.NS,2023-07-17
172.76568603515625,NTPC.NS,2023-07-18
177.56085205078125,NTPC.NS,2023-07-19
177.8835906982422,NTPC.NS,2023-07-20
179.91233825683594,NTPC.NS,2023-07-21
180.65003967285156,NTPC.NS,2023-07-24
185.03028869628906,NTPC.NS,2023-07-25
185.90634155273438,NTPC.NS,2023-07-26
186.2290802001953,NTPC.NS,2023-07-27
193.65245056152344,NTPC.NS,2023-07-28
201.35244750976562,NTPC.NS,2023-07-31
207.6230926513672,NTPC.NS,2023-08-01
202.0440673828125,NTPC.NS,2023-08-02
202.96621704101562,NTPC.NS,2023-08-03
200.9835968017578,NTPC.NS,2023-08-04
200.9835968017578,NTPC.NS,2023-08-07
200.61471557617188,NTPC.NS,2023-08-08
201.6751708984375,NTPC.NS,2023-08-09
200.4763946533203,NTPC.NS,2023-08-10
199.1673126220703,NTPC.NS,2023-08-11
199.1673126220703,NTPC.NS,2023-08-14
203.32830810546875,NTPC.NS,2023-08-16
201.73873901367188,NTPC.NS,2023-08-17
201.17767333984375,NTPC.NS,2023-08-18
204.59066772460938,NTPC.NS,2023-08-21
207.3022918701172,NTPC.NS,2023-08-22
207.3022918701172,NTPC.NS,2023-08-23
206.50750732421875,NTPC.NS,2023-08-24
203.7490692138672,NTPC.NS,2023-08-25
204.49713134765625,NTPC.NS,2023-08-28
206.74127197265625,NTPC.NS,2023-08-29
206.0867156982422,NTPC.NS,2023-08-30
205.99322509765625,NTPC.NS,2023-08-31
215.7178192138672,NTPC.NS,2023-09-01
220.4866180419922,NTPC.NS,2023-09-04
219.3645477294922,NTPC.NS,2023-09-05
216.8398895263672,NTPC.NS,2023-09-06
218.89703369140625,NTPC.NS,2023-09-07
224.64764404296875,NTPC.NS,2023-09-08
227.31256103515625,NTPC.NS,2023-09-11
219.83209228515625,NTPC.NS,2023-09-12
221.74893188476562,NTPC.NS,2023-09-13
222.49700927734375,NTPC.NS,2023-09-14
220.86065673828125,NTPC.NS,2023-09-15
225.5359344482422,NTPC.NS,2023-09-18
226.0502166748047,NTPC.NS,2023-09-20
223.43206787109375,NTPC.NS,2023-09-21
222.49700927734375,NTPC.NS,2023-09-22
224.0865936279297,NTPC.NS,2023-09-25
224.6008758544922,NTPC.NS,2023-09-26
223.7593231201172,NTPC.NS,2023-09-27
221.65545654296875,NTPC.NS,2023-09-28
229.60345458984375,NTPC.NS,2023-09-29
225.5359344482422,NTPC.NS,2023-10-03
219.87881469726562,NTPC.NS,2023-10-04
218.66326904296875,NTPC.NS,2023-10-05
220.2528533935547,NTPC.NS,2023-10-06
219.45803833007812,NTPC.NS,2023-10-09
220.5801239013672,NTPC.NS,2023-10-10
223.19827270507812,NTPC.NS,2023-10-11
225.9099578857422,NTPC.NS,2023-10-12
226.3307342529297,NTPC.NS,2023-10-13
227.6398162841797,NTPC.NS,2023-10-16
229.9774627685547,NTPC.NS,2023-10-17
226.2839813232422,NTPC.NS,2023-10-18
223.9463348388672,NTPC.NS,2023-10-19
225.3489227294922,NTPC.NS,2023-10-20
221.1879119873047,NTPC.NS,2023-10-23
216.9801483154297,NTPC.NS,2023-10-25
216.6061248779297,NTPC.NS,2023-10-26
221.23468017578125,NTPC.NS,2023-10-27
219.3645477294922,NTPC.NS,2023-10-30
220.4866180419922,NTPC.NS,2023-10-31
217.49444580078125,NTPC.NS,2023-11-01
219.9723358154297,NTPC.NS,2023-11-02
221.2468719482422,NTPC.NS,2023-11-03
222.66297912597656,NTPC.NS,2023-11-06
225.77845764160156,NTPC.NS,2023-11-07
223.46546936035156,NTPC.NS,2023-11-08
224.64559936523438,NTPC.NS,2023-11-09
229.17718505859375,NTPC.NS,2023-11-10
231.96224975585938,NTPC.NS,2023-11-13
233.47279357910156,NTPC.NS,2023-11-15
238.2404327392578,NTPC.NS,2023-11-16
237.53236389160156,NTPC.NS,2023-11-17
237.01312255859375,NTPC.NS,2023-11-20
236.02183532714844,NTPC.NS,2023-11-21
239.46771240234375,NTPC.NS,2023-11-22
238.61805725097656,NTPC.NS,2023-11-23
239.70376586914062,NTPC.NS,2023-11-24
243.149658203125,NTPC.NS,2023-11-28
243.95213317871094,NTPC.NS,2023-11-29
246.69000244140625,NTPC.NS,2023-11-30
253.91226196289062,NTPC.NS,2023-12-01
259.4351501464844,NTPC.NS,2023-12-04
269.48974609375,NTPC.NS,2023-12-05
265.3829650878906,NTPC.NS,2023-12-06
267.93194580078125,NTPC.NS,2023-12-07
269.1120910644531,NTPC.NS,2023-12-08
271.2362976074219,NTPC.NS,2023-12-11
267.5543212890625,NTPC.NS,2023-12-12
277.60888671875,NTPC.NS,2023-12-13
278.8833923339844,NTPC.NS,2023-12-14
288.041015625,NTPC.NS,2023-12-15
286.2472839355469,NTPC.NS,2023-12-18
292.3366394042969,NTPC.NS,2023-12-19
281.007568359375,NTPC.NS,2023-12-20
285.0671691894531,NTPC.NS,2023-12-21
285.8695983886719,NTPC.NS,2023-12-22
292.2894592285156,NTPC.NS,2023-12-26
288.9378967285156,NTPC.NS,2023-12-27
296.3489685058594,NTPC.NS,2023-12-28
293.75274658203125,NTPC.NS,2023-12-29
292.4310302734375,NTPC.NS,2024-01-01
288.8907165527344,NTPC.NS,2024-01-02
289.07952880859375,NTPC.NS,2024-01-03
299.3701477050781,NTPC.NS,2024-01-04
297.3403015136719,NTPC.NS,2024-01-05
298.75640869140625,NTPC.NS,2024-01-08
301.8719177246094,NTPC.NS,2024-01-09
295.82977294921875,NTPC.NS,2024-01-10
295.4048767089844,NTPC.NS,2024-01-11
295.16888427734375,NTPC.NS,2024-01-12
299.558837890625,NTPC.NS,2024-01-15
294.08319091796875,NTPC.NS,2024-01-16
292.0062255859375,NTPC.NS,2024-01-17
282.5653381347656,NTPC.NS,2024-01-18
291.2037048339844,NTPC.NS,2024-01-19
285.6808166503906,NTPC.NS,2024-01-23
291.5813903808594,NTPC.NS,2024-01-24
297.1514892578125,NTPC.NS,2024-01-25
306.4035339355469,NTPC.NS,2024-01-29
297.8123474121094,NTPC.NS,2024-01-30
299.74774169921875,NTPC.NS,2024-01-31
303.9961242675781,NTPC.NS,2024-02-01
313.90899658203125,NTPC.NS,2024-02-02
317.3077697753906,NTPC.NS,2024-02-05
318.5946960449219,NTPC.NS,2024-02-06
315.2581481933594,NTPC.NS,2024-02-07
315.44879150390625,NTPC.NS,2024-02-08
309.7289123535156,NTPC.NS,2024-02-09
301.38751220703125,NTPC.NS,2024-02-12
306.535400390625,NTPC.NS,2024-02-13
312.6842041015625,NTPC.NS,2024-02-14
323.40887451171875,NTPC.NS,2024-02-15
321.9789123535156,NTPC.NS,2024-02-16
322.9322204589844,NTPC.NS,2024-02-19
329.5577087402344,NTPC.NS,2024-02-20
320.406005859375,NTPC.NS,2024-02-21
323.6948547363281,NTPC.NS,2024-02-22
321.9789123535156,NTPC.NS,2024-02-23
321.8359069824219,NTPC.NS,2024-02-26
320.406005859375,NTPC.NS,2024-02-27
317.7366638183594,NTPC.NS,2024-02-28
319.9293518066406,NTPC.NS,2024-02-29
327.46044921875,NTPC.NS,2024-03-01
337.3271484375,NTPC.NS,2024-03-04
341.52166748046875,NTPC.NS,2024-03-05
335.5158996582031,NTPC.NS,2024-03-06
335.7542419433594,NTPC.NS,2024-03-07
331.7026062011719,NTPC.NS,2024-03-11
328.65203857421875,NTPC.NS,2024-03-12
307.4410400390625,NTPC.NS,2024-03-13
306.8213806152344,NTPC.NS,2024-03-14
301.5304870605469,NTPC.NS,2024-03-15
302.3408203125,NTPC.NS,2024-03-18
298.8135986328125,NTPC.NS,2024-03-19
299.0042724609375,NTPC.NS,2024-03-20
309.8242492675781,NTPC.NS,2024-03-21
309.5859069824219,NTPC.NS,2024-03-22
313.7328186035156,NTPC.NS,2024-03-26
316.1160888671875,NTPC.NS,2024-03-27
320.1199951171875,NTPC.NS,2024-03-28
326.3641357421875,NTPC.NS,2024-04-01
328.69976806640625,NTPC.NS,2024-04-02
334.8485412597656,NTPC.NS,2024-04-03
338.08978271484375,NTPC.NS,2024-04-04
337.99444580078125,NTPC.NS,2024-04-05
346.52655029296875,NTPC.NS,2024-04-08
345.95458984375,NTPC.NS,2024-04-09
345.5732421875,NTPC.NS,2024-04-10
344.8582763671875,NTPC.NS,2024-04-12
344.2862548828125,NTPC.NS,2024-04-15
342.4749755859375,NTPC.NS,2024-04-16
334.75323486328125,NTPC.NS,2024-04-18
334.1812438964844,NTPC.NS,2024-04-19
326.8884582519531,NTPC.NS,2024-04-22
330.9399719238281,NTPC.NS,2024-04-23
335.2298889160156,NTPC.NS,2024-04-24
342.4273376464844,NTPC.NS,2024-04-25
339.3767395019531,NTPC.NS,2024-04-26
346.0498962402344,NTPC.NS,2024-04-29
346.2405700683594,NTPC.NS,2024-04-30
351.8173828125,NTPC.NS,2024-05-02
347.9088439941406,NTPC.NS,2024-05-03
340.13934326171875,NTPC.NS,2024-05-06
332.84661865234375,NTPC.NS,2024-05-07
338.8524475097656,NTPC.NS,2024-05-08
329.8913269042969,NTPC.NS,2024-05-09
338.90008544921875,NTPC.NS,2024-05-10
334.514892578125,NTPC.NS,2024-05-13
339.18609619140625,NTPC.NS,2024-05-14
344.4768981933594,NTPC.NS,2024-05-15
344.5722961425781,NTPC.NS,2024-05-16
348.3855285644531,NTPC.NS,2024-05-17
354.6296081542969,NTPC.NS,2024-05-21
356.39324951171875,NTPC.NS,2024-05-22
354.9156494140625,NTPC.NS,2024-05-23
357.44189453125,NTPC.NS,2024-05-24
352.3893737792969,NTPC.NS,2024-05-27
348.3377990722656,NTPC.NS,2024-05-28
347.57513427734375,NTPC.NS,2024-05-29
342.9039611816406,NTPC.NS,2024-05-30
342.2366943359375,NTPC.NS,2024-05-31
373.505126953125,NTPC.NS,2024-06-03
315.782470703125,NTPC.NS,2024-06-04
325.0771484375,NTPC.NS,2024-06-05
333.4185791015625,NTPC.NS,2024-06-06
343.761962890625,NTPC.NS,2024-06-07
347.86114501953125,NTPC.NS,2024-06-10
350.24444580078125,NTPC.NS,2024-06-11
353.96234130859375,NTPC.NS,2024-06-12
352.6753845214844,NTPC.NS,2024-06-13
351.24542236328125,NTPC.NS,2024-06-14
352.3893737792969,NTPC.NS,2024-06-18
345.5732421875,NTPC.NS,2024-06-19
340.94970703125,NTPC.NS,2024-06-20
342.9992980957031,NTPC.NS,2024-06-21
345.8115234375,NTPC.NS,2024-06-24
344.0002746582031,NTPC.NS,2024-06-25
348.0041809082031,NTPC.NS,2024-06-26
359.5391540527344,NTPC.NS,2024-06-27
360.68316650390625,NTPC.NS,2024-06-28
352.4847106933594,NTPC.NS,2024-07-01
353.10430908203125,NTPC.NS,2024-07-02
355.2492980957031,NTPC.NS,2024-07-03
355.5352783203125,NTPC.NS,2024-07-04
362.0654296875,NTPC.NS,2024-07-05
359.82513427734375,NTPC.NS,2024-07-08
359.44384765625,NTPC.NS,2024-07-09
363.5907287597656,NTPC.NS,2024-07-10
359.4914855957031,NTPC.NS,2024-07-11
359.5391540527344,NTPC.NS,2024-07-12
367.64227294921875,NTPC.NS,2024-07-15
362.68505859375,NTPC.NS,2024-07-16
360.1111145019531,NTPC.NS,2024-07-18
347.62286376953125,NTPC.NS,2024-07-19
356.05963134765625,NTPC.NS,2024-07-22
364.5916748046875,NTPC.NS,2024-07-23
374.2677307128906,NTPC.NS,2024-07-24
373.8387145996094,NTPC.NS,2024-07-25
377.7949523925781,NTPC.NS,2024-07-26
375.50701904296875,NTPC.NS,2024-07-29
387.94769287109375,NTPC.NS,2024-07-30
396.5750732421875,NTPC.NS,2024-07-31
403.6772155761719,NTPC.NS,2024-08-01
400.1023254394531,NTPC.NS,2024-08-02
393.9534912109375,NTPC.NS,2024-08-05
395.6217956542969,NTPC.NS,2024-08-06
399.9935302734375,NTPC.NS,2024-08-07
391.7304382324219,NTPC.NS,2024-08-08
394.5648498535156,NTPC.NS,2024-08-09
385.1487121582031,NTPC.NS,2024-08-12
380.68084716796875,NTPC.NS,2024-08-13
380.8249816894531,NTPC.NS,2024-08-14
382.4584045410156,NTPC.NS,2024-08-16
387.31060791015625,NTPC.NS,2024-08-19
390.3372497558594,NTPC.NS,2024-08-20
392.93145751953125,NTPC.NS,2024-08-21
387.5508117675781,NTPC.NS,2024-08-22
386.20562744140625,NTPC.NS,2024-08-23
398.600341796875,NTPC.NS,2024-08-26
393.6040344238281,NTPC.NS,2024-08-27
393.0275573730469,NTPC.NS,2024-08-28
393.84423828125,NTPC.NS,2024-08-29
399.8974914550781,NTPC.NS,2024-08-30
393.9403076171875,NTPC.NS,2024-09-02
390.4813232421875,NTPC.NS,2024-09-03
389.2322692871094,NTPC.NS,2024-09-04
387.4547119140625,NTPC.NS,2024-09-05
379.335693359375,NTPC.NS,2024-09-06
374.57958984375,NTPC.NS,2024-09-09
380.7769470214844,NTPC.NS,2024-09-10
374.3874206542969,NTPC.NS,2024-09-11
388.9920349121094,NTPC.NS,2024-09-12
385.6771545410156,NTPC.NS,2024-09-13
394.99725341796875,NTPC.NS,2024-09-16
399.9935302734375,NTPC.NS,2024-09-17
397.9277648925781,NTPC.NS,2024-09-18
407.34393310546875,NTPC.NS,2024-09-19
407.34393310546875,NTPC.NS,2024-09-20
411.57159423828125,NTPC.NS,2024-09-23
411.33135986328125,NTPC.NS,2024-09-24
419.01800537109375,NTPC.NS,2024-09-25
417.5767822265625,NTPC.NS,2024-09-26
419.7866516113281,NTPC.NS,2024-09-27
425.83990478515625,NTPC.NS,2024-09-30
422.861328125,NTPC.NS,2024-10-01
418.29736328125,NTPC.NS,2024-10-03
413.58935546875,NTPC.NS,2024-10-04
399.1768798828125,NTPC.NS,2024-10-07
404.46142578125,NTPC.NS,2024-10-08
402.059326171875,NTPC.NS,2024-10-09
406.14288330078125,NTPC.NS,2024-10-10
405.95068359375,NTPC.NS,2024-10-11
407.8723449707031,NTPC.NS,2024-10-14
409.89013671875,NTPC.NS,2024-10-15
407.6321716308594,NTPC.NS,2024-10-16
401.38677978515625,NTPC.NS,2024-10-17
408.30474853515625,NTPC.NS,2024-10-18
408.3527526855469,NTPC.NS,2024-10-21
399.4651184082031,NTPC.NS,2024-10-22
392.306884765625,NTPC.NS,2024-10-23
395.7658996582031,NTPC.NS,2024-10-24
383.27508544921875,NTPC.NS,2024-10-25
388.0792541503906,NTPC.NS,2024-10-28
396.006103515625,NTPC.NS,2024-10-29
392.49908447265625,NTPC.NS,2024-10-30
394.57757568359375,NTPC.NS,2024-10-31
397.6711730957031,NTPC.NS,2024-11-01
387.6170654296875,NTPC.NS,2024-11-04
389.6955261230469,NTPC.NS,2024-11-05
395.3026428222656,NTPC.NS,2024-11-06
390.3722229003906,NTPC.NS,2024-11-07
384.4267272949219,NTPC.NS,2024-11-08
379.496337890625,NTPC.NS,2024-11-11
367.6536865234375,NTPC.NS,2024-11-12
368.66876220703125,NTPC.NS,2024-11-13
360.1130676269531,NTPC.NS,2024-11-14
354.5060119628906,NTPC.NS,2024-11-18
354.5060119628906,NTPC.NS,2024-11-19
344.3067626953125,NTPC.NS,2024-11-21
353.29754638671875,NTPC.NS,2024-11-22
356.1494140625,NTPC.NS,2024-11-25
349.6239013671875,NTPC.NS,2024-11-26
357.01947021484375,NTPC.NS,2024-11-27
350.01055908203125,NTPC.NS,2024-11-28
351.5573425292969,NTPC.NS,2024-11-29
346.28863525390625,NTPC.NS,2024-12-02
355.2309875488281,NTPC.NS,2024-12-03
360.3547668457031,NTPC.NS,2024-12-04
356.8744812011719,NTPC.NS,2024-12-05
357.2128601074219,NTPC.NS,2024-12-06
357.5511779785156,NTPC.NS,2024-12-09
356.8744812011719,NTPC.NS,2024-12-10
353.3458251953125,NTPC.NS,2024-12-11
343.77508544921875,NTPC.NS,2024-12-12
345.27349853515625,NTPC.NS,2024-12-13
341.16485595703125,NTPC.NS,2024-12-16
337.4428405761719,NTPC.NS,2024-12-17
330.3856506347656,NTPC.NS,2024-12-18
326.1802978515625,NTPC.NS,2024-12-19
322.16827392578125,NTPC.NS,2024-12-20
322.55499267578125,NTPC.NS,2024-12-23
324.15008544921875,NTPC.NS,2024-12-24
323.5216979980469,NTPC.NS,2024-12-26
323.8600769042969,NTPC.NS,2024-12-27
320.3797912597656,NTPC.NS,2024-12-30
322.2649841308594,NTPC.NS,2024-12-31
322.55499267578125,NTPC.NS,2025-01-01
326.7603454589844,NTPC.NS,2025-01-02
328.5487976074219,NTPC.NS,2025-01-03
316.6094665527344,NTPC.NS,2025-01-06
317.67291259765625,NTPC.NS,2025-01-07
314.57928466796875,NTPC.NS,2025-01-08
309.6972351074219,NTPC.NS,2025-01-09
297.9996032714844,NTPC.NS,2025-01-10
288.2838134765625,NTPC.NS,2025-01-13
300.0780944824219,NTPC.NS,2025-01-14
310.66400146484375,NTPC.NS,2025-01-15
314.6759948730469,NTPC.NS,2025-01-16
315.30438232421875,NTPC.NS,2025-01-17
324.8751220703125,NTPC.NS,2025-01-20
313.5158996582031,NTPC.NS,2025-01-21
311.6790771484375,NTPC.NS,2025-01-22
312.8875427246094,NTPC.NS,2025-01-23
312.8875427246094,NTPC.NS,2025-01-24
311.4857482910156,NTPC.NS,2025-01-27
307.6670837402344,NTPC.NS,2025-01-28
310.56732177734375,NTPC.NS,2025-01-29
312.2591552734375,NTPC.NS,2025-01-30
315.6691589355469,NTPC.NS,2025-01-31
309.5311584472656,NTPC.NS,2025-02-01
303.24700927734375,NTPC.NS,2025-02-03
310.8951110839844,NTPC.NS,2025-02-04
311.3822937011719,NTPC.NS,2025-02-05
304.7571105957031,NTPC.NS,2025-02-06
308.8004150390625,NTPC.NS,2025-02-07
302.5162658691406,NTPC.NS,2025-02-10
297.7422790527344,NTPC.NS,2025-02-11
298.37554931640625,NTPC.NS,2025-02-12
298.8139953613281,NTPC.NS,2025-02-13
292.62725830078125,NTPC.NS,2025-02-14
294.5758361816406,NTPC.NS,2025-02-17
303.1982727050781,NTPC.NS,2025-02-18
306.7056884765625,NTPC.NS,2025-02-19
316.7895812988281,NTPC.NS,2025-02-20
317.8612976074219,NTPC.NS,2025-02-21
311.86944580078125,NTPC.NS,2025-02-24
310.50543212890625,NTPC.NS,2025-02-25
307.5825500488281,NTPC.NS,2025-02-27
303.44183349609375,NTPC.NS,2025-02-28
306.3159484863281,NTPC.NS,2025-03-03
305.6827087402344,NTPC.NS,2025-03-04
317.8125915527344,NTPC.NS,2025-03-05
329.21173095703125,NTPC.NS,2025-03-06
321.076416015625,NTPC.NS,2025-03-07
320.9302673339844,NTPC.NS,2025-03-10
321.80712890625,NTPC.NS,2025-03-11
321.6610107421875,NTPC.NS,2025-03-12
323.3659973144531,NTPC.NS,2025-03-13
323.1224365234375,NTPC.NS,2025-03-17
323.1224365234375,NTPC.NS,2025-03-18
332.5242919921875,NTPC.NS,2025-03-19
332.9627685546875,NTPC.NS,2025-03-20
342.2671813964844,NTPC.NS,2025-03-21
357.5148010253906,NTPC.NS,2025-03-24
357.5148010253906,NTPC.NS,2025-03-25
345.5310363769531,NTPC.NS,2025-03-26
351.37677001953125,NTPC.NS,2025-03-27
348.40521240234375,NTPC.NS,2025-03-28
343.0953063964844,NTPC.NS,2025-04-01
342.70562744140625,NTPC.NS,2025-04-02
349.6717834472656,NTPC.NS,2025-04-03
341.39031982421875,NTPC.NS,2025-04-04
340.8057556152344,NTPC.NS,2025-04-07
343.8747863769531,NTPC.NS,2025-04-08
340.3673400878906,NTPC.NS,2025-04-09
350.8409423828125,NTPC.NS,2025-04-11
353.17919921875,NTPC.NS,2025-04-15
350.0614929199219,NTPC.NS,2025-04-16
354.640625,NTPC.NS,2025-04-17
355.17645263671875,NTPC.NS,2025-04-21
350.987060546875,NTPC.NS,2025-04-22
354.44580078125,NTPC.NS,2025-04-23
353.8612365722656,NTPC.NS,2025-04-24
347.2847595214844,NTPC.NS,2025-04-25
352.20489501953125,NTPC.NS,2025-04-28
347.7719421386719,NTPC.NS,2025-04-29
345.4336242675781,NTPC.NS,2025-04-30
339.7340393066406,NTPC.NS,2025-05-02
339.6366271972656,NTPC.NS,2025-05-05
333.01141357421875,NTPC.NS,2025-05-06
333.2550354003906,NTPC.NS,2025-05-07
331.2577209472656,NTPC.NS,2025-05-08
326.1427001953125,NTPC.NS,2025-05-09
339.587890625,NTPC.NS,2025-05-12
332.7191467285156,NTPC.NS,2025-05-13
329.8450012207031,NTPC.NS,2025-05-14
333.1576232910156,NTPC.NS,2025-05-15
334.27801513671875,NTPC.NS,2025-05-16
336.27532958984375,NTPC.NS,2025-05-19
333.7908935546875,NTPC.NS,2025-05-20
337.2496032714844,NTPC.NS,2025-05-21
332.62176513671875,NTPC.NS,2025-05-22
335.73944091796875,NTPC.NS,2025-05-23
334.6677551269531,NTPC.NS,2025-05-26
329.8450012207031,NTPC.NS,2025-05-27
331.3064270019531,NTPC.NS,2025-05-28
330.62445068359375,NTPC.NS,2025-05-29
325.3145751953125,NTPC.NS,2025-05-30
323.9992980957031,NTPC.NS,2025-06-02
319.8098449707031,NTPC.NS,2025-06-03
320.7841491699219,NTPC.NS,2025-06-04
320.1995849609375,NTPC.NS,2025-06-05
324.2915954589844,NTPC.NS,2025-06-06
328.43231201171875,NTPC.NS,2025-06-09
330.47833251953125,NTPC.NS,2025-06-10
329.4065856933594,NTPC.NS,2025-06-11
325.1197204589844,NTPC.NS,2025-06-12
323.41473388671875,NTPC.NS,2025-06-13
325.1197204589844,NTPC.NS,2025-06-16
326.5811767578125,NTPC.NS,2025-06-17
323.8531494140625,NTPC.NS,2025-06-18
321.56353759765625,NTPC.NS,2025-06-19
326.5811767578125,NTPC.NS,2025-06-20
324.0480041503906,NTPC.NS,2025-06-23
321.4661865234375,NTPC.NS,2025-06-24
322.343017578125,NTPC.NS,2025-06-25
328.4809875488281,NTPC.NS,2025-06-26
329.6014404296875,NTPC.NS,2025-06-27
326.28887939453125,NTPC.NS,2025-06-30
324.0480041503906,NTPC.NS,2025-07-01
325.1684265136719,NTPC.NS,2025-07-02
325.9966125488281,NTPC.NS,2025-07-03
326.8734436035156,NTPC.NS,2025-07-04
328.7732849121094,NTPC.NS,2025-07-07
334.37548828125,NTPC.NS,2025-07-08
335.1548767089844,NTPC.NS,2025-07-09
332.67047119140625,NTPC.NS,2025-07-10
333.8883361816406,NTPC.NS,2025-07-11
333.30377197265625,NTPC.NS,2025-07-14
333.206298828125,NTPC.NS,2025-07-15
333.6447448730469,NTPC.NS,2025-07-16
333.839599609375,NTPC.NS,2025-07-17
333.30377197265625,NTPC.NS,2025-07-18
332.76788330078125,NTPC.NS,2025-07-21
332.0859069824219,NTPC.NS,2025-07-22
334.2292785644531,NTPC.NS,2025-07-23
330.1860046386719,NTPC.NS,2025-07-24
324.6325988769531,NTPC.NS,2025-07-25
324.3890075683594,NTPC.NS,2025-07-28
325.9966125488281,NTPC.NS,2025-07-29
330.0885925292969,NTPC.NS,2025-07-30
325.65557861328125,NTPC.NS,2025-07-31
322.3917236328125,NTPC.NS,2025-08-01
323.46343994140625,NTPC.NS,2025-08-04
325.0223083496094,NTPC.NS,2025-08-05
323.5608825683594,NTPC.NS,2025-08-06
321.2712707519531,NTPC.NS,2025-08-07
326.1427001953125,NTPC.NS,2025-08-08
327.5067443847656,NTPC.NS,2025-08-11
331.3551940917969,NTPC.NS,2025-08-12
331.20904541015625,NTPC.NS,2025-08-13
330.62445068359375,NTPC.NS,2025-08-14
327.4092712402344,NTPC.NS,2025-08-18
326.43499755859375,NTPC.NS,2025-08-19
333.206298828125,NTPC.NS,2025-08-20
330.0885925292969,NTPC.NS,2025-08-21
328.3348693847656,NTPC.NS,2025-08-22
329.16302490234375,NTPC.NS,2025-08-25
324.6325988769531,NTPC.NS,2025-08-26
322.2942810058594,NTPC.NS,2025-08-28
319.1278381347656,NTPC.NS,2025-08-29
322.1968688964844,NTPC.NS,2025-09-01
327.6528625488281,NTPC.NS,2025-09-02
325.65557861328125,NTPC.NS,2025-09-03
324.81903076171875,NTPC.NS,2025-09-04
323.490478515625,NTPC.NS,2025-09-05
321.5221862792969,NTPC.NS,2025-09-08
318.9633483886719,NTPC.NS,2025-09-09
320.4888000488281,NTPC.NS,2025-09-10
325.8031921386719,NTPC.NS,2025-09-11
326.44293212890625,NTPC.NS,2025-09-12
325.8524475097656,NTPC.NS,2025-09-15
329.73980712890625,NTPC.NS,2025-09-16
331.06842041015625,NTPC.NS,2025-09-17
331.6097106933594,NTPC.NS,2025-09-18
333.28277587890625,NTPC.NS,2025-09-19
333.8240661621094,NTPC.NS,2025-09-22
337.5638427734375,NTPC.NS,2025-09-23
342.0909118652344,NTPC.NS,2025-09-24
335.10345458984375,NTPC.NS,2025-09-25
332.5446472167969,NTPC.NS,2025-09-26
335.54632568359375,NTPC.NS,2025-09-29
335.05426025390625,NTPC.NS,2025-09-30
334.857421875,NTPC.NS,2025-10-01
336.57965087890625,NTPC.NS,2025-10-03
333.7256164550781,NTPC.NS,2025-10-06
332.64306640625,NTPC.NS,2025-10-07
328.5096435546875,NTPC.NS,2025-10-08
330.5271301269531,NTPC.NS,2025-10-09
334.3161315917969,NTPC.NS,2025-10-10
336.2844543457031,NTPC.NS,2025-10-13
331.314453125,NTPC.NS,2025-10-14
333.8732604980469,NTPC.NS,2025-10-15
336.08758544921875,NTPC.NS,2025-10-16
335.59552001953125,NTPC.NS,2025-10-17
336.5304870605469,NTPC.NS,2025-10-20
336.57965087890625,NTPC.NS,2025-10-21
337.2193603515625,NTPC.NS,2025-10-23
334.21771240234375,NTPC.NS,2025-10-24
336.3336486816406,NTPC.NS,2025-10-27
333.77484130859375,NTPC.NS,2025-10-28
341.99249267578125,NTPC.NS,2025-10-29
339.67974853515625,NTPC.NS,2025-10-30
331.6097106933594,NTPC.NS,2025-10-31
329.887451171875,NTPC.NS,2025-11-03
325.3603515625,NTPC.NS,2025-11-04
321.4729309082031,NTPC.NS,2025-11-06
323.6564636230469,NTPC.NS,2025-11-07
323.0113525390625,NTPC.NS,2025-11-10
324.20233154296875,NTPC.NS,2025-11-11
324.6986083984375,NTPC.NS,2025-11-12
324.5001220703125,NTPC.NS,2025-11-13
325.9888610839844,NTPC.NS,2025-11-14
327.72576904296875,NTPC.NS,2025-11-17
325.9888610839844,NTPC.NS,2025-11-18
324.1527404785156,NTPC.NS,2025-11-19
324.1527404785156,NTPC.NS,2025-11-20
324.20233154296875,NTPC.NS,2025-11-21
321.0263366699219,NTPC.NS,2025-11-24
321.27447509765625,NTPC.NS,2025-11-25
323.6564636230469,NTPC.NS,2025-11-26
324.8970947265625,NTPC.NS,2025-11-27
324.00384521484375,NTPC.NS,2025-11-28
324.64898681640625,NTPC.NS,2025-12-01
326.13775634765625,NTPC.NS,2025-12-02
320.53009033203125,NTPC.NS,2025-12-03
320.53009033203125,NTPC.NS,2025-12-04
320.87744140625,NTPC.NS,2025-12-05
317.1059265136719,NTPC.NS,2025-12-08
317.45330810546875,NTPC.NS,2025-12-09
319.190185546875,NTPC.NS,2025-12-10
320.1827087402344,NTPC.NS,2025-12-11
322.61431884765625,NTPC.NS,2025-12-12
321.5225830078125,NTPC.NS,2025-12-15
318.5946960449219,NTPC.NS,2025-12-16
318.8428039550781,NTPC.NS,2025-12-17
316.1134033203125,NTPC.NS,2025-12-18
317.5029296875,NTPC.NS,2025-12-19
318.29693603515625,NTPC.NS,2025-12-22
320.82781982421875,NTPC.NS,2025-12-23
320.133056640625,NTPC.NS,2025-12-24
321.67144775390625,NTPC.NS,2025-12-26
323.06097412109375,NTPC.NS,2025-12-29
322.4654541015625,NTPC.NS,2025-12-30
327.0805969238281,NTPC.NS,2025-12-31
333.780029296875,NTPC.NS,2026-01-01
349.4616394042969,NTPC.NS,2026-01-02
347.972900390625,NTPC.NS,2026-01-05
348.17138671875,NTPC.NS,2026-01-06
346.2359924316406,NTPC.NS,2026-01-07
341.8193359375,NTPC.NS,2026-01-08
333.4822998046875,NTPC.NS,2026-01-09
334.9214172363281,NTPC.NS,2026-01-12
335.3680419921875,NTPC.NS,2026-01-13
346.484130859375,NTPC.NS,2026-01-14
346.484130859375,NTPC.NS,2026-01-15
343.7547302246094,NTPC.NS,2026-01-16
340.7772216796875,NTPC.NS,2026-01-19
336.211669921875,NTPC.NS,2026-01-20
336.1620788574219,NTPC.NS,2026-01-21
339.88397216796875,NTPC.NS,2026-01-22
334.17706298828125,NTPC.NS,2026-01-23
342.1170959472656,NTPC.NS,2026-01-27
345.4419860839844,NTPC.NS,2026-01-28
355.46630859375,NTPC.NS,2026-01-29
353.3324279785156,NTPC.NS,2026-01-30
347.7247619628906,NTPC.NS,2026-02-02
355.8633117675781,NTPC.NS,2026-02-03
364.49810791015625,NTPC.NS,2026-02-04
364.25,NTPC.NS,2026-02-05
365.04998779296875,NTPC.NS,2026-02-06
361.8999938964844,NTPC.NS,2026-02-09
366.8999938964844,NTPC.NS,2026-02-10
368.45001220703125,NTPC.NS,2026-02-11
368.25,NTPC.NS,2026-02-12
363.0,NTPC.NS,2026-02-13
369.1000061035156,NTPC.NS,2026-02-16
368.3999938964844,NTPC.NS,2026-02-17
368.3999938964844,NTPC.NS,2026-02-18
363.20001220703125,NTPC.NS,2026-02-19
372.95001220703125,NTPC.NS,2026-02-20
375.45001220703125,NTPC.NS,2026-02-23
382.75,NTPC.NS,2026-02-24
384.8999938964844,NTPC.NS,2026-02-25
381.8999938964844,NTPC.NS,2026-02-26
381.8999938964844,NTPC.NS,2026-02-27
377.54998779296875,NTPC.NS,2026-03-02
365.79998779296875,NTPC.NS,2026-03-04
378.04998779296875,NTPC.NS,2026-03-05
380.6000061035156,NTPC.NS,2026-03-06
376.25,NTPC.NS,2026-03-09
377.29998779296875,NTPC.NS,2026-03-10
379.8999938964844,NTPC.NS,2026-03-11
390.54998779296875,NTPC.NS,2026-03-12
384.45001220703125,NTPC.NS,2026-03-13
382.3999938964844,NTPC.NS,2026-03-16
383.3500061035156,NTPC.NS,2026-03-17
378.5,NTPC.NS,2026-03-18
374.04998779296875,NTPC.NS,2026-03-19
380.95001220703125,NTPC.NS,2026-03-20
372.3999938964844,NTPC.NS,2026-03-23
375.54998779296875,NTPC.NS,2026-03-24
378.3999938964844,NTPC.NS,2026-03-25
375.6499938964844,NTPC.NS,2026-03-27
370.6499938964844,NTPC.NS,2026-03-30
364.6499938964844,NTPC.NS,2026-04-01
359.6499938964844,NTPC.NS,2026-04-02
366.1000061035156,NTPC.NS,2026-04-06
368.8500061035156,NTPC.NS,2026-04-07
374.1499938964844,NTPC.NS,2026-04-08
378.6499938964844,NTPC.NS,2026-04-09
380.1499938964844,NTPC.NS,2026-04-10
386.25,NTPC.NS,2026-04-13
392.6000061035156,NTPC.NS,2026-04-15
390.79998779296875,NTPC.NS,2026-04-16
393.6000061035156,NTPC.NS,2026-04-17
398.0,NTPC.NS,2026-04-20
396.20001220703125,NTPC.NS,2026-04-21
405.3999938964844,NTPC.NS,2026-04-22
402.25,NTPC.NS,2026-04-23
401.8500061035156,NTPC.NS,2026-04-24
410.20001220703125,NTPC.NS,2026-04-27
406.8500061035156,NTPC.NS,2026-04-28
401.29998779296875,NTPC.NS,2026-04-29
399.1499938964844,NTPC.NS,2026-04-30
399.1499938964844,NTPC.NS,2026-05-01
400.04998779296875,NTPC.NS,2026-05-04
398.6499938964844,NTPC.NS,2026-05-05
394.8500061035156,NTPC.NS,2026-05-06
400.3500061035156,NTPC.NS,2026-05-07
402.1499938964844,NTPC.NS,2026-05-08
392.95001220703125,NTPC.NS,2026-05-11
392.70001220703125,NTPC.NS,2026-05-12
390.45001220703125,NTPC.NS,2026-05-13
396.29998779296875,NTPC.NS,2026-05-14
395.25,NTPC.NS,2026-05-15
388.29998779296875,NTPC.NS,2026-05-18
389.3999938964844,NTPC.NS,2026-05-19
392.45001220703125,NTPC.NS,2026-05-20
388.79998779296875,NTPC.NS,2026-05-21
388.6499938964844,NTPC.NS,2026-05-22
390.04998779296875,NTPC.NS,2026-05-25
389.70001220703125,NTPC.NS,2026-05-26
398.1499938964844,NTPC.NS,2026-05-27
398.1499938964844,NTPC.NS,2026-05-28
386.8999938964844,NTPC.NS,2026-05-29
378.70001220703125,NTPC.NS,2026-06-01
367.3999938964844,NTPC.NS,2026-06-02
366.79998779296875,NTPC.NS,2026-06-03
366.3999938964844,NTPC.NS,2026-06-04
361.6499938964844,NTPC.NS,2026-06-05
362.3999938964844,NTPC.NS,2026-06-08
355.6499938964844,NTPC.NS,2026-06-09
351.6499938964844,NTPC.NS,2026-06-10
351.8500061035156,NTPC.NS,2026-06-11
353.8999938964844,NTPC.NS,2026-06-12
348.1000061035156,NTPC.NS,2026-06-15
355.54998779296875,NTPC.NS,2026-06-16
355.54998779296875,NTPC.NS,2026-06-17
361.95001220703125,NTPC.NS,2026-06-18
365.79998779296875,NTPC.NS,2026-06-19
367.04998779296875,NTPC.NS,2026-06-22
364.6000061035156,NTPC.NS,2026-06-23
357.04998779296875,NTPC.NS,2026-06-24
352.04998779296875,NTPC.NS,2026-06-25
352.04998779296875,NTPC.NS,2026-06-26
356.1000061035156,NTPC.NS,2026-06-29
74.87078094482422,BEL.NS,2022-05-20
73.73953247070312,BEL.NS,2022-05-23
73.8191909790039,BEL.NS,2022-05-24
72.13026428222656,BEL.NS,2022-05-25
72.01872253417969,BEL.NS,2022-05-26
73.58019256591797,BEL.NS,2022-05-27
73.50053405761719,BEL.NS,2022-05-30
74.80705261230469,BEL.NS,2022-05-31
78.42394256591797,BEL.NS,2022-06-01
78.31239318847656,BEL.NS,2022-06-02
77.19705200195312,BEL.NS,2022-06-03
77.56352233886719,BEL.NS,2022-06-06
78.32833099365234,BEL.NS,2022-06-07
78.16899108886719,BEL.NS,2022-06-08
78.2486572265625,BEL.NS,2022-06-09
78.61512756347656,BEL.NS,2022-06-10
75.04606628417969,BEL.NS,2022-06-13
76.9102554321289,BEL.NS,2022-06-14
76.5278549194336,BEL.NS,2022-06-15
74.05819702148438,BEL.NS,2022-06-16
74.79113006591797,BEL.NS,2022-06-17
72.38520812988281,BEL.NS,2022-06-20
73.37305450439453,BEL.NS,2022-06-21
71.97093200683594,BEL.NS,2022-06-22
72.30552673339844,BEL.NS,2022-06-23
74.40872192382812,BEL.NS,2022-06-24
76.49598693847656,BEL.NS,2022-06-27
75.34879302978516,BEL.NS,2022-06-28
75.23726654052734,BEL.NS,2022-06-29
74.59991455078125,BEL.NS,2022-06-30
73.22966003417969,BEL.NS,2022-07-01
73.19779205322266,BEL.NS,2022-07-04
73.0384521484375,BEL.NS,2022-07-05
73.62798309326172,BEL.NS,2022-07-06
75.41252899169922,BEL.NS,2022-07-07
75.20539093017578,BEL.NS,2022-07-08
74.80705261230469,BEL.NS,2022-07-11
74.01039123535156,BEL.NS,2022-07-12
74.39278411865234,BEL.NS,2022-07-13
75.65151977539062,BEL.NS,2022-07-14
78.23272705078125,BEL.NS,2022-07-15
81.08479309082031,BEL.NS,2022-07-18
81.30786895751953,BEL.NS,2022-07-19
81.22821044921875,BEL.NS,2022-07-20
85.62580871582031,BEL.NS,2022-07-21
85.02033233642578,BEL.NS,2022-07-22
86.05599975585938,BEL.NS,2022-07-25
85.05220031738281,BEL.NS,2022-07-26
87.04387664794922,BEL.NS,2022-07-27
86.78892517089844,BEL.NS,2022-07-28
87.69713592529297,BEL.NS,2022-07-29
90.56513977050781,BEL.NS,2022-08-01
89.86407470703125,BEL.NS,2022-08-02
88.22293090820312,BEL.NS,2022-08-03
90.54920196533203,BEL.NS,2022-08-04
87.99987030029297,BEL.NS,2022-08-05
90.3067855834961,BEL.NS,2022-08-08
92.08506774902344,BEL.NS,2022-08-10
92.10106658935547,BEL.NS,2022-08-11
93.27056884765625,BEL.NS,2022-08-12
94.11964416503906,BEL.NS,2022-08-16
93.35067749023438,BEL.NS,2022-08-17
92.51761627197266,BEL.NS,2022-08-18
91.34812927246094,BEL.NS,2022-08-19
92.62975311279297,BEL.NS,2022-08-22
95.62554931640625,BEL.NS,2022-08-23
94.21577453613281,BEL.NS,2022-08-24
95.06485748291016,BEL.NS,2022-08-25
97.83637237548828,BEL.NS,2022-08-26
98.95780944824219,BEL.NS,2022-08-29
98.20484924316406,BEL.NS,2022-08-30
102.46625518798828,BEL.NS,2022-09-01
103.98818969726562,BEL.NS,2022-09-02
105.06156158447266,BEL.NS,2022-09-05
104.34065246582031,BEL.NS,2022-09-06
105.49410247802734,BEL.NS,2022-09-07
105.14163970947266,BEL.NS,2022-09-08
105.14163970947266,BEL.NS,2022-09-09
108.47389221191406,BEL.NS,2022-09-12
107.59278106689453,BEL.NS,2022-09-13
107.62482452392578,BEL.NS,2022-09-14
106.7917709350586,BEL.NS,2022-09-15
106.69564819335938,BEL.NS,2022-09-16
106.21503448486328,BEL.NS,2022-09-19
105.92665100097656,BEL.NS,2022-09-20
104.24451446533203,BEL.NS,2022-09-21
105.73441314697266,BEL.NS,2022-09-22
102.51432037353516,BEL.NS,2022-09-23
96.7950439453125,BEL.NS,2022-09-26
95.88188171386719,BEL.NS,2022-09-27
95.3051528930664,BEL.NS,2022-09-28
95.16097259521484,BEL.NS,2022-09-29
97.03534698486328,BEL.NS,2022-09-30
94.63229370117188,BEL.NS,2022-10-03
98.09270477294922,BEL.NS,2022-10-04
100.59187316894531,BEL.NS,2022-10-06
102.12983703613281,BEL.NS,2022-10-07
100.39962768554688,BEL.NS,2022-10-10
99.0539321899414,BEL.NS,2022-10-11
99.24616241455078,BEL.NS,2022-10-12
97.46791076660156,BEL.NS,2022-10-13
96.89117431640625,BEL.NS,2022-10-14
97.85240173339844,BEL.NS,2022-10-17
101.84146118164062,BEL.NS,2022-10-18
101.79341888427734,BEL.NS,2022-10-19
103.81197357177734,BEL.NS,2022-10-20
99.5345458984375,BEL.NS,2022-10-21
100.73607635498047,BEL.NS,2022-10-24
100.97637176513672,BEL.NS,2022-10-25
103.66779327392578,BEL.NS,2022-10-27
101.26472473144531,BEL.NS,2022-10-28
102.7065658569336,BEL.NS,2022-10-31
104.29258728027344,BEL.NS,2022-11-01
102.94686889648438,BEL.NS,2022-11-02
105.68635559082031,BEL.NS,2022-11-03
104.72512817382812,BEL.NS,2022-11-04
105.39798736572266,BEL.NS,2022-11-07
103.86003875732422,BEL.NS,2022-11-09
102.56238555908203,BEL.NS,2022-11-10
103.13911437988281,BEL.NS,2022-11-11
102.46625518798828,BEL.NS,2022-11-14
102.89881134033203,BEL.NS,2022-11-15
104.100341796875,BEL.NS,2022-11-16
106.31114959716797,BEL.NS,2022-11-17
103.18717956542969,BEL.NS,2022-11-18
101.69728088378906,BEL.NS,2022-11-21
103.2833023071289,BEL.NS,2022-11-22
102.754638671875,BEL.NS,2022-11-23
102.85075378417969,BEL.NS,2022-11-24
102.99494171142578,BEL.NS,2022-11-25
103.2352523803711,BEL.NS,2022-11-28
102.0337142944336,BEL.NS,2022-11-29
101.02442932128906,BEL.NS,2022-11-30
100.11127471923828,BEL.NS,2022-12-01
102.0337142944336,BEL.NS,2022-12-02
103.2833023071289,BEL.NS,2022-12-05
101.60115051269531,BEL.NS,2022-12-06
101.60115051269531,BEL.NS,2022-12-07
101.2166748046875,BEL.NS,2022-12-08
101.69728088378906,BEL.NS,2022-12-09
100.49575805664062,BEL.NS,2022-12-12
101.07249450683594,BEL.NS,2022-12-13
101.36084747314453,BEL.NS,2022-12-14
99.24616241455078,BEL.NS,2022-12-15
95.5935287475586,BEL.NS,2022-12-16
96.55474853515625,BEL.NS,2022-12-19
97.37178802490234,BEL.NS,2022-12-20
95.35321807861328,BEL.NS,2022-12-21
94.44004821777344,BEL.NS,2022-12-22
92.80598449707031,BEL.NS,2022-12-23
95.40129089355469,BEL.NS,2022-12-26
96.36250305175781,BEL.NS,2022-12-27
95.88188171386719,BEL.NS,2022-12-28
95.06485748291016,BEL.NS,2022-12-29
96.02607727050781,BEL.NS,2022-12-30
96.36250305175781,BEL.NS,2023-01-02
96.4586181640625,BEL.NS,2023-01-03
94.92066192626953,BEL.NS,2023-01-04
96.07415008544922,BEL.NS,2023-01-05
95.1129150390625,BEL.NS,2023-01-06
96.12218475341797,BEL.NS,2023-01-09
95.3051528930664,BEL.NS,2023-01-10
96.31443786621094,BEL.NS,2023-01-11
95.54544830322266,BEL.NS,2023-01-12
96.07415008544922,BEL.NS,2023-01-13
98.14076232910156,BEL.NS,2023-01-16
98.90973663330078,BEL.NS,2023-01-17
98.71747589111328,BEL.NS,2023-01-18
98.8616714477539,BEL.NS,2023-01-19
97.85240173339844,BEL.NS,2023-01-20
97.61209869384766,BEL.NS,2023-01-23
96.74698638916016,BEL.NS,2023-01-24
95.3051528930664,BEL.NS,2023-01-25
90.64321899414062,BEL.NS,2023-01-27
85.50069427490234,BEL.NS,2023-01-30
91.26801300048828,BEL.NS,2023-01-31
87.42312622070312,BEL.NS,2023-02-01
89.4897689819336,BEL.NS,2023-02-02
90.21068572998047,BEL.NS,2023-02-03
90.83547973632812,BEL.NS,2023-02-06
90.78740692138672,BEL.NS,2023-02-07
92.3734359741211,BEL.NS,2023-02-08
92.08506774902344,BEL.NS,2023-02-09
93.10071563720703,BEL.NS,2023-02-10
91.55305480957031,BEL.NS,2023-02-13
91.50469970703125,BEL.NS,2023-02-14
91.55305480957031,BEL.NS,2023-02-15
94.55162811279297,BEL.NS,2023-02-16
93.2941665649414,BEL.NS,2023-02-17
91.79488372802734,BEL.NS,2023-02-20
92.42362976074219,BEL.NS,2023-02-21
91.89161682128906,BEL.NS,2023-02-22
92.27853393554688,BEL.NS,2023-02-23
92.23014831542969,BEL.NS,2023-02-24
92.27853393554688,BEL.NS,2023-02-27
91.50469970703125,BEL.NS,2023-02-28
93.87454986572266,BEL.NS,2023-03-01
93.53598022460938,BEL.NS,2023-03-02
92.71379852294922,BEL.NS,2023-03-03
93.2941665649414,BEL.NS,2023-03-06
92.95561981201172,BEL.NS,2023-03-08
92.3268814086914,BEL.NS,2023-03-09
91.79488372802734,BEL.NS,2023-03-10
89.32830810546875,BEL.NS,2023-03-13
89.7152328491211,BEL.NS,2023-03-14
89.57013702392578,BEL.NS,2023-03-15
88.8930435180664,BEL.NS,2023-03-16
90.34396362304688,BEL.NS,2023-03-17
89.61849975585938,BEL.NS,2023-03-20
90.05378723144531,BEL.NS,2023-03-21
89.61849975585938,BEL.NS,2023-03-22
89.08649444580078,BEL.NS,2023-03-23
89.13518524169922,BEL.NS,2023-03-24
89.32990264892578,BEL.NS,2023-03-27
87.91815948486328,BEL.NS,2023-03-28
89.13518524169922,BEL.NS,2023-03-29
94.97692108154297,BEL.NS,2023-03-31
94.0519790649414,BEL.NS,2023-04-03
95.658447265625,BEL.NS,2023-04-05
96.145263671875,BEL.NS,2023-04-06
97.26493072509766,BEL.NS,2023-04-10
97.36229705810547,BEL.NS,2023-04-11
98.14118957519531,BEL.NS,2023-04-12
98.23856353759766,BEL.NS,2023-04-13
98.7253646850586,BEL.NS,2023-04-17
100.23448944091797,BEL.NS,2023-04-18
98.7253646850586,BEL.NS,2023-04-19
100.1371078491211,BEL.NS,2023-04-20
100.08844757080078,BEL.NS,2023-04-21
99.11482238769531,BEL.NS,2023-04-24
98.4819564819336,BEL.NS,2023-04-25
98.9687728881836,BEL.NS,2023-04-26
98.77405548095703,BEL.NS,2023-04-27
100.57525634765625,BEL.NS,2023-04-28
101.54886627197266,BEL.NS,2023-05-02
103.5447998046875,BEL.NS,2023-05-03
104.42105865478516,BEL.NS,2023-05-04
103.49612426757812,BEL.NS,2023-05-05
104.4697494506836,BEL.NS,2023-05-08
104.7131576538086,BEL.NS,2023-05-09
105.19996643066406,BEL.NS,2023-05-10
105.7354507446289,BEL.NS,2023-05-11
104.4697494506836,BEL.NS,2023-05-12
104.81050872802734,BEL.NS,2023-05-15
105.58940124511719,BEL.NS,2023-05-16
105.39468383789062,BEL.NS,2023-05-17
104.95655822753906,BEL.NS,2023-05-18
104.17765808105469,BEL.NS,2023-05-19
107.5366439819336,BEL.NS,2023-05-22
105.05390930175781,BEL.NS,2023-05-23
105.93018341064453,BEL.NS,2023-05-24
106.70907592773438,BEL.NS,2023-05-25
107.7800521850586,BEL.NS,2023-05-26
108.51026916503906,BEL.NS,2023-05-29
108.3155517578125,BEL.NS,2023-05-30
109.19181823730469,BEL.NS,2023-05-31
109.92202758789062,BEL.NS,2023-06-01
110.31148529052734,BEL.NS,2023-06-02
112.59949493408203,BEL.NS,2023-06-05
114.93619537353516,BEL.NS,2023-06-06
114.93619537353516,BEL.NS,2023-06-07
114.44937896728516,BEL.NS,2023-06-08
117.17552185058594,BEL.NS,2023-06-09
115.95848083496094,BEL.NS,2023-06-12
118.87935638427734,BEL.NS,2023-06-13
118.19782257080078,BEL.NS,2023-06-14
118.73332214355469,BEL.NS,2023-06-15
121.89759063720703,BEL.NS,2023-06-16
121.55682373046875,BEL.NS,2023-06-19
121.84890747070312,BEL.NS,2023-06-20
119.56090545654297,BEL.NS,2023-06-21
120.19375610351562,BEL.NS,2023-06-22
116.88343048095703,BEL.NS,2023-06-23
118.19782257080078,BEL.NS,2023-06-26
115.2769546508789,BEL.NS,2023-06-27
117.56497192382812,BEL.NS,2023-06-28
122.43309020996094,BEL.NS,2023-06-30
120.48583984375,BEL.NS,2023-07-03
118.8306884765625,BEL.NS,2023-07-04
118.5385971069336,BEL.NS,2023-07-05
121.50814819335938,BEL.NS,2023-07-06
120.7779312133789,BEL.NS,2023-07-07
119.75562286376953,BEL.NS,2023-07-10
124.03956604003906,BEL.NS,2023-07-11
124.28296661376953,BEL.NS,2023-07-12
122.18968200683594,BEL.NS,2023-07-13
123.79615783691406,BEL.NS,2023-07-14
123.79615783691406,BEL.NS,2023-07-17
123.74747467041016,BEL.NS,2023-07-18
123.55274963378906,BEL.NS,2023-07-19
122.6764907836914,BEL.NS,2023-07-20
121.65418243408203,BEL.NS,2023-07-21
122.6764907836914,BEL.NS,2023-07-24
123.69879913330078,BEL.NS,2023-07-25
122.6764907836914,BEL.NS,2023-07-26
123.89352416992188,BEL.NS,2023-07-27
126.71702575683594,BEL.NS,2023-07-28
127.25251770019531,BEL.NS,2023-07-31
127.00911712646484,BEL.NS,2023-08-01
122.04363250732422,BEL.NS,2023-08-02
121.36209869384766,BEL.NS,2023-08-03
124.2342758178711,BEL.NS,2023-08-04
125.15923309326172,BEL.NS,2023-08-07
125.743408203125,BEL.NS,2023-08-08
128.22613525390625,BEL.NS,2023-08-09
125.98680114746094,BEL.NS,2023-08-10
128.56692504882812,BEL.NS,2023-08-11
127.05778503417969,BEL.NS,2023-08-14
127.8366928100586,BEL.NS,2023-08-16
125.88050842285156,BEL.NS,2023-08-17
124.36446380615234,BEL.NS,2023-08-18
126.41847229003906,BEL.NS,2023-08-21
130.3797607421875,BEL.NS,2023-08-22
130.4775390625,BEL.NS,2023-08-23
131.4556427001953,BEL.NS,2023-08-24
130.4775390625,BEL.NS,2023-08-25
131.94468688964844,BEL.NS,2023-08-28
131.60235595703125,BEL.NS,2023-08-29
131.60235595703125,BEL.NS,2023-08-30
130.28192138671875,BEL.NS,2023-08-31
134.83004760742188,BEL.NS,2023-09-01
137.47091674804688,BEL.NS,2023-09-04
136.63951110839844,BEL.NS,2023-09-05
135.27020263671875,BEL.NS,2023-09-06
136.78627014160156,BEL.NS,2023-09-07
140.16065979003906,BEL.NS,2023-09-08
141.5299835205078,BEL.NS,2023-09-11
131.21109008789062,BEL.NS,2023-09-12
132.87387084960938,BEL.NS,2023-09-13
133.8030548095703,BEL.NS,2023-09-14
132.7271728515625,BEL.NS,2023-09-15
136.83514404296875,BEL.NS,2023-09-18
133.90084838867188,BEL.NS,2023-09-20
132.28700256347656,BEL.NS,2023-09-21
133.06948852539062,BEL.NS,2023-09-22
133.60745239257812,BEL.NS,2023-09-25
134.6344451904297,BEL.NS,2023-09-26
133.60745239257812,BEL.NS,2023-09-27
132.0913848876953,BEL.NS,2023-09-28
135.27020263671875,BEL.NS,2023-09-29
136.1504669189453,BEL.NS,2023-10-03
135.80813598632812,BEL.NS,2023-10-04
135.9059600830078,BEL.NS,2023-10-05
135.95484924316406,BEL.NS,2023-10-06
132.77606201171875,BEL.NS,2023-10-09
136.88404846191406,BEL.NS,2023-10-10
134.7322540283203,BEL.NS,2023-10-11
135.17239379882812,BEL.NS,2023-10-12
134.43882751464844,BEL.NS,2023-10-13
134.38990783691406,BEL.NS,2023-10-16
135.51470947265625,BEL.NS,2023-10-17
134.047607421875,BEL.NS,2023-10-18
133.9986572265625,BEL.NS,2023-10-19
131.26002502441406,BEL.NS,2023-10-20
129.7928924560547,BEL.NS,2023-10-23
128.32574462890625,BEL.NS,2023-10-25
126.02722930908203,BEL.NS,2023-10-26
129.3038330078125,BEL.NS,2023-10-27
129.05929565429688,BEL.NS,2023-10-30
130.3308563232422,BEL.NS,2023-10-31
129.49945068359375,BEL.NS,2023-11-01
131.79795837402344,BEL.NS,2023-11-02
132.9716796875,BEL.NS,2023-11-03
134.6344451904297,BEL.NS,2023-11-06
135.02566528320312,BEL.NS,2023-11-07
137.3241729736328,BEL.NS,2023-11-08
134.9278564453125,BEL.NS,2023-11-09
135.75924682617188,BEL.NS,2023-11-10
140.25845336914062,BEL.NS,2023-11-13
139.91616821289062,BEL.NS,2023-11-15
139.47601318359375,BEL.NS,2023-11-16
142.89932250976562,BEL.NS,2023-11-17
140.69862365722656,BEL.NS,2023-11-20
139.72052001953125,BEL.NS,2023-11-21
138.74241638183594,BEL.NS,2023-11-22
136.29721069335938,BEL.NS,2023-11-23
137.27529907226562,BEL.NS,2023-11-24
138.20445251464844,BEL.NS,2023-11-28
137.9110565185547,BEL.NS,2023-11-29
142.70370483398438,BEL.NS,2023-11-30
144.21974182128906,BEL.NS,2023-12-01
150.1861114501953,BEL.NS,2023-12-04
148.67007446289062,BEL.NS,2023-12-05
152.72915649414062,BEL.NS,2023-12-06
156.83714294433594,BEL.NS,2023-12-07
155.27218627929688,BEL.NS,2023-12-08
157.7174072265625,BEL.NS,2023-12-11
157.27728271484375,BEL.NS,2023-12-12
159.28236389160156,BEL.NS,2023-12-13
160.40716552734375,BEL.NS,2023-12-14
165.34652709960938,BEL.NS,2023-12-15
168.91659545898438,BEL.NS,2023-12-18
169.25892639160156,BEL.NS,2023-12-19
163.58596801757812,BEL.NS,2023-12-20
166.91148376464844,BEL.NS,2023-12-21
170.97056579589844,BEL.NS,2023-12-22
177.96392822265625,BEL.NS,2023-12-26
176.2522735595703,BEL.NS,2023-12-27
178.69749450683594,BEL.NS,2023-12-28
180.16464233398438,BEL.NS,2023-12-29
180.89822387695312,BEL.NS,2024-01-01
178.1595458984375,BEL.NS,2024-01-02
178.3551788330078,BEL.NS,2024-01-03
182.8054962158203,BEL.NS,2024-01-04
181.8762969970703,BEL.NS,2024-01-05
179.5778045654297,BEL.NS,2024-01-08
180.6047821044922,BEL.NS,2024-01-09
181.53396606445312,BEL.NS,2024-01-10
180.31137084960938,BEL.NS,2024-01-11
179.47998046875,BEL.NS,2024-01-12
184.51715087890625,BEL.NS,2024-01-15
182.7076873779297,BEL.NS,2024-01-16
181.5828857421875,BEL.NS,2024-01-17
184.07701110839844,BEL.NS,2024-01-18
187.6470489501953,BEL.NS,2024-01-19
183.0010986328125,BEL.NS,2024-01-23
185.10401916503906,BEL.NS,2024-01-24
185.54415893554688,BEL.NS,2024-01-25
186.7178497314453,BEL.NS,2024-01-29
183.7835693359375,BEL.NS,2024-01-30
181.82740783691406,BEL.NS,2024-01-31
179.38218688964844,BEL.NS,2024-02-01
180.55589294433594,BEL.NS,2024-02-02
177.5727081298828,BEL.NS,2024-02-05
179.0887451171875,BEL.NS,2024-02-06
177.7194061279297,BEL.NS,2024-02-07
180.75149536132812,BEL.NS,2024-02-08
177.36424255371094,BEL.NS,2024-02-09
171.47337341308594,BEL.NS,2024-02-12
173.38792419433594,BEL.NS,2024-02-13
178.29698181152344,BEL.NS,2024-02-14
182.56784057617188,BEL.NS,2024-02-15
184.87510681152344,BEL.NS,2024-02-16
185.31690979003906,BEL.NS,2024-02-19
187.182373046875,BEL.NS,2024-02-20
185.267822265625,BEL.NS,2024-02-21
191.2078094482422,BEL.NS,2024-02-22
201.56590270996094,BEL.NS,2024-02-23
200.53501892089844,BEL.NS,2024-02-26
201.614990234375,BEL.NS,2024-02-27
201.9095458984375,BEL.NS,2024-02-28
201.3695526123047,BEL.NS,2024-02-29
201.86045837402344,BEL.NS,2024-03-01
205.78770446777344,BEL.NS,2024-03-04
206.91676330566406,BEL.NS,2024-03-05
206.62220764160156,BEL.NS,2024-03-06
211.2858428955078,BEL.NS,2024-03-07
208.68405151367188,BEL.NS,2024-03-11
200.53501892089844,BEL.NS,2024-03-12
186.83872985839844,BEL.NS,2024-03-13
191.69869995117188,BEL.NS,2024-03-14
185.4151153564453,BEL.NS,2024-03-15
186.4459991455078,BEL.NS,2024-03-18
182.02783203125,BEL.NS,2024-03-19
184.04055786132812,BEL.NS,2024-03-20
193.26959228515625,BEL.NS,2024-03-21
194.5997772216797,BEL.NS,2024-03-22
196.4718475341797,BEL.NS,2024-03-26
196.52114868164062,BEL.NS,2024-03-27
198.54103088378906,BEL.NS,2024-03-28
208.0000762939453,BEL.NS,2024-04-01
217.75469970703125,BEL.NS,2024-04-02
218.24734497070312,BEL.NS,2024-04-03
217.06495666503906,BEL.NS,2024-04-04
221.20327758789062,BEL.NS,2024-04-05
220.2672576904297,BEL.NS,2024-04-08
224.79966735839844,BEL.NS,2024-04-09
225.39088439941406,BEL.NS,2024-04-10
230.0711212158203,BEL.NS,2024-04-12
231.00718688964844,BEL.NS,2024-04-15
230.02186584472656,BEL.NS,2024-04-16
227.75563049316406,BEL.NS,2024-04-18
229.87405395507812,BEL.NS,2024-04-19
229.87405395507812,BEL.NS,2024-04-22
230.90866088867188,BEL.NS,2024-04-23
233.02706909179688,BEL.NS,2024-04-24
234.1109161376953,BEL.NS,2024-04-25
235.44110107421875,BEL.NS,2024-04-26
231.94320678710938,BEL.NS,2024-04-29
230.31744384765625,BEL.NS,2024-04-30
231.3027801513672,BEL.NS,2024-05-02
230.66232299804688,BEL.NS,2024-05-03
228.4453582763672,BEL.NS,2024-05-06
224.0607147216797,BEL.NS,2024-05-07
228.19903564453125,BEL.NS,2024-05-08
222.87832641601562,BEL.NS,2024-05-09
223.76512145996094,BEL.NS,2024-05-10
221.44961547851562,BEL.NS,2024-05-13
227.55856323242188,BEL.NS,2024-05-14
229.4306640625,BEL.NS,2024-05-15
234.40650939941406,BEL.NS,2024-05-16
244.5552520751953,BEL.NS,2024-05-17
270.1241760253906,BEL.NS,2024-05-21
279.4354553222656,BEL.NS,2024-05-22
284.2634582519531,BEL.NS,2024-05-23
292.835693359375,BEL.NS,2024-05-24
290.1260681152344,BEL.NS,2024-05-27
284.85467529296875,BEL.NS,2024-05-28
287.85986328125,BEL.NS,2024-05-29
286.38189697265625,BEL.NS,2024-05-30
291.6040954589844,BEL.NS,2024-05-31
313.9707336425781,BEL.NS,2024-06-03
251.79733276367188,BEL.NS,2024-06-04
256.52685546875,BEL.NS,2024-06-05
269.63153076171875,BEL.NS,2024-06-06
279.04132080078125,BEL.NS,2024-06-07
279.23834228515625,BEL.NS,2024-06-10
281.99725341796875,BEL.NS,2024-06-11
286.2341003417969,BEL.NS,2024-06-12
296.48138427734375,BEL.NS,2024-06-13
305.0536193847656,BEL.NS,2024-06-14
313.57659912109375,BEL.NS,2024-06-18
304.7580261230469,BEL.NS,2024-06-19
307.3198547363281,BEL.NS,2024-06-20
300.471923828125,BEL.NS,2024-06-21
305.2013854980469,BEL.NS,2024-06-24
305.15216064453125,BEL.NS,2024-06-25
302.343994140625,BEL.NS,2024-06-26
300.02850341796875,BEL.NS,2024-06-27
301.407958984375,BEL.NS,2024-06-28
303.13226318359375,BEL.NS,2024-07-01
301.6050109863281,BEL.NS,2024-07-02
309.88165283203125,BEL.NS,2024-07-03
312.6897888183594,BEL.NS,2024-07-04
319.2914123535156,BEL.NS,2024-07-05
329.6864929199219,BEL.NS,2024-07-08
329.883544921875,BEL.NS,2024-07-09
328.947509765625,BEL.NS,2024-07-10
330.57330322265625,BEL.NS,2024-07-11
328.20855712890625,BEL.NS,2024-07-12
326.53350830078125,BEL.NS,2024-07-15
321.360595703125,BEL.NS,2024-07-16
308.9455871582031,BEL.NS,2024-07-18
301.80206298828125,BEL.NS,2024-07-19
307.7139587402344,BEL.NS,2024-07-22
297.0233154296875,BEL.NS,2024-07-23
295.6931457519531,BEL.NS,2024-07-24
297.0233154296875,BEL.NS,2024-07-25
305.34918212890625,BEL.NS,2024-07-26
316.6310729980469,BEL.NS,2024-07-29
313.4288024902344,BEL.NS,2024-07-30
311.40887451171875,BEL.NS,2024-07-31
306.58087158203125,BEL.NS,2024-08-01
298.50128173828125,BEL.NS,2024-08-02
285.98779296875,BEL.NS,2024-08-05
283.0318603515625,BEL.NS,2024-08-06
295.79168701171875,BEL.NS,2024-08-07
293.87030029296875,BEL.NS,2024-08-08
297.7622985839844,BEL.NS,2024-08-09
296.9740295410156,BEL.NS,2024-08-12
291.8011169433594,BEL.NS,2024-08-13
290.1709899902344,BEL.NS,2024-08-14
299.6556091308594,BEL.NS,2024-08-16
298.5194091796875,BEL.NS,2024-08-19
299.5074157714844,BEL.NS,2024-08-20
301.7303466796875,BEL.NS,2024-08-21
300.8411865234375,BEL.NS,2024-08-22
302.3231506347656,BEL.NS,2024-08-23
303.0147705078125,BEL.NS,2024-08-26
297.2844543457031,BEL.NS,2024-08-27
296.3458557128906,BEL.NS,2024-08-28
292.64093017578125,BEL.NS,2024-08-29
295.7036437988281,BEL.NS,2024-08-30
293.33251953125,BEL.NS,2024-09-02
293.5794982910156,BEL.NS,2024-09-03
295.3578796386719,BEL.NS,2024-09-04
287.10821533203125,BEL.NS,2024-09-05
280.19232177734375,BEL.NS,2024-09-06
278.1669006347656,BEL.NS,2024-09-09
282.3164978027344,BEL.NS,2024-09-10
284.58880615234375,BEL.NS,2024-09-11
288.1949768066406,BEL.NS,2024-09-12
286.4660339355469,BEL.NS,2024-09-13
286.9106140136719,BEL.NS,2024-09-16
280.8838806152344,BEL.NS,2024-09-17
279.45135498046875,BEL.NS,2024-09-18
269.4233093261719,BEL.NS,2024-09-19
274.0174255371094,BEL.NS,2024-09-20
282.8598937988281,BEL.NS,2024-09-23
288.2937927246094,BEL.NS,2024-09-24
286.3672180175781,BEL.NS,2024-09-25
287.0093994140625,BEL.NS,2024-09-26
289.9239807128906,BEL.NS,2024-09-27
281.6742858886719,BEL.NS,2024-09-30
280.5381164550781,BEL.NS,2024-10-01
275.3511962890625,BEL.NS,2024-10-03
273.8692321777344,BEL.NS,2024-10-04
264.1376037597656,BEL.NS,2024-10-07
276.882568359375,BEL.NS,2024-10-08
279.0067443847656,BEL.NS,2024-10-09
283.4526672363281,BEL.NS,2024-10-10
282.4646911621094,BEL.NS,2024-10-11
282.2671203613281,BEL.NS,2024-10-14
285.3792419433594,BEL.NS,2024-10-15
282.2671203613281,BEL.NS,2024-10-16
281.1308898925781,BEL.NS,2024-10-17
283.6996765136719,BEL.NS,2024-10-18
278.9079284667969,BEL.NS,2024-10-21
268.38592529296875,BEL.NS,2024-10-22
265.42193603515625,BEL.NS,2024-10-23
268.0895080566406,BEL.NS,2024-10-24
269.0774841308594,BEL.NS,2024-10-25
266.80511474609375,BEL.NS,2024-10-28
280.2417297363281,BEL.NS,2024-10-29
285.08282470703125,BEL.NS,2024-10-30
281.4766845703125,BEL.NS,2024-10-31
285.1816101074219,BEL.NS,2024-11-01
280.7356872558594,BEL.NS,2024-11-04
282.9093017578125,BEL.NS,2024-11-05
298.2230529785156,BEL.NS,2024-11-06
296.7410583496094,BEL.NS,2024-11-07
294.17230224609375,BEL.NS,2024-11-08
296.14825439453125,BEL.NS,2024-11-11
286.6636047363281,BEL.NS,2024-11-12
278.1669006347656,BEL.NS,2024-11-13
277.57415771484375,BEL.NS,2024-11-14
274.7090148925781,BEL.NS,2024-11-18
275.6476135253906,BEL.NS,2024-11-19
272.1402893066406,BEL.NS,2024-11-21
277.4753723144531,BEL.NS,2024-11-22
288.8371887207031,BEL.NS,2024-11-25
294.3204650878906,BEL.NS,2024-11-26
303.656982421875,BEL.NS,2024-11-27
302.076171875,BEL.NS,2024-11-28
304.29913330078125,BEL.NS,2024-11-29
303.21234130859375,BEL.NS,2024-12-02
308.3498840332031,BEL.NS,2024-12-03
309.09088134765625,BEL.NS,2024-12-04
310.7210388183594,BEL.NS,2024-12-05
309.98004150390625,BEL.NS,2024-12-06
310.81982421875,BEL.NS,2024-12-09
311.06683349609375,BEL.NS,2024-12-10
310.32586669921875,BEL.NS,2024-12-11
309.1896667480469,BEL.NS,2024-12-12
311.8572082519531,BEL.NS,2024-12-13
312.4006042480469,BEL.NS,2024-12-16
306.867919921875,BEL.NS,2024-12-17
300.14959716796875,BEL.NS,2024-12-18
294.91326904296875,BEL.NS,2024-12-19
287.355224609375,BEL.NS,2024-12-20
290.8131408691406,BEL.NS,2024-12-23
288.9360046386719,BEL.NS,2024-12-24
291.6529235839844,BEL.NS,2024-12-26
288.540771484375,BEL.NS,2024-12-27
281.4766845703125,BEL.NS,2024-12-30
289.6275634765625,BEL.NS,2024-12-31
290.3685607910156,BEL.NS,2025-01-01
293.23370361328125,BEL.NS,2025-01-02
288.4419860839844,BEL.NS,2025-01-03
278.7597351074219,BEL.NS,2025-01-06
283.55145263671875,BEL.NS,2025-01-07
278.7103576660156,BEL.NS,2025-01-08
277.87054443359375,BEL.NS,2025-01-09
267.7437438964844,BEL.NS,2025-01-10
256.4806823730469,BEL.NS,2025-01-13
266.65692138671875,BEL.NS,2025-01-14
264.6315612792969,BEL.NS,2025-01-15
272.83184814453125,BEL.NS,2025-01-16
278.7597351074219,BEL.NS,2025-01-17
282.3658752441406,BEL.NS,2025-01-20
275.6476135253906,BEL.NS,2025-01-21
267.1015319824219,BEL.NS,2025-01-22
270.65826416015625,BEL.NS,2025-01-23
266.9039306640625,BEL.NS,2025-01-24
259.7904357910156,BEL.NS,2025-01-27
255.1469268798828,BEL.NS,2025-01-28
263.9893798828125,BEL.NS,2025-01-29
275.4006042480469,BEL.NS,2025-01-30
289.13360595703125,BEL.NS,2025-01-31
278.4139709472656,BEL.NS,2025-02-01
270.8558349609375,BEL.NS,2025-02-03
281.0815124511719,BEL.NS,2025-02-04
285.4780578613281,BEL.NS,2025-02-05
276.3885803222656,BEL.NS,2025-02-06
273.7209777832031,BEL.NS,2025-02-07
270.164306640625,BEL.NS,2025-02-10
261.8652038574219,BEL.NS,2025-02-11
256.0361022949219,BEL.NS,2025-02-12
258.4072570800781,BEL.NS,2025-02-13
247.34185791015625,BEL.NS,2025-02-14
245.5140838623047,BEL.NS,2025-02-17
241.6609344482422,BEL.NS,2025-02-18
250.3551788330078,BEL.NS,2025-02-19
257.1228942871094,BEL.NS,2025-02-20
253.02276611328125,BEL.NS,2025-02-21
253.26976013183594,BEL.NS,2025-02-24
253.56613159179688,BEL.NS,2025-02-25
249.41661071777344,BEL.NS,2025-02-27
243.29110717773438,BEL.NS,2025-02-28
254.29725646972656,BEL.NS,2025-03-03
261.529296875,BEL.NS,2025-03-04
271.6166076660156,BEL.NS,2025-03-05
269.6702880859375,BEL.NS,2025-03-06
273.6617431640625,BEL.NS,2025-03-07
269.0577392578125,BEL.NS,2025-03-10
275.36614990234375,BEL.NS,2025-03-11
275.0184631347656,BEL.NS,2025-03-12
278.2372741699219,BEL.NS,2025-03-13
278.0981750488281,BEL.NS,2025-03-17
278.0981750488281,BEL.NS,2025-03-18
288.102294921875,BEL.NS,2025-03-19
295.10614013671875,BEL.NS,2025-03-20
293.8047180175781,BEL.NS,2025-03-21
300.12310791015625,BEL.NS,2025-03-24
298.066650390625,BEL.NS,2025-03-25
297.5798645019531,BEL.NS,2025-03-26
298.6825866699219,BEL.NS,2025-03-27
299.34820556640625,BEL.NS,2025-03-28
290.0892028808594,BEL.NS,2025-04-01
280.552001953125,BEL.NS,2025-04-02
285.61865234375,BEL.NS,2025-04-03
278.167724609375,BEL.NS,2025-04-04
270.3194274902344,BEL.NS,2025-04-07
279.6082458496094,BEL.NS,2025-04-08
278.3167419433594,BEL.NS,2025-04-09
283.135009765625,BEL.NS,2025-04-11
291.7781066894531,BEL.NS,2025-04-15
291.6787414550781,BEL.NS,2025-04-16
293.21856689453125,BEL.NS,2025-04-17
297.9871826171875,BEL.NS,2025-04-21
301.36492919921875,BEL.NS,2025-04-22
303.84857177734375,BEL.NS,2025-04-23
303.6995544433594,BEL.NS,2025-04-24
295.6525573730469,BEL.NS,2025-04-25
303.0538024902344,BEL.NS,2025-04-28
315.02496337890625,BEL.NS,2025-04-29
312.0445861816406,BEL.NS,2025-04-30
309.1138916015625,BEL.NS,2025-05-02
313.2366943359375,BEL.NS,2025-05-05
308.4681396484375,BEL.NS,2025-05-06
307.9217224121094,BEL.NS,2025-05-07
305.1400451660156,BEL.NS,2025-05-08
313.78314208984375,BEL.NS,2025-05-09
320.6876220703125,BEL.NS,2025-05-12
333.55291748046875,BEL.NS,2025-05-13
342.0966491699219,BEL.NS,2025-05-14
348.1070556640625,BEL.NS,2025-05-15
361.5186767578125,BEL.NS,2025-05-16
361.3696594238281,BEL.NS,2025-05-19
361.4193420410156,BEL.NS,2025-05-20
380.49371337890625,BEL.NS,2025-05-21
380.89111328125,BEL.NS,2025-05-22
381.2884521484375,BEL.NS,2025-05-23
382.0335693359375,BEL.NS,2025-05-26
382.87799072265625,BEL.NS,2025-05-27
387.89495849609375,BEL.NS,2025-05-28
384.2688293457031,BEL.NS,2025-05-29
382.083251953125,BEL.NS,2025-05-30
384.9642639160156,BEL.NS,2025-06-02
383.47406005859375,BEL.NS,2025-06-03
388.0439758300781,BEL.NS,2025-06-04
390.9250183105469,BEL.NS,2025-06-05
388.1433410644531,BEL.NS,2025-06-06
389.8818664550781,BEL.NS,2025-06-09
394.7994689941406,BEL.NS,2025-06-10
390.32891845703125,BEL.NS,2025-06-11
384.8648986816406,BEL.NS,2025-06-12
391.62042236328125,BEL.NS,2025-06-13
401.207275390625,BEL.NS,2025-06-16
399.12103271484375,BEL.NS,2025-06-17
397.8791809082031,BEL.NS,2025-06-18
395.9419250488281,BEL.NS,2025-06-19
405.5784912109375,BEL.NS,2025-06-20
418.1457214355469,BEL.NS,2025-06-23
415.76141357421875,BEL.NS,2025-06-24
403.3928527832031,BEL.NS,2025-06-25
407.4163818359375,BEL.NS,2025-06-26
411.78759765625,BEL.NS,2025-06-27
418.74176025390625,BEL.NS,2025-06-30
429.4214172363281,BEL.NS,2025-07-01
424.1561279296875,BEL.NS,2025-07-02
423.4606628417969,BEL.NS,2025-07-03
424.7521667480469,BEL.NS,2025-07-04
414.37054443359375,BEL.NS,2025-07-07
419.2384948730469,BEL.NS,2025-07-08
414.9169616699219,BEL.NS,2025-07-09
410.7940979003906,BEL.NS,2025-07-10
406.6216125488281,BEL.NS,2025-07-11
404.63470458984375,BEL.NS,2025-07-14
406.2738952636719,BEL.NS,2025-07-15
403.4921875,BEL.NS,2025-07-16
401.55499267578125,BEL.NS,2025-07-17
392.16680908203125,BEL.NS,2025-07-18
397.33282470703125,BEL.NS,2025-07-21
400.4621887207031,BEL.NS,2025-07-22
397.5811767578125,BEL.NS,2025-07-23
395.6439208984375,BEL.NS,2025-07-24
392.6138610839844,BEL.NS,2025-07-25
386.70281982421875,BEL.NS,2025-07-28
385.7093505859375,BEL.NS,2025-07-29
383.9707946777344,BEL.NS,2025-07-30
380.5930480957031,BEL.NS,2025-07-31
374.731689453125,BEL.NS,2025-08-01
387.0008239746094,BEL.NS,2025-08-04
384.11981201171875,BEL.NS,2025-08-05
387.1498718261719,BEL.NS,2025-08-06
385.2126159667969,BEL.NS,2025-08-07
382.083251953125,BEL.NS,2025-08-08
381.3878173828125,BEL.NS,2025-08-11
377.8610534667969,BEL.NS,2025-08-12
386.3054504394531,BEL.NS,2025-08-13
383.2683410644531,BEL.NS,2025-08-14
380.8785400390625,BEL.NS,2025-08-18
378.43890380859375,BEL.NS,2025-08-19
370.273681640625,BEL.NS,2025-08-20
372.6137390136719,BEL.NS,2025-08-21
373.2609558105469,BEL.NS,2025-08-22
370.4728088378906,BEL.NS,2025-08-25
364.2991027832031,BEL.NS,2025-08-26
362.3075866699219,BEL.NS,2025-08-28
367.83404541015625,BEL.NS,2025-08-29
372.3149719238281,BEL.NS,2025-09-01
375.0035400390625,BEL.NS,2025-09-02
377.0946350097656,BEL.NS,2025-09-03
370.9209289550781,BEL.NS,2025-09-04
369.2281188964844,BEL.NS,2025-09-05
370.3234558105469,BEL.NS,2025-09-08
370.3732604980469,BEL.NS,2025-09-09
386.4049987792969,BEL.NS,2025-09-10
383.5173034667969,BEL.NS,2025-09-11
397.6072998046875,BEL.NS,2025-09-12
396.76092529296875,BEL.NS,2025-09-15
401.1920471191406,BEL.NS,2025-09-16
410.45263671875,BEL.NS,2025-09-17
408.1623840332031,BEL.NS,2025-09-18
407.1665954589844,BEL.NS,2025-09-19
404.6772155761719,BEL.NS,2025-09-22
402.7355041503906,BEL.NS,2025-09-23
393.7736511230469,BEL.NS,2025-09-24
401.44097900390625,BEL.NS,2025-09-25
394.2217102050781,BEL.NS,2025-09-26
398.25457763671875,BEL.NS,2025-09-29
402.23760986328125,BEL.NS,2025-09-30
404.77679443359375,BEL.NS,2025-10-01
410.9007263183594,BEL.NS,2025-10-03
411.4981689453125,BEL.NS,2025-10-06
408.5606689453125,BEL.NS,2025-10-07
401.9388732910156,BEL.NS,2025-10-08
407.6147155761719,BEL.NS,2025-10-09
411.7471008300781,BEL.NS,2025-10-10
407.66448974609375,BEL.NS,2025-10-13
400.69415283203125,BEL.NS,2025-10-14
406.3700256347656,BEL.NS,2025-10-15
410.0543212890625,BEL.NS,2025-10-16
411.0500793457031,BEL.NS,2025-10-17
414.7344055175781,BEL.NS,2025-10-20
415.9293212890625,BEL.NS,2025-10-21
416.8752746582031,BEL.NS,2025-10-23
420.2608642578125,BEL.NS,2025-10-24
413.3901062011719,BEL.NS,2025-10-27
411.7969055175781,BEL.NS,2025-10-28
405.4738464355469,BEL.NS,2025-10-29
408.1623840332031,BEL.NS,2025-10-30
424.293701171875,BEL.NS,2025-10-31
420.5097961425781,BEL.NS,2025-11-03
413.3901062011719,BEL.NS,2025-11-04
407.0670166015625,BEL.NS,2025-11-06
412.4939270019531,BEL.NS,2025-11-07
415.0829162597656,BEL.NS,2025-11-10
425.4886169433594,BEL.NS,2025-11-11
422.9494323730469,BEL.NS,2025-11-12
418.0203857421875,BEL.NS,2025-11-13
425.04052734375,BEL.NS,2025-11-14
422.7502746582031,BEL.NS,2025-11-17
419.1157531738281,BEL.NS,2025-11-18
421.406005859375,BEL.NS,2025-11-19
421.20684814453125,BEL.NS,2025-11-20
414.5850524902344,BEL.NS,2025-11-21
402.0882263183594,BEL.NS,2025-11-24
408.5108947753906,BEL.NS,2025-11-25
413.5394592285156,BEL.NS,2025-11-26
411.29901123046875,BEL.NS,2025-11-27
410.0045471191406,BEL.NS,2025-11-28
415.4812316894531,BEL.NS,2025-12-01
411.29901123046875,BEL.NS,2025-12-02
402.23760986328125,BEL.NS,2025-12-03
405.4240417480469,BEL.NS,2025-12-04
405.1750793457031,BEL.NS,2025-12-05
384.7619934082031,BEL.NS,2025-12-08
387.799072265625,BEL.NS,2025-12-09
385.7079772949219,BEL.NS,2025-12-10
385.8573303222656,BEL.NS,2025-12-11
387.799072265625,BEL.NS,2025-12-12
389.09356689453125,BEL.NS,2025-12-15
386.355224609375,BEL.NS,2025-12-16
383.96539306640625,BEL.NS,2025-12-17
381.82452392578125,BEL.NS,2025-12-18
391.1846618652344,BEL.NS,2025-12-19
397.2588195800781,BEL.NS,2025-12-22
397.7068786621094,BEL.NS,2025-12-23
398.3043518066406,BEL.NS,2025-12-24
396.76092529296875,BEL.NS,2025-12-26
391.58294677734375,BEL.NS,2025-12-29
391.6327209472656,BEL.NS,2025-12-30
397.9060363769531,BEL.NS,2025-12-31
396.01409912109375,BEL.NS,2026-01-01
401.44097900390625,BEL.NS,2026-01-02
412.04583740234375,BEL.NS,2026-01-05
411.34881591796875,BEL.NS,2026-01-06
413.88800048828125,BEL.NS,2026-01-07
413.88800048828125,BEL.NS,2026-01-08
416.8752746582031,BEL.NS,2026-01-09
415.9293212890625,BEL.NS,2026-01-12
411.9462890625,BEL.NS,2026-01-13
415.8297424316406,BEL.NS,2026-01-14
415.8297424316406,BEL.NS,2026-01-15
408.5108947753906,BEL.NS,2026-01-16
411.0500793457031,BEL.NS,2026-01-19
407.6147155761719,BEL.NS,2026-01-20
400.943115234375,BEL.NS,2026-01-21
415.531005859375,BEL.NS,2026-01-22
408.958984375,BEL.NS,2026-01-23
414.1867370605469,BEL.NS,2026-01-27
451.0796813964844,BEL.NS,2026-01-28
442.6156921386719,BEL.NS,2026-01-29
447.09661865234375,BEL.NS,2026-01-30
437.23858642578125,BEL.NS,2026-02-02
437.0892333984375,BEL.NS,2026-02-03
437.33819580078125,BEL.NS,2026-02-04
431.06488037109375,BEL.NS,2026-02-05
427.8286437988281,BEL.NS,2026-02-06
435.4461975097656,BEL.NS,2026-02-09
435.4461975097656,BEL.NS,2026-02-10
435.6951599121094,BEL.NS,2026-02-11
442.01824951171875,BEL.NS,2026-02-12
433.7036437988281,BEL.NS,2026-02-13
436.14324951171875,BEL.NS,2026-02-16
444.95574951171875,BEL.NS,2026-02-17
445.8021545410156,BEL.NS,2026-02-18
433.5044860839844,BEL.NS,2026-02-19
439.2799072265625,BEL.NS,2026-02-20
437.8858337402344,BEL.NS,2026-02-23
433.20574951171875,BEL.NS,2026-02-24
437.437744140625,BEL.NS,2026-02-25
447.1463928222656,BEL.NS,2026-02-26
442.81488037109375,BEL.NS,2026-02-27
452.0256652832031,BEL.NS,2026-03-02
444.95574951171875,BEL.NS,2026-03-04
458.04998779296875,BEL.NS,2026-03-05
468.45001220703125,BEL.NS,2026-03-06
457.3500061035156,BEL.NS,2026-03-09
463.3500061035156,BEL.NS,2026-03-10
454.1000061035156,BEL.NS,2026-03-11
453.54998779296875,BEL.NS,2026-03-12
439.3999938964844,BEL.NS,2026-03-13
429.5,BEL.NS,2026-03-16
439.3500061035156,BEL.NS,2026-03-17
442.6000061035156,BEL.NS,2026-03-18
430.79998779296875,BEL.NS,2026-03-19
426.1000061035156,BEL.NS,2026-03-20
405.5,BEL.NS,2026-03-23
414.45001220703125,BEL.NS,2026-03-24
413.45001220703125,BEL.NS,2026-03-25
404.75,BEL.NS,2026-03-27
400.6499938964844,BEL.NS,2026-03-30
418.70001220703125,BEL.NS,2026-04-01
421.6000061035156,BEL.NS,2026-04-02
427.1499938964844,BEL.NS,2026-04-06
427.79998779296875,BEL.NS,2026-04-07
433.1000061035156,BEL.NS,2026-04-08
439.75,BEL.NS,2026-04-09
442.45001220703125,BEL.NS,2026-04-10
441.54998779296875,BEL.NS,2026-04-13
447.6499938964844,BEL.NS,2026-04-15
455.6499938964844,BEL.NS,2026-04-16
462.75,BEL.NS,2026-04-17
457.54998779296875,BEL.NS,2026-04-20
451.5,BEL.NS,2026-04-21
448.70001220703125,BEL.NS,2026-04-22
449.95001220703125,BEL.NS,2026-04-23
444.45001220703125,BEL.NS,2026-04-24
435.6000061035156,BEL.NS,2026-04-27
435.75,BEL.NS,2026-04-28
437.54998779296875,BEL.NS,2026-04-29
431.29998779296875,BEL.NS,2026-04-30
431.29998779296875,BEL.NS,2026-05-01
433.54998779296875,BEL.NS,2026-05-04
433.3500061035156,BEL.NS,2026-05-05
438.20001220703125,BEL.NS,2026-05-06
439.45001220703125,BEL.NS,2026-05-07
439.70001220703125,BEL.NS,2026-05-08
431.95001220703125,BEL.NS,2026-05-11
416.5,BEL.NS,2026-05-12
428.25,BEL.NS,2026-05-13
428.8500061035156,BEL.NS,2026-05-14
423.6499938964844,BEL.NS,2026-05-15
426.6000061035156,BEL.NS,2026-05-18
422.95001220703125,BEL.NS,2026-05-19
413.29998779296875,BEL.NS,2026-05-20
420.3999938964844,BEL.NS,2026-05-21
416.54998779296875,BEL.NS,2026-05-22
421.8500061035156,BEL.NS,2026-05-25
420.1000061035156,BEL.NS,2026-05-26
419.1000061035156,BEL.NS,2026-05-27
419.1000061035156,BEL.NS,2026-05-28
410.75,BEL.NS,2026-05-29
407.20001220703125,BEL.NS,2026-06-01
407.8500061035156,BEL.NS,2026-06-02
406.6000061035156,BEL.NS,2026-06-03
409.8999938964844,BEL.NS,2026-06-04
408.20001220703125,BEL.NS,2026-06-05
412.95001220703125,BEL.NS,2026-06-08
412.04998779296875,BEL.NS,2026-06-09
408.3500061035156,BEL.NS,2026-06-10
402.29998779296875,BEL.NS,2026-06-11
406.5,BEL.NS,2026-06-12
409.54998779296875,BEL.NS,2026-06-15
407.54998779296875,BEL.NS,2026-06-16
419.8500061035156,BEL.NS,2026-06-17
428.6000061035156,BEL.NS,2026-06-18
426.8999938964844,BEL.NS,2026-06-19
431.5,BEL.NS,2026-06-22
420.0,BEL.NS,2026-06-23
413.54998779296875,BEL.NS,2026-06-24
407.20001220703125,BEL.NS,2026-06-25
407.20001220703125,BEL.NS,2026-06-26
411.6000061035156,BEL.NS,2026-06-29
